[NX v22.6.4 Daemon Client] - 2026-04-10T13:36:55.274Z - [Client] Starting new daemon server in background
[NX v22.6.4 Daemon Client] - 2026-04-10T13:36:55.282Z - [Client] Waiting for server (max: 6000 attempts, 10ms interval)
[NX v22.6.4 Daemon Server] - 2026-04-10T13:36:55.945Z - New daemon starting from: c:\Users\frontend_coder\Documents\projects\ai-job-seek-helper\app\careerforgeai\node_modules\nx\src\daemon\server\server.js
[NX v22.6.4 Daemon Server] - 2026-04-10T13:36:55.946Z - New daemon __dirname: c:\Users\frontend_coder\Documents\projects\ai-job-seek-helper\app\careerforgeai\node_modules\nx\src\daemon\server
[NX v22.6.4 Daemon Server] - 2026-04-10T13:36:55.946Z - New daemon nxVersion: 22.6.4
[NX v22.6.4 Daemon Server] - 2026-04-10T13:36:55.946Z - New daemon getInstalledNxVersion(): 22.6.4
[NX v22.6.4 Daemon Server] - 2026-04-10T13:36:55.947Z - Time taken for 'workspace context init' 1.018199999999979ms
[NX v22.6.4 Daemon Server] - 2026-04-10T13:36:55.949Z - [Server] Starting outdated check interval (20ms)
[NX v22.6.4 Daemon Server] - 2026-04-10T13:36:55.950Z - Started listening on: \\.\pipe\nx\C:\Users\FRONTE~1\AppData\Local\Temp\204ad601d7b4ee1c2b7d\d.sock
[NX v22.6.4 Daemon Server] - 2026-04-10T13:36:55.952Z - [WATCHER]: Subscribed to changes within: c:\Users\frontend_coder\Documents\projects\ai-job-seek-helper\app\careerforgeai (native)
[NX v22.6.4 Daemon Server] - 2026-04-10T13:36:55.953Z - [LATEST-NX]: Pulling latest Nx...
Fetching nx...
[NX v22.6.4 Daemon Client] - 2026-04-10T13:36:55.957Z - [Client] Server available after 43 attempts
[NX v22.6.4 Daemon Client] - 2026-04-10T13:36:55.958Z - [Client] Daemon server started, pid=20084
[NX v22.6.4 Daemon Client] - 2026-04-10T13:36:55.988Z - [Messenger] Setting up socket listeners
[NX v22.6.4 Daemon Client] - 2026-04-10T13:36:55.989Z - [Messenger] listen() complete
[NX v22.6.4 Daemon Client] - 2026-04-10T13:36:55.991Z - [Messenger] Sending message type: REQUEST_PROJECT_GRAPH
[NX v22.6.4 Daemon Client] - 2026-04-10T13:36:55.991Z - [Messenger] Message sent
[NX v22.6.4 Daemon Server] - 2026-04-10T13:36:56.131Z - [AI-AGENTS]: Starting agent configuration status computation
[NX v22.6.4 Daemon Server] - 2026-04-10T13:36:56.161Z - Established a connection. Number of open connections: 1
[NX v22.6.4 Daemon Server] - 2026-04-10T13:36:56.161Z - Established a connection. Number of open connections: 2
[NX v22.6.4 Daemon Server] - 2026-04-10T13:36:56.161Z - Established a connection. Number of open connections: 3
[NX v22.6.4 Daemon Server] - 2026-04-10T13:36:56.163Z - Time taken for 'loadSpecifiedNxPlugins' 23.817300000000046ms
[NX v22.6.4 Daemon Server] - 2026-04-10T13:36:56.163Z - Closed a connection. Number of open connections: 2
[NX v22.6.4 Daemon Server] - 2026-04-10T13:36:56.163Z - Closed a connection. Number of open connections: 1
[NX v22.6.4 Daemon Server] - 2026-04-10T13:36:56.193Z - Received raw message of length 32
[NX v22.6.4 Daemon Server] - 2026-04-10T13:36:56.193Z - Received json message of type REQUEST_PROJECT_GRAPH
[NX v22.6.4 Daemon Server] - 2026-04-10T13:36:56.193Z - [REQUEST]: Client Request for Project Graph Received
Time taken for 'plugin worker 28816 code loading' 158.258ms
Time taken for 'plugin worker 1096 code loading' 158.3338ms
Time taken for 'plugin worker 6192 code loading' 158.388ms
[NX v22.6.4 Daemon Server] - 2026-04-10T13:36:56.365Z - Time taken for 'start-plugin-worker:c:\Users\frontend_coder\Documents\projects\ai-job-seek-helper\app\careerforgeai\node_modules\nx\src\plugins\js' 228.93090000000007ms
[NX v22.6.4 Daemon Server] - 2026-04-10T13:36:56.365Z - Time taken for 'start-plugin-worker:c:\Users\frontend_coder\Documents\projects\ai-job-seek-helper\app\careerforgeai\node_modules\nx\src\plugins\package-json' 221.22059999999988ms
[NX v22.6.4 Daemon Server] - 2026-04-10T13:36:56.365Z - Time taken for 'start-plugin-worker:c:\Users\frontend_coder\Documents\projects\ai-job-seek-helper\app\careerforgeai\node_modules\nx\src\plugins\project-json\build-nodes\project-json' 212.86980000000005ms
[NX v22.6.4 Daemon Server] - 2026-04-10T13:36:56.475Z - Time taken for 'Load Nx Plugin: c:\Users\frontend_coder\Documents\projects\ai-job-seek-helper\app\careerforgeai\node_modules\nx\src\plugins\project-json\build-nodes\project-json' 340.21349999999995ms
[NX v22.6.4 Daemon Server] - 2026-04-10T13:36:56.508Z - Time taken for 'Load Nx Plugin: c:\Users\frontend_coder\Documents\projects\ai-job-seek-helper\app\careerforgeai\node_modules\nx\src\plugins\package-json' 372.82820000000004ms
[NX v22.6.4 Daemon Server] - 2026-04-10T13:36:56.741Z - [REQUEST]: Updated workspace context based on watched changes, recomputing project graph...
[NX v22.6.4 Daemon Server] - 2026-04-10T13:36:56.741Z - [REQUEST]: 
[NX v22.6.4 Daemon Server] - 2026-04-10T13:36:56.741Z - [REQUEST]: 
[NX v22.6.4 Daemon Server] - 2026-04-10T13:36:56.743Z - Reusing in-memory cached project graph because no files changed.
[NX v22.6.4 Daemon Server] - 2026-04-10T13:36:56.748Z - Time taken for 'loadDefaultNxPlugins' 606.84ms
[NX v22.6.4 Daemon Server] - 2026-04-10T13:36:56.748Z - Time taken for 'Load Nx Plugin: c:\Users\frontend_coder\Documents\projects\ai-job-seek-helper\app\careerforgeai\node_modules\nx\src\plugins\js' 606.5219999999999ms
[NX v22.6.4 Daemon Server] - 2026-04-10T13:36:56.748Z - Time taken for 'hash changed files from watcher' 0.45090000000004693ms
[NX v22.6.4 Daemon Server] - 2026-04-10T13:36:56.827Z - Time taken for 'build-project-configs' 67.46659999999997ms
[NX v22.6.4 Daemon Server] - 2026-04-10T13:36:56.827Z - Time taken for 'createNodes:merge' 39.77170000000001ms
[NX v22.6.4 Daemon Server] - 2026-04-10T13:36:56.827Z - Time taken for 'native-file-deps' 0.0040999999998803105ms
[NX v22.6.4 Daemon Server] - 2026-04-10T13:36:56.828Z - Time taken for 'get-workspace-files' 0.6569999999999254ms
[NX v22.6.4 Daemon Server] - 2026-04-10T13:36:56.828Z - Time taken for 'get-all-workspace-files' 8.225799999999936ms
[NX v22.6.4 Daemon Server] - 2026-04-10T13:36:56.828Z - Time taken for 'read cache' 0.23240000000009786ms
Time taken for 'nx/js/dependencies-and-lockfile:createNodes' 18.749400000000037ms
[NX v22.6.4 Daemon Server] - 2026-04-10T13:36:57.134Z - [SYNC]: collect registered sync generators
[NX v22.6.4 Daemon Server] - 2026-04-10T13:36:57.141Z - Wrote project graph cache to c:\Users\frontend_coder\Documents\projects\ai-job-seek-helper\app\careerforgeai\.nx\workspace-data\project-graph.json
[NX v22.6.4 Daemon Server] - 2026-04-10T13:36:57.141Z - Serializing response for REQUEST_PROJECT_GRAPH message in json mode
[NX v22.6.4 Daemon Server] - 2026-04-10T13:36:57.141Z - Responding to REQUEST_PROJECT_GRAPH message
[NX v22.6.4 Daemon Server] - 2026-04-10T13:36:57.141Z - [REQUEST]: Responding to the client. project-graph
[NX v22.6.4 Daemon Server] - 2026-04-10T13:36:57.142Z - Time taken for 'total for creating and serializing project graph' 947.8032000000001ms
[NX v22.6.4 Daemon Server] - 2026-04-10T13:36:57.142Z - Time taken for 'total execution time for createProjectGraph()' 311.8867ms
[NX v22.6.4 Daemon Server] - 2026-04-10T13:36:57.142Z - Time taken for 'createDependencies' 305.05960000000005ms
[NX v22.6.4 Daemon Server] - 2026-04-10T13:36:57.142Z - Time taken for 'nx/js/dependencies-and-lockfile:createDependencies' 304.91139999999996ms
[NX v22.6.4 Daemon Server] - 2026-04-10T13:36:57.142Z - Time taken for 'createMetadata' 0.03939999999988686ms
[NX v22.6.4 Daemon Server] - 2026-04-10T13:36:57.142Z - Time taken for 'serialize graph' 2.153400000000147ms
[NX v22.6.4 Daemon Server] - 2026-04-10T13:36:57.142Z - Time taken for 'write cache' 6.202399999999898ms
[NX v22.6.4 Daemon Client] - 2026-04-10T13:36:57.143Z - [Messenger] Received message, length: 633991
[NX v22.6.4 Daemon Server] - 2026-04-10T13:36:57.145Z - Done responding to the client project-graph
[NX v22.6.4 Daemon Server] - 2026-04-10T13:36:57.145Z - Handled json message REQUEST_PROJECT_GRAPH. Handling time: 948. Response time: 4.
[NX v22.6.4 Daemon Client] - 2026-04-10T13:36:57.148Z - [Messenger] Sending message type: GET_CONTEXT_FILE_DATA
[NX v22.6.4 Daemon Client] - 2026-04-10T13:36:57.149Z - [Messenger] Message sent
[NX v22.6.4 Daemon Server] - 2026-04-10T13:36:57.149Z - Received raw message of length 32
[NX v22.6.4 Daemon Server] - 2026-04-10T13:36:57.150Z - Received json message of type GET_CONTEXT_FILE_DATA
[NX v22.6.4 Daemon Server] - 2026-04-10T13:36:57.150Z - Serializing response for GET_CONTEXT_FILE_DATA message in json mode
[NX v22.6.4 Daemon Server] - 2026-04-10T13:36:57.150Z - Responding to GET_CONTEXT_FILE_DATA message
[NX v22.6.4 Daemon Server] - 2026-04-10T13:36:57.150Z - [REQUEST]: Responding to the client. handleContextFileData
[NX v22.6.4 Daemon Server] - 2026-04-10T13:36:57.150Z - Done responding to the client handleContextFileData
[NX v22.6.4 Daemon Server] - 2026-04-10T13:36:57.150Z - Handled json message GET_CONTEXT_FILE_DATA. Handling time: 0. Response time: 0.
[NX v22.6.4 Daemon Client] - 2026-04-10T13:36:57.151Z - [Messenger] Received message, length: 26933
[NX v22.6.4 Daemon Server] - 2026-04-10T13:37:00.565Z - [LATEST-NX]: Successfully pulled latest Nx to C:\Users\FRONTE~1\AppData\Local\Temp\tmp-20084-KoBDiKNCX3EW
[NX v22.6.4 Daemon Client] - 2026-04-10T13:37:01.107Z - [Messenger] Setting up socket listeners
[NX v22.6.4 Daemon Client] - 2026-04-10T13:37:01.107Z - [Messenger] listen() complete
[NX v22.6.4 Daemon Client] - 2026-04-10T13:37:01.107Z - [Messenger] Sending message type: REGISTER_PROJECT_GRAPH_LISTENER
[NX v22.6.4 Daemon Client] - 2026-04-10T13:37:01.108Z - [Messenger] Message sent
[NX v22.6.4 Daemon Server] - 2026-04-10T13:37:03.058Z - [NX-CONSOLE]: Using local implementation (NX_USE_LOCAL=true or inner call)
DEBUG nx::native::ide::install: Detected editor: Unknown
[NX v22.6.4 Daemon Server] - 2026-04-10T13:37:03.060Z - Established a connection. Number of open connections: 2
[NX v22.6.4 Daemon Server] - 2026-04-10T13:37:03.060Z - Established a connection. Number of open connections: 3
[NX v22.6.4 Daemon Server] - 2026-04-10T13:37:03.060Z - [NX-CONSOLE]: Console status check completed, shouldPrompt: false
[NX v22.6.4 Daemon Server] - 2026-04-10T13:37:03.060Z - Closed a connection. Number of open connections: 2
[NX v22.6.4 Daemon Server] - 2026-04-10T13:37:03.060Z - Received raw message of length 42
[NX v22.6.4 Daemon Server] - 2026-04-10T13:37:03.060Z - Received json message of type REGISTER_PROJECT_GRAPH_LISTENER
DEBUG nx::native::ide::install: Editor command 'code.cmd' is installed
DEBUG nx::native::ide::install: Editor command 'code-insiders.cmd' not found
DEBUG nx::native::ide::install: Checking if Nx Console extension is installed with: code.cmd --list-extensions
DEBUG nx::native::ide::install: Nx Console extension is not installed
DEBUG nx::native::ide::install: Editor command 'cursor.cmd' is installed
DEBUG nx::native::ide::install: Checking if Nx Console extension is installed with: cursor.cmd --list-extensions
DEBUG nx::native::ide::install: Nx Console extension is not installed
[NX v22.6.4 Daemon Server] - 2026-04-10T13:37:04.987Z - [AI-AGENTS]: Agent configuration status computation completed: 0 fully configured, 0 outdated, 0 partially configured, 6 non-configured
[NX v22.6.4 Daemon Server] - 2026-04-10T13:55:36.808Z - [WATCHER]: firebase-debug.log was created or restored
[NX v22.6.4 Daemon Server] - 2026-04-10T13:55:36.809Z - [SYNC]: clearing sync generators cache due to file changes
[NX v22.6.4 Daemon Server] - 2026-04-10T13:55:36.809Z - [WATCHER]: Processing file changes in outputs
[NX v22.6.4 Daemon Server] - 2026-04-10T13:55:36.870Z - [WATCHER]: Processing file changes in outputs
[NX v22.6.4 Daemon Server] - 2026-04-10T13:55:36.871Z - [WATCHER]: firebase-debug.log was modified
[NX v22.6.4 Daemon Server] - 2026-04-10T13:55:36.871Z - [SYNC]: clearing sync generators cache due to file changes
[NX v22.6.4 Daemon Server] - 2026-04-10T13:55:36.933Z - [REQUEST]: Updated workspace context based on watched changes, recomputing project graph...
[NX v22.6.4 Daemon Server] - 2026-04-10T13:55:36.933Z - [REQUEST]: firebase-debug.log
[NX v22.6.4 Daemon Server] - 2026-04-10T13:55:36.933Z - [REQUEST]: 
[NX v22.6.4 Daemon Server] - 2026-04-10T13:55:36.955Z - [WATCHER]: Processing file changes in outputs
[NX v22.6.4 Daemon Server] - 2026-04-10T13:55:36.956Z - [WATCHER]: firebase-debug.log was modified
[NX v22.6.4 Daemon Server] - 2026-04-10T13:55:36.956Z - [SYNC]: clearing sync generators cache due to file changes
[NX v22.6.4 Daemon Server] - 2026-04-10T13:55:36.956Z - Time taken for 'hash changed files from watcher' 12.37320000003092ms
Time taken for 'plugin worker 19848 code loading' 160.69260000000003ms
Time taken for 'plugin worker 15336 code loading' 151.71339999999998ms
Time taken for 'plugin worker 8788 code loading' 154.2022ms
[NX v22.6.4 Daemon Server] - 2026-04-10T13:55:37.153Z - Time taken for 'start-plugin-worker:nx/js/dependencies-and-lockfile' 216.62770000007004ms
[NX v22.6.4 Daemon Server] - 2026-04-10T13:55:37.153Z - Time taken for 'start-plugin-worker:nx/core/package-json' 210.39230000018142ms
[NX v22.6.4 Daemon Server] - 2026-04-10T13:55:37.153Z - Time taken for 'start-plugin-worker:nx/core/project-json' 203.02110000001267ms
[NX v22.6.4 Daemon Server] - 2026-04-10T13:55:37.168Z - [REQUEST]: Updated workspace context based on watched changes, recomputing project graph...
[NX v22.6.4 Daemon Server] - 2026-04-10T13:55:37.168Z - [REQUEST]: firebase-debug.log
[NX v22.6.4 Daemon Server] - 2026-04-10T13:55:37.168Z - [REQUEST]: 
[NX v22.6.4 Daemon Server] - 2026-04-10T13:55:37.171Z - Time taken for 'hash changed files from watcher' 0.423600000096485ms
Time taken for 'nx/core/project-json:createNodes' 0.717899999999986ms
Time taken for 'nx/core/package-json:createNodes' 1.2227000000000317ms
Time taken for 'nx/core/package-json:createNodes' 1.350500000000011ms
[NX v22.6.4 Daemon Server] - 2026-04-10T13:55:37.282Z - Time taken for 'build-project-configs' 112.02750000008382ms
[NX v22.6.4 Daemon Server] - 2026-04-10T13:55:37.282Z - Time taken for 'createNodes:merge' 1.1762999999336898ms
Time taken for 'nx/js/dependencies-and-lockfile:createNodes' 6.381500000000017ms
Time taken for 'nx/js/dependencies-and-lockfile:createNodes' 6.472100000000012ms
[NX v22.6.4 Daemon Server] - 2026-04-10T13:55:37.291Z - Time taken for 'build-project-configs' 115.24619999993593ms
[NX v22.6.4 Daemon Server] - 2026-04-10T13:55:37.291Z - Time taken for 'createNodes:merge' 0.712400000076741ms
[NX v22.6.4 Daemon Server] - 2026-04-10T13:55:37.291Z - Time taken for 'get-all-workspace-files' 0.060800000093877316ms
[NX v22.6.4 Daemon Server] - 2026-04-10T13:55:37.311Z - [SYNC]: collect registered sync generators
[NX v22.6.4 Daemon Server] - 2026-04-10T13:55:37.311Z - [SYNC]: project graph hash is the same, not collecting task sync generators
[NX v22.6.4 Daemon Server] - 2026-04-10T13:55:37.311Z - [SYNC]: nx.json hash is the same, not collecting global sync generators
[NX v22.6.4 Daemon Server] - 2026-04-10T13:55:37.311Z - Serializing response for PROJECT_GRAPH_UPDATED message in json mode
[NX v22.6.4 Daemon Server] - 2026-04-10T13:55:37.313Z - Responding to PROJECT_GRAPH_UPDATED message
[NX v22.6.4 Daemon Server] - 2026-04-10T13:55:37.313Z - [REQUEST]: Responding to the client. Project graph updated
[NX v22.6.4 Daemon Server] - 2026-04-10T13:55:37.314Z - [SYNC]: collect registered sync generators
[NX v22.6.4 Daemon Server] - 2026-04-10T13:55:37.314Z - [SYNC]: project graph hash is the same, not collecting task sync generators
[NX v22.6.4 Daemon Server] - 2026-04-10T13:55:37.314Z - [SYNC]: nx.json hash is the same, not collecting global sync generators
[NX v22.6.4 Daemon Server] - 2026-04-10T13:55:37.314Z - Serializing response for PROJECT_GRAPH_UPDATED message in json mode
[NX v22.6.4 Daemon Client] - 2026-04-10T13:55:37.315Z - [Messenger] Received message, length: 633984
[NX v22.6.4 Daemon Server] - 2026-04-10T13:55:37.316Z - Responding to PROJECT_GRAPH_UPDATED message
[NX v22.6.4 Daemon Server] - 2026-04-10T13:55:37.316Z - [REQUEST]: Responding to the client. Project graph updated
[NX v22.6.4 Daemon Server] - 2026-04-10T13:55:37.316Z - Time taken for 'total execution time for createProjectGraph()' 23.056099999928847ms
[NX v22.6.4 Daemon Server] - 2026-04-10T13:55:37.316Z - Time taken for 'createDependencies' 18.312699999893084ms
[NX v22.6.4 Daemon Server] - 2026-04-10T13:55:37.316Z - Time taken for 'nx/js/dependencies-and-lockfile:createDependencies' 18.229199999943376ms
[NX v22.6.4 Daemon Server] - 2026-04-10T13:55:37.316Z - Time taken for 'createMetadata' 0.019800000125542283ms
[NX v22.6.4 Daemon Server] - 2026-04-10T13:55:37.316Z - Time taken for 'serialize graph' 2.4226999999955297ms
[NX v22.6.4 Daemon Server] - 2026-04-10T13:55:37.318Z - Done responding to the client Project graph updated
[NX v22.6.4 Daemon Server] - 2026-04-10T13:55:37.318Z - Handled json message PROJECT_GRAPH_UPDATED. Handling time: 0. Response time: 7.
[NX v22.6.4 Daemon Server] - 2026-04-10T13:55:37.318Z - Done responding to the client Project graph updated
[NX v22.6.4 Daemon Server] - 2026-04-10T13:55:37.318Z - Handled json message PROJECT_GRAPH_UPDATED. Handling time: 0. Response time: 4.
[NX v22.6.4 Daemon Client] - 2026-04-10T13:55:37.319Z - [Messenger] Received message, length: 633984
[NX v22.6.4 Daemon Server] - 2026-04-10T13:55:37.947Z - [WATCHER]: firebase-debug.log was modified
[NX v22.6.4 Daemon Server] - 2026-04-10T13:55:37.947Z - [SYNC]: clearing sync generators cache due to file changes
[NX v22.6.4 Daemon Server] - 2026-04-10T13:55:37.947Z - [WATCHER]: Processing file changes in outputs
[NX v22.6.4 Daemon Server] - 2026-04-10T13:55:38.307Z - [WATCHER]: firebase-debug.log was modified
[NX v22.6.4 Daemon Server] - 2026-04-10T13:55:38.307Z - [SYNC]: clearing sync generators cache due to file changes
[NX v22.6.4 Daemon Server] - 2026-04-10T13:55:38.307Z - [WATCHER]: Processing file changes in outputs
[NX v22.6.4 Daemon Server] - 2026-04-10T13:55:38.342Z - Established a connection. Number of open connections: 3
[NX v22.6.4 Daemon Server] - 2026-04-10T13:55:38.343Z - Closed a connection. Number of open connections: 2
[NX v22.6.4 Daemon Client] - 2026-04-10T13:55:38.343Z - [Messenger] Sending message type: GET_CONTEXT_FILE_DATA
[NX v22.6.4 Daemon Client] - 2026-04-10T13:55:38.344Z - [Messenger] Message sent
[NX v22.6.4 Daemon Server] - 2026-04-10T13:55:38.345Z - Received raw message of length 32
[NX v22.6.4 Daemon Server] - 2026-04-10T13:55:38.345Z - Received json message of type GET_CONTEXT_FILE_DATA
[NX v22.6.4 Daemon Server] - 2026-04-10T13:55:38.346Z - Serializing response for GET_CONTEXT_FILE_DATA message in json mode
[NX v22.6.4 Daemon Server] - 2026-04-10T13:55:38.346Z - Responding to GET_CONTEXT_FILE_DATA message
[NX v22.6.4 Daemon Server] - 2026-04-10T13:55:38.346Z - [REQUEST]: Responding to the client. handleContextFileData
[NX v22.6.4 Daemon Server] - 2026-04-10T13:55:38.346Z - Done responding to the client handleContextFileData
[NX v22.6.4 Daemon Server] - 2026-04-10T13:55:38.346Z - Handled json message GET_CONTEXT_FILE_DATA. Handling time: 1. Response time: 0.
[NX v22.6.4 Daemon Client] - 2026-04-10T13:55:38.346Z - [Messenger] Received message, length: 26992
[NX v22.6.4 Daemon Server] - 2026-04-10T13:55:38.354Z - [REQUEST]: Updated workspace context based on watched changes, recomputing project graph...
[NX v22.6.4 Daemon Server] - 2026-04-10T13:55:38.354Z - [REQUEST]: firebase-debug.log
[NX v22.6.4 Daemon Server] - 2026-04-10T13:55:38.354Z - [REQUEST]: 
[NX v22.6.4 Daemon Server] - 2026-04-10T13:55:38.377Z - Time taken for 'hash changed files from watcher' 0.600499999942258ms
Time taken for 'plugin worker 33412 code loading' 159.3989ms
Time taken for 'plugin worker 26172 code loading' 156.2451ms
Time taken for 'plugin worker 23456 code loading' 154.93169999999998ms
[NX v22.6.4 Daemon Server] - 2026-04-10T13:55:38.569Z - Time taken for 'start-plugin-worker:nx/js/dependencies-and-lockfile' 213.59029999980703ms
[NX v22.6.4 Daemon Server] - 2026-04-10T13:55:38.569Z - Time taken for 'start-plugin-worker:nx/core/package-json' 206.18660000013188ms
[NX v22.6.4 Daemon Server] - 2026-04-10T13:55:38.569Z - Time taken for 'start-plugin-worker:nx/core/project-json' 199.09080000012182ms
[NX v22.6.4 Daemon Server] - 2026-04-10T13:55:38.598Z - Closed a connection. Number of open connections: 1
[NX v22.6.4 Daemon Client] - 2026-04-10T13:55:38.599Z - [ProjectGraphListener] Socket closed, triggering reconnection
[NX v22.6.4 Daemon Server] - 2026-04-10T13:55:38.601Z - Established a connection. Number of open connections: 2
[NX v22.6.4 Daemon Client] - 2026-04-10T13:55:38.602Z - [Messenger] Setting up socket listeners
[NX v22.6.4 Daemon Server] - 2026-04-10T13:55:38.602Z - Closed a connection. Number of open connections: 1
[NX v22.6.4 Daemon Server] - 2026-04-10T13:55:38.602Z - Established a connection. Number of open connections: 2
[NX v22.6.4 Daemon Client] - 2026-04-10T13:55:38.602Z - [Messenger] listen() complete
[NX v22.6.4 Daemon Client] - 2026-04-10T13:55:38.602Z - [Messenger] Sending message type: REGISTER_PROJECT_GRAPH_LISTENER
[NX v22.6.4 Daemon Client] - 2026-04-10T13:55:38.603Z - [Messenger] Message sent
[NX v22.6.4 Daemon Server] - 2026-04-10T13:55:38.603Z - Received raw message of length 42
[NX v22.6.4 Daemon Server] - 2026-04-10T13:55:38.604Z - Received json message of type REGISTER_PROJECT_GRAPH_LISTENER
[NX v22.6.4 Daemon Server] - 2026-04-10T13:55:38.696Z - Time taken for 'build-project-configs' 333.42210000008345ms
[NX v22.6.4 Daemon Server] - 2026-04-10T13:55:38.696Z - Time taken for 'createNodes:merge' 1.093800000147894ms
[NX v22.6.4 Daemon Server] - 2026-04-10T13:55:38.696Z - Time taken for 'get-all-workspace-files' 0.08749999990686774ms
Time taken for 'nx/js/dependencies-and-lockfile:createNodes' 8.824700000000007ms
[NX v22.6.4 Daemon Server] - 2026-04-10T13:55:38.717Z - [SYNC]: collect registered sync generators
[NX v22.6.4 Daemon Server] - 2026-04-10T13:55:38.717Z - [SYNC]: project graph hash is the same, not collecting task sync generators
[NX v22.6.4 Daemon Server] - 2026-04-10T13:55:38.717Z - [SYNC]: nx.json hash is the same, not collecting global sync generators
[NX v22.6.4 Daemon Server] - 2026-04-10T13:55:38.717Z - Serializing response for PROJECT_GRAPH_UPDATED message in json mode
[NX v22.6.4 Daemon Server] - 2026-04-10T13:55:38.719Z - Responding to PROJECT_GRAPH_UPDATED message
[NX v22.6.4 Daemon Server] - 2026-04-10T13:55:38.719Z - [REQUEST]: Responding to the client. Project graph updated
[NX v22.6.4 Daemon Server] - 2026-04-10T13:55:38.720Z - Time taken for 'total execution time for createProjectGraph()' 25.238899999996647ms
[NX v22.6.4 Daemon Server] - 2026-04-10T13:55:38.720Z - Time taken for 'createDependencies' 20.651099999900907ms
[NX v22.6.4 Daemon Server] - 2026-04-10T13:55:38.720Z - Time taken for 'nx/js/dependencies-and-lockfile:createDependencies' 20.562700000125915ms
[NX v22.6.4 Daemon Server] - 2026-04-10T13:55:38.720Z - Time taken for 'createMetadata' 0.0328999999910593ms
[NX v22.6.4 Daemon Server] - 2026-04-10T13:55:38.720Z - Time taken for 'serialize graph' 2.2591999999713153ms
[NX v22.6.4 Daemon Client] - 2026-04-10T13:55:38.721Z - [Messenger] Received message, length: 633984
[NX v22.6.4 Daemon Server] - 2026-04-10T13:55:38.722Z - Done responding to the client Project graph updated
[NX v22.6.4 Daemon Server] - 2026-04-10T13:55:38.722Z - Handled json message PROJECT_GRAPH_UPDATED. Handling time: 0. Response time: 5.
[NX v22.6.4 Daemon Server] - 2026-04-10T13:55:38.776Z - [WATCHER]: Processing file changes in outputs
[NX v22.6.4 Daemon Server] - 2026-04-10T13:55:38.776Z - [WATCHER]: 0 file(s) created or restored, 2 file(s) modified, 0 file(s) deleted
[NX v22.6.4 Daemon Server] - 2026-04-10T13:55:38.777Z - [SYNC]: clearing sync generators cache due to file changes
[NX v22.6.4 Daemon Server] - 2026-04-10T13:55:39.593Z - [REQUEST]: Updated workspace context based on watched changes, recomputing project graph...
[NX v22.6.4 Daemon Server] - 2026-04-10T13:55:39.593Z - [REQUEST]: firestore-debug.log,firebase-debug.log
[NX v22.6.4 Daemon Server] - 2026-04-10T13:55:39.593Z - [REQUEST]: 
[NX v22.6.4 Daemon Server] - 2026-04-10T13:55:39.618Z - Time taken for 'hash changed files from watcher' 0.5550999999977648ms
[NX v22.6.4 Daemon Server] - 2026-04-10T13:55:39.736Z - Established a connection. Number of open connections: 3
[NX v22.6.4 Daemon Client] - 2026-04-10T13:55:39.736Z - [Messenger] Sending message type: GET_CONTEXT_FILE_DATA
[NX v22.6.4 Daemon Server] - 2026-04-10T13:55:39.736Z - Closed a connection. Number of open connections: 2
[NX v22.6.4 Daemon Client] - 2026-04-10T13:55:39.737Z - [Messenger] Message sent
[NX v22.6.4 Daemon Server] - 2026-04-10T13:55:39.737Z - Received raw message of length 32
[NX v22.6.4 Daemon Server] - 2026-04-10T13:55:39.737Z - Received json message of type GET_CONTEXT_FILE_DATA
[NX v22.6.4 Daemon Server] - 2026-04-10T13:55:39.738Z - Serializing response for GET_CONTEXT_FILE_DATA message in json mode
[NX v22.6.4 Daemon Server] - 2026-04-10T13:55:39.738Z - Responding to GET_CONTEXT_FILE_DATA message
[NX v22.6.4 Daemon Server] - 2026-04-10T13:55:39.738Z - [REQUEST]: Responding to the client. handleContextFileData
[NX v22.6.4 Daemon Server] - 2026-04-10T13:55:39.738Z - Done responding to the client handleContextFileData
[NX v22.6.4 Daemon Server] - 2026-04-10T13:55:39.738Z - Handled json message GET_CONTEXT_FILE_DATA. Handling time: 1. Response time: 0.
[NX v22.6.4 Daemon Client] - 2026-04-10T13:55:39.738Z - [Messenger] Received message, length: 26992
Time taken for 'plugin worker 29476 code loading' 175.79819999999998ms
Time taken for 'plugin worker 36064 code loading' 178.4792ms
Time taken for 'plugin worker 25136 code loading' 173.7836ms
[NX v22.6.4 Daemon Server] - 2026-04-10T13:55:39.828Z - Time taken for 'start-plugin-worker:nx/js/dependencies-and-lockfile' 233.69680000003427ms
[NX v22.6.4 Daemon Server] - 2026-04-10T13:55:39.828Z - Time taken for 'start-plugin-worker:nx/core/package-json' 226.0730999999214ms
[NX v22.6.4 Daemon Server] - 2026-04-10T13:55:39.828Z - Time taken for 'start-plugin-worker:nx/core/project-json' 218.45329999993555ms
[NX v22.6.4 Daemon Server] - 2026-04-10T13:55:39.961Z - Time taken for 'build-project-configs' 361.66070000012405ms
[NX v22.6.4 Daemon Server] - 2026-04-10T13:55:39.961Z - Time taken for 'createNodes:merge' 1.8640999998897314ms
[NX v22.6.4 Daemon Server] - 2026-04-10T13:55:39.961Z - Time taken for 'get-all-workspace-files' 0.0625ms
Time taken for 'nx/js/dependencies-and-lockfile:createNodes' 9.927499999999952ms
[NX v22.6.4 Daemon Client] - 2026-04-10T13:55:39.966Z - [ProjectGraphListener] Socket closed, triggering reconnection
[NX v22.6.4 Daemon Server] - 2026-04-10T13:55:39.968Z - Closed a connection. Number of open connections: 1
[NX v22.6.4 Daemon Server] - 2026-04-10T13:55:39.971Z - Established a connection. Number of open connections: 2
[NX v22.6.4 Daemon Client] - 2026-04-10T13:55:39.971Z - [Messenger] Setting up socket listeners
[NX v22.6.4 Daemon Server] - 2026-04-10T13:55:39.971Z - Closed a connection. Number of open connections: 1
[NX v22.6.4 Daemon Server] - 2026-04-10T13:55:39.971Z - Established a connection. Number of open connections: 2
[NX v22.6.4 Daemon Client] - 2026-04-10T13:55:39.971Z - [Messenger] listen() complete
[NX v22.6.4 Daemon Client] - 2026-04-10T13:55:39.972Z - [Messenger] Sending message type: REGISTER_PROJECT_GRAPH_LISTENER
[NX v22.6.4 Daemon Client] - 2026-04-10T13:55:39.972Z - [Messenger] Message sent
[NX v22.6.4 Daemon Server] - 2026-04-10T13:55:39.973Z - Received raw message of length 42
[NX v22.6.4 Daemon Server] - 2026-04-10T13:55:39.973Z - Received json message of type REGISTER_PROJECT_GRAPH_LISTENER
[NX v22.6.4 Daemon Server] - 2026-04-10T13:55:39.985Z - [SYNC]: collect registered sync generators
[NX v22.6.4 Daemon Server] - 2026-04-10T13:55:39.985Z - [SYNC]: project graph hash is the same, not collecting task sync generators
[NX v22.6.4 Daemon Server] - 2026-04-10T13:55:39.986Z - [SYNC]: nx.json hash is the same, not collecting global sync generators
[NX v22.6.4 Daemon Server] - 2026-04-10T13:55:39.986Z - Serializing response for PROJECT_GRAPH_UPDATED message in json mode
[NX v22.6.4 Daemon Server] - 2026-04-10T13:55:39.988Z - Responding to PROJECT_GRAPH_UPDATED message
[NX v22.6.4 Daemon Server] - 2026-04-10T13:55:39.988Z - [REQUEST]: Responding to the client. Project graph updated
[NX v22.6.4 Daemon Server] - 2026-04-10T13:55:39.989Z - Time taken for 'total execution time for createProjectGraph()' 26.23549999995157ms
[NX v22.6.4 Daemon Server] - 2026-04-10T13:55:39.989Z - Time taken for 'createDependencies' 23.244500000029802ms
[NX v22.6.4 Daemon Server] - 2026-04-10T13:55:39.989Z - Time taken for 'nx/js/dependencies-and-lockfile:createDependencies' 23.11709999991581ms
[NX v22.6.4 Daemon Server] - 2026-04-10T13:55:39.989Z - Time taken for 'createMetadata' 0.0398999999742955ms
[NX v22.6.4 Daemon Server] - 2026-04-10T13:55:39.989Z - Time taken for 'serialize graph' 2.3996000001206994ms
[NX v22.6.4 Daemon Server] - 2026-04-10T13:55:39.990Z - Done responding to the client Project graph updated
[NX v22.6.4 Daemon Server] - 2026-04-10T13:55:39.990Z - Handled json message PROJECT_GRAPH_UPDATED. Handling time: 0. Response time: 4.
[NX v22.6.4 Daemon Client] - 2026-04-10T13:55:39.991Z - [Messenger] Received message, length: 633984
[NX v22.6.4 Daemon Server] - 2026-04-10T13:55:41.000Z - Established a connection. Number of open connections: 3
[NX v22.6.4 Daemon Server] - 2026-04-10T13:55:41.001Z - Closed a connection. Number of open connections: 2
[NX v22.6.4 Daemon Client] - 2026-04-10T13:55:41.001Z - [Messenger] Sending message type: GET_CONTEXT_FILE_DATA
[NX v22.6.4 Daemon Client] - 2026-04-10T13:55:41.001Z - [Messenger] Message sent
[NX v22.6.4 Daemon Server] - 2026-04-10T13:55:41.002Z - Received raw message of length 32
[NX v22.6.4 Daemon Server] - 2026-04-10T13:55:41.002Z - Received json message of type GET_CONTEXT_FILE_DATA
[NX v22.6.4 Daemon Server] - 2026-04-10T13:55:41.003Z - Serializing response for GET_CONTEXT_FILE_DATA message in json mode
[NX v22.6.4 Daemon Server] - 2026-04-10T13:55:41.003Z - Responding to GET_CONTEXT_FILE_DATA message
[NX v22.6.4 Daemon Server] - 2026-04-10T13:55:41.003Z - [REQUEST]: Responding to the client. handleContextFileData
[NX v22.6.4 Daemon Server] - 2026-04-10T13:55:41.003Z - Done responding to the client handleContextFileData
[NX v22.6.4 Daemon Server] - 2026-04-10T13:55:41.003Z - Handled json message GET_CONTEXT_FILE_DATA. Handling time: 1. Response time: 0.
[NX v22.6.4 Daemon Client] - 2026-04-10T13:55:41.003Z - [Messenger] Received message, length: 26992
[NX v22.6.4 Daemon Server] - 2026-04-10T13:55:41.189Z - Closed a connection. Number of open connections: 1
[NX v22.6.4 Daemon Client] - 2026-04-10T13:55:41.190Z - [ProjectGraphListener] Socket closed, triggering reconnection
[NX v22.6.4 Daemon Server] - 2026-04-10T13:55:41.191Z - Established a connection. Number of open connections: 2
[NX v22.6.4 Daemon Server] - 2026-04-10T13:55:41.191Z - Closed a connection. Number of open connections: 1
[NX v22.6.4 Daemon Server] - 2026-04-10T13:55:41.191Z - Established a connection. Number of open connections: 2
[NX v22.6.4 Daemon Client] - 2026-04-10T13:55:41.191Z - [Messenger] Setting up socket listeners
[NX v22.6.4 Daemon Client] - 2026-04-10T13:55:41.192Z - [Messenger] listen() complete
[NX v22.6.4 Daemon Client] - 2026-04-10T13:55:41.192Z - [Messenger] Sending message type: REGISTER_PROJECT_GRAPH_LISTENER
[NX v22.6.4 Daemon Client] - 2026-04-10T13:55:41.192Z - [Messenger] Message sent
[NX v22.6.4 Daemon Server] - 2026-04-10T13:55:41.193Z - Received raw message of length 42
[NX v22.6.4 Daemon Server] - 2026-04-10T13:55:41.193Z - Received json message of type REGISTER_PROJECT_GRAPH_LISTENER
[NX v22.6.4 Daemon Server] - 2026-04-10T14:51:33.071Z - [WATCHER]: Processing file changes in outputs
[NX v22.6.4 Daemon Server] - 2026-04-10T14:51:33.071Z - [WATCHER]: package-lock.json was modified
[NX v22.6.4 Daemon Server] - 2026-04-10T14:51:33.071Z - [SYNC]: clearing sync generators cache due to file changes
[NX v22.6.4 Daemon Server] - 2026-04-10T14:51:34.681Z - [REQUEST]: Updated workspace context based on watched changes, recomputing project graph...
[NX v22.6.4 Daemon Server] - 2026-04-10T14:51:34.681Z - [REQUEST]: package-lock.json
[NX v22.6.4 Daemon Server] - 2026-04-10T14:51:34.681Z - [REQUEST]: 
[NX v22.6.4 Daemon Server] - 2026-04-10T14:51:34.707Z - Time taken for 'hash changed files from watcher' 1.1696999995037913ms
Time taken for 'plugin worker 28628 code loading' 154.5556ms
Time taken for 'plugin worker 32088 code loading' 147.8968ms
[NX v22.6.4 Daemon Server] - 2026-04-10T14:51:34.884Z - Time taken for 'start-plugin-worker:nx/js/dependencies-and-lockfile' 201.0479999994859ms
[NX v22.6.4 Daemon Server] - 2026-04-10T14:51:34.884Z - Time taken for 'start-plugin-worker:nx/core/package-json' 193.20080000068992ms
[NX v22.6.4 Daemon Server] - 2026-04-10T14:51:34.884Z - Time taken for 'start-plugin-worker:nx/core/project-json' 184.56919999979436ms
Time taken for 'plugin worker 20552 code loading' 144.659ms
[NX v22.6.4 Daemon Server] - 2026-04-10T14:51:35.007Z - Time taken for 'build-project-configs' 319.2023999998346ms
[NX v22.6.4 Daemon Server] - 2026-04-10T14:51:35.007Z - Time taken for 'createNodes:merge' 0.8484000004827976ms
[NX v22.6.4 Daemon Server] - 2026-04-10T14:51:35.007Z - Time taken for 'get-all-workspace-files' 0.05710000079125166ms
Time taken for 'nx/js/dependencies-and-lockfile:createNodes' 8.121999999999957ms
[NX v22.6.4 Daemon Server] - 2026-04-10T14:51:35.019Z - [SYNC]: collect registered sync generators
[NX v22.6.4 Daemon Server] - 2026-04-10T14:51:35.019Z - [SYNC]: project graph hash is the same, not collecting task sync generators
[NX v22.6.4 Daemon Server] - 2026-04-10T14:51:35.019Z - [SYNC]: nx.json hash is the same, not collecting global sync generators
[NX v22.6.4 Daemon Server] - 2026-04-10T14:51:35.019Z - Serializing response for PROJECT_GRAPH_UPDATED message in json mode
[NX v22.6.4 Daemon Server] - 2026-04-10T14:51:35.021Z - Responding to PROJECT_GRAPH_UPDATED message
[NX v22.6.4 Daemon Server] - 2026-04-10T14:51:35.021Z - [REQUEST]: Responding to the client. Project graph updated
[NX v22.6.4 Daemon Server] - 2026-04-10T14:51:35.021Z - Time taken for 'total execution time for createProjectGraph()' 14.805800000205636ms
[NX v22.6.4 Daemon Server] - 2026-04-10T14:51:35.021Z - Time taken for 'createDependencies' 11.639200000092387ms
[NX v22.6.4 Daemon Server] - 2026-04-10T14:51:35.021Z - Time taken for 'nx/js/dependencies-and-lockfile:createDependencies' 11.57839999999851ms
[NX v22.6.4 Daemon Server] - 2026-04-10T14:51:35.021Z - Time taken for 'createMetadata' 0.013400000520050526ms
[NX v22.6.4 Daemon Server] - 2026-04-10T14:51:35.021Z - Time taken for 'serialize graph' 1.705800000578165ms
[NX v22.6.4 Daemon Server] - 2026-04-10T14:51:35.023Z - Done responding to the client Project graph updated
[NX v22.6.4 Daemon Client] - 2026-04-10T14:51:35.022Z - [Messenger] Received message, length: 633984
[NX v22.6.4 Daemon Server] - 2026-04-10T14:51:35.023Z - Handled json message PROJECT_GRAPH_UPDATED. Handling time: 0. Response time: 4.
[NX v22.6.4 Daemon Server] - 2026-04-10T14:51:36.042Z - Established a connection. Number of open connections: 3
[NX v22.6.4 Daemon Client] - 2026-04-10T14:51:36.042Z - [Messenger] Sending message type: GET_CONTEXT_FILE_DATA
[NX v22.6.4 Daemon Server] - 2026-04-10T14:51:36.042Z - Closed a connection. Number of open connections: 2
[NX v22.6.4 Daemon Client] - 2026-04-10T14:51:36.042Z - [Messenger] Message sent
[NX v22.6.4 Daemon Server] - 2026-04-10T14:51:36.043Z - Received raw message of length 32
[NX v22.6.4 Daemon Server] - 2026-04-10T14:51:36.043Z - Received json message of type GET_CONTEXT_FILE_DATA
[NX v22.6.4 Daemon Server] - 2026-04-10T14:51:36.043Z - Serializing response for GET_CONTEXT_FILE_DATA message in json mode
[NX v22.6.4 Daemon Server] - 2026-04-10T14:51:36.044Z - Responding to GET_CONTEXT_FILE_DATA message
[NX v22.6.4 Daemon Server] - 2026-04-10T14:51:36.044Z - [REQUEST]: Responding to the client. handleContextFileData
[NX v22.6.4 Daemon Server] - 2026-04-10T14:51:36.044Z - Done responding to the client handleContextFileData
[NX v22.6.4 Daemon Server] - 2026-04-10T14:51:36.044Z - Handled json message GET_CONTEXT_FILE_DATA. Handling time: 0. Response time: 1.
[NX v22.6.4 Daemon Client] - 2026-04-10T14:51:36.044Z - [Messenger] Received message, length: 26992
[NX v22.6.4 Daemon Server] - 2026-04-10T14:51:36.269Z - Closed a connection. Number of open connections: 1
[NX v22.6.4 Daemon Client] - 2026-04-10T14:51:36.269Z - [ProjectGraphListener] Socket closed, triggering reconnection
[NX v22.6.4 Daemon Server] - 2026-04-10T14:51:36.270Z - Established a connection. Number of open connections: 2
[NX v22.6.4 Daemon Server] - 2026-04-10T14:51:36.271Z - Closed a connection. Number of open connections: 1
[NX v22.6.4 Daemon Client] - 2026-04-10T14:51:36.271Z - [Messenger] Setting up socket listeners
[NX v22.6.4 Daemon Server] - 2026-04-10T14:51:36.271Z - Established a connection. Number of open connections: 2
[NX v22.6.4 Daemon Client] - 2026-04-10T14:51:36.271Z - [Messenger] listen() complete
[NX v22.6.4 Daemon Client] - 2026-04-10T14:51:36.271Z - [Messenger] Sending message type: REGISTER_PROJECT_GRAPH_LISTENER
[NX v22.6.4 Daemon Client] - 2026-04-10T14:51:36.271Z - [Messenger] Message sent
[NX v22.6.4 Daemon Server] - 2026-04-10T14:51:36.272Z - Received raw message of length 42
[NX v22.6.4 Daemon Server] - 2026-04-10T14:51:36.272Z - Received json message of type REGISTER_PROJECT_GRAPH_LISTENER
[NX v22.6.4 Daemon Server] - 2026-04-10T14:52:03.063Z - Established a connection. Number of open connections: 3
[NX v22.6.4 Daemon Server] - 2026-04-10T14:52:03.063Z - Closed a connection. Number of open connections: 2
[NX v22.6.4 Daemon Server] - 2026-04-10T14:52:03.064Z - Established a connection. Number of open connections: 3
[NX v22.6.4 Daemon Server] - 2026-04-10T14:52:03.064Z - Closed a connection. Number of open connections: 2
[NX v22.6.4 Daemon Server] - 2026-04-10T14:52:03.064Z - Established a connection. Number of open connections: 3
[NX v22.6.4 Daemon Client] - 2026-04-10T14:52:03.064Z - [Messenger] Setting up socket listeners
[NX v22.6.4 Daemon Client] - 2026-04-10T14:52:03.065Z - [Messenger] listen() complete
[NX v22.6.4 Daemon Client] - 2026-04-10T14:52:03.066Z - [Messenger] Sending message type: GET_NX_CONSOLE_STATUS
[NX v22.6.4 Daemon Client] - 2026-04-10T14:52:03.066Z - [Messenger] Message sent
[NX v22.6.4 Daemon Server] - 2026-04-10T14:52:03.118Z - [WATCHER]: nx.json was modified
[NX v22.6.4 Daemon Server] - 2026-04-10T14:52:03.118Z - [SYNC]: clearing sync generators cache due to file changes
[NX v22.6.4 Daemon Server] - 2026-04-10T14:52:03.118Z - [WATCHER]: Processing file changes in outputs
[NX v22.6.4 Daemon Server] - 2026-04-10T14:52:03.246Z - Received raw message of length 32
[NX v22.6.4 Daemon Server] - 2026-04-10T14:52:03.247Z - Received json message of type GET_NX_CONSOLE_STATUS
[NX v22.6.4 Daemon Server] - 2026-04-10T14:52:03.247Z - Serializing response for GET_NX_CONSOLE_STATUS message in json mode
[NX v22.6.4 Daemon Server] - 2026-04-10T14:52:03.247Z - Responding to GET_NX_CONSOLE_STATUS message
[NX v22.6.4 Daemon Server] - 2026-04-10T14:52:03.247Z - [REQUEST]: Responding to the client. handleGetNxConsoleStatus
[NX v22.6.4 Daemon Server] - 2026-04-10T14:52:03.247Z - Done responding to the client handleGetNxConsoleStatus
[NX v22.6.4 Daemon Server] - 2026-04-10T14:52:03.247Z - Handled json message GET_NX_CONSOLE_STATUS. Handling time: 0. Response time: 0.
[NX v22.6.4 Daemon Client] - 2026-04-10T14:52:03.247Z - [Messenger] Received message, length: 22
[NX v22.6.4 Daemon Client] - 2026-04-10T14:52:03.569Z - [Messenger] Sending message type: REQUEST_PROJECT_GRAPH
[NX v22.6.4 Daemon Client] - 2026-04-10T14:52:03.570Z - [Messenger] Message sent
[NX v22.6.4 Daemon Server] - 2026-04-10T14:52:03.571Z - Received raw message of length 32
[NX v22.6.4 Daemon Server] - 2026-04-10T14:52:03.571Z - Received json message of type REQUEST_PROJECT_GRAPH
[NX v22.6.4 Daemon Server] - 2026-04-10T14:52:03.571Z - [REQUEST]: Client Request for Project Graph Received
[NX v22.6.4 Daemon Server] - 2026-04-10T14:52:03.572Z - Recomputing project graph because of 1 updated and 0 deleted files.
[NX v22.6.4 Daemon Server] - 2026-04-10T14:52:03.572Z - [REQUEST]: Updated workspace context based on watched changes, recomputing project graph...
[NX v22.6.4 Daemon Server] - 2026-04-10T14:52:03.572Z - [REQUEST]: nx.json
[NX v22.6.4 Daemon Server] - 2026-04-10T14:52:03.572Z - [REQUEST]: 
[NX v22.6.4 Daemon Server] - 2026-04-10T14:52:03.595Z - Time taken for 'hash changed files from watcher' 0.5019000004976988ms
Time taken for 'plugin worker 28924 code loading' 154.4241ms
[NX v22.6.4 Daemon Server] - 2026-04-10T14:52:03.772Z - Time taken for 'start-plugin-worker:nx/js/dependencies-and-lockfile' 198.1427999995649ms
Time taken for 'plugin worker 3928 code loading' 150.64819999999997ms
Time taken for 'plugin worker 7360 code loading' 151.6374ms
[NX v22.6.4 Daemon Server] - 2026-04-10T14:52:03.782Z - Time taken for 'start-plugin-worker:nx/core/package-json' 200.95449999999255ms
[NX v22.6.4 Daemon Server] - 2026-04-10T14:52:03.782Z - Time taken for 'start-plugin-worker:nx/core/project-json' 193.88029999937862ms
[NX v22.6.4 Daemon Server] - 2026-04-10T14:52:03.889Z - Time taken for 'build-project-configs' 310.9731000000611ms
[NX v22.6.4 Daemon Server] - 2026-04-10T14:52:03.889Z - Time taken for 'createNodes:merge' 0.7272000005468726ms
[NX v22.6.4 Daemon Server] - 2026-04-10T14:52:03.889Z - Time taken for 'get-all-workspace-files' 0.05700000002980232ms
Time taken for 'nx/js/dependencies-and-lockfile:createNodes' 9.978300000000047ms
[NX v22.6.4 Daemon Server] - 2026-04-10T14:52:03.906Z - [SYNC]: collect registered sync generators
[NX v22.6.4 Daemon Server] - 2026-04-10T14:52:03.906Z - [SYNC]: project graph hash is the same, not collecting task sync generators
[NX v22.6.4 Daemon Server] - 2026-04-10T14:52:03.906Z - [SYNC]: nx.json hash is the same, not collecting global sync generators
[NX v22.6.4 Daemon Server] - 2026-04-10T14:52:03.913Z - Wrote project graph cache to c:\Users\frontend_coder\Documents\projects\ai-job-seek-helper\app\careerforgeai\.nx\workspace-data\project-graph.json
[NX v22.6.4 Daemon Server] - 2026-04-10T14:52:03.913Z - Serializing response for PROJECT_GRAPH_UPDATED message in json mode
[NX v22.6.4 Daemon Server] - 2026-04-10T14:52:03.915Z - Responding to PROJECT_GRAPH_UPDATED message
[NX v22.6.4 Daemon Server] - 2026-04-10T14:52:03.915Z - [REQUEST]: Responding to the client. Project graph updated
[NX v22.6.4 Daemon Server] - 2026-04-10T14:52:03.916Z - Serializing response for REQUEST_PROJECT_GRAPH message in json mode
[NX v22.6.4 Daemon Server] - 2026-04-10T14:52:03.916Z - Responding to REQUEST_PROJECT_GRAPH message
[NX v22.6.4 Daemon Server] - 2026-04-10T14:52:03.916Z - [REQUEST]: Responding to the client. project-graph
[NX v22.6.4 Daemon Server] - 2026-04-10T14:52:03.917Z - Time taken for 'total for creating and serializing project graph' 344.72680000029504ms
[NX v22.6.4 Daemon Server] - 2026-04-10T14:52:03.917Z - Time taken for 'total execution time for createProjectGraph()' 19.51410000026226ms
[NX v22.6.4 Daemon Server] - 2026-04-10T14:52:03.917Z - Time taken for 'createDependencies' 16.282500000670552ms
[NX v22.6.4 Daemon Server] - 2026-04-10T14:52:03.917Z - Time taken for 'nx/js/dependencies-and-lockfile:createDependencies' 16.190600000321865ms
[NX v22.6.4 Daemon Server] - 2026-04-10T14:52:03.917Z - Time taken for 'createMetadata' 0.01699999999254942ms
[NX v22.6.4 Daemon Server] - 2026-04-10T14:52:03.917Z - Time taken for 'serialize graph' 1.9223999995738268ms
[NX v22.6.4 Daemon Server] - 2026-04-10T14:52:03.917Z - Time taken for 'write cache' 6.657200000248849ms
[NX v22.6.4 Daemon Server] - 2026-04-10T14:52:03.918Z - Done responding to the client Project graph updated
[NX v22.6.4 Daemon Server] - 2026-04-10T14:52:03.918Z - Handled json message PROJECT_GRAPH_UPDATED. Handling time: 7. Response time: 5.
[NX v22.6.4 Daemon Client] - 2026-04-10T14:52:03.918Z - [Messenger] Received message, length: 633991
[NX v22.6.4 Daemon Server] - 2026-04-10T14:52:03.918Z - Done responding to the client project-graph
[NX v22.6.4 Daemon Server] - 2026-04-10T14:52:03.918Z - Handled json message REQUEST_PROJECT_GRAPH. Handling time: 345. Response time: 2.
[NX v22.6.4 Daemon Client] - 2026-04-10T14:52:03.918Z - [Messenger] Received message, length: 633984
[NX v22.6.4 Daemon Client] - 2026-04-10T14:52:03.924Z - [Messenger] Sending message type: PRE_TASKS_EXECUTION
[NX v22.6.4 Daemon Client] - 2026-04-10T14:52:03.924Z - [Messenger] Message sent
[NX v22.6.4 Daemon Server] - 2026-04-10T14:52:03.925Z - Received raw message of length 884
[NX v22.6.4 Daemon Server] - 2026-04-10T14:52:03.925Z - Received json message of type PRE_TASKS_EXECUTION
[NX v22.6.4 Daemon Server] - 2026-04-10T14:52:03.926Z - Serializing response for PRE_TASKS_EXECUTION message in json mode
[NX v22.6.4 Daemon Server] - 2026-04-10T14:52:03.927Z - Responding to PRE_TASKS_EXECUTION message
[NX v22.6.4 Daemon Server] - 2026-04-10T14:52:03.927Z - [REQUEST]: Responding to the client. handleRunPreTasksExecution
[NX v22.6.4 Daemon Server] - 2026-04-10T14:52:03.927Z - Time taken for 'preTasksExecution' 0.9473000001162291ms
[NX v22.6.4 Daemon Server] - 2026-04-10T14:52:03.927Z - Done responding to the client handleRunPreTasksExecution
[NX v22.6.4 Daemon Server] - 2026-04-10T14:52:03.927Z - Handled json message PRE_TASKS_EXECUTION. Handling time: 1. Response time: 1.
[NX v22.6.4 Daemon Client] - 2026-04-10T14:52:03.926Z - [Messenger] Received message, length: 2
[NX v22.6.4 Daemon Client] - 2026-04-10T14:52:04.301Z - [Messenger] Sending message type: HASH_TASKS
[NX v22.6.4 Daemon Client] - 2026-04-10T14:52:04.302Z - [Messenger] Message sent
[NX v22.6.4 Daemon Server] - 2026-04-10T14:52:04.303Z - Received raw message of length 7658
[NX v22.6.4 Daemon Server] - 2026-04-10T14:52:04.303Z - Received json message of type HASH_TASKS
[NX v22.6.4 Daemon Server] - 2026-04-10T14:52:04.304Z - Reusing in-memory cached project graph because no files changed.
DEBUG nx::native::tasks::hash_planner: get_plans_internal COMPLETED in 2.3515ms - processed 1 tasks (setup: 2.1744ms, parallel_planning: 166µs)
DEBUG nx::native::tasks::hashers::hash_workspace_files: Hashing workspace fileset with inputs: Adding "9971565417412081857" (".gitignore") to hash
DEBUG nx::native::tasks::hashers::hash_workspace_files: Hashing workspace fileset with inputs: Adding "3986529419154739731" ("nx.json") to hash
DEBUG nx::native::tasks::hashers::hash_workspace_files: Hashing workspace fileset with inputs: Hash Value: "14787824926337430294"
DEBUG nx::native::tasks::task_hasher: hash_plans COMPLETED in 1.713ms - processed 1 plans (setup: 211.4µs, hashing: 1.4994ms, assembly: 316.5µs)
[NX v22.6.4 Daemon Server] - 2026-04-10T14:52:04.314Z - Serializing response for HASH_TASKS message in json mode
[NX v22.6.4 Daemon Server] - 2026-04-10T14:52:04.314Z - Responding to HASH_TASKS message
[NX v22.6.4 Daemon Server] - 2026-04-10T14:52:04.314Z - [REQUEST]: Responding to the client. handleHashTasks
[NX v22.6.4 Daemon Server] - 2026-04-10T14:52:04.314Z - Done responding to the client handleHashTasks
[NX v22.6.4 Daemon Server] - 2026-04-10T14:52:04.314Z - Handled json message HASH_TASKS. Handling time: 11. Response time: 0.
[NX v22.6.4 Daemon Client] - 2026-04-10T14:52:04.314Z - [Messenger] Received message, length: 10964
[NX v22.6.4 Daemon Server] - 2026-04-10T14:52:04.933Z - Established a connection. Number of open connections: 4
[NX v22.6.4 Daemon Client] - 2026-04-10T14:52:04.933Z - [Messenger] Sending message type: GET_CONTEXT_FILE_DATA
[NX v22.6.4 Daemon Server] - 2026-04-10T14:52:04.933Z - Closed a connection. Number of open connections: 3
[NX v22.6.4 Daemon Client] - 2026-04-10T14:52:04.933Z - [Messenger] Message sent
[NX v22.6.4 Daemon Server] - 2026-04-10T14:52:04.934Z - Received raw message of length 32
[NX v22.6.4 Daemon Server] - 2026-04-10T14:52:04.934Z - Received json message of type GET_CONTEXT_FILE_DATA
[NX v22.6.4 Daemon Server] - 2026-04-10T14:52:04.934Z - Serializing response for GET_CONTEXT_FILE_DATA message in json mode
[NX v22.6.4 Daemon Server] - 2026-04-10T14:52:04.934Z - Responding to GET_CONTEXT_FILE_DATA message
[NX v22.6.4 Daemon Server] - 2026-04-10T14:52:04.935Z - [REQUEST]: Responding to the client. handleContextFileData
[NX v22.6.4 Daemon Server] - 2026-04-10T14:52:04.935Z - Done responding to the client handleContextFileData
[NX v22.6.4 Daemon Server] - 2026-04-10T14:52:04.935Z - Handled json message GET_CONTEXT_FILE_DATA. Handling time: 0. Response time: 1.
[NX v22.6.4 Daemon Client] - 2026-04-10T14:52:04.935Z - [Messenger] Received message, length: 26991
[NX v22.6.4 Daemon Server] - 2026-04-10T14:52:05.052Z - [WATCHER]: 0 file(s) created or restored, 0 file(s) modified, 0 file(s) deleted
[NX v22.6.4 Daemon Server] - 2026-04-10T14:52:05.103Z - Closed a connection. Number of open connections: 2
[NX v22.6.4 Daemon Client] - 2026-04-10T14:52:05.103Z - [ProjectGraphListener] Socket closed, triggering reconnection
[NX v22.6.4 Daemon Server] - 2026-04-10T14:52:05.108Z - Established a connection. Number of open connections: 3
[NX v22.6.4 Daemon Server] - 2026-04-10T14:52:05.108Z - Closed a connection. Number of open connections: 2
[NX v22.6.4 Daemon Client] - 2026-04-10T14:52:05.108Z - [Messenger] Setting up socket listeners
[NX v22.6.4 Daemon Server] - 2026-04-10T14:52:05.108Z - Established a connection. Number of open connections: 3
[NX v22.6.4 Daemon Client] - 2026-04-10T14:52:05.108Z - [Messenger] listen() complete
[NX v22.6.4 Daemon Client] - 2026-04-10T14:52:05.109Z - [Messenger] Sending message type: REGISTER_PROJECT_GRAPH_LISTENER
[NX v22.6.4 Daemon Client] - 2026-04-10T14:52:05.109Z - [Messenger] Message sent
[NX v22.6.4 Daemon Server] - 2026-04-10T14:52:05.110Z - Received raw message of length 42
[NX v22.6.4 Daemon Server] - 2026-04-10T14:52:05.110Z - Received json message of type REGISTER_PROJECT_GRAPH_LISTENER
[NX v22.6.4 Daemon Server] - 2026-04-10T14:52:05.163Z - [REQUEST]: Updated workspace context based on watched changes, recomputing project graph...
[NX v22.6.4 Daemon Server] - 2026-04-10T14:52:05.164Z - [REQUEST]: 
[NX v22.6.4 Daemon Server] - 2026-04-10T14:52:05.164Z - [REQUEST]: 
[NX v22.6.4 Daemon Server] - 2026-04-10T14:52:05.186Z - Time taken for 'hash changed files from watcher' 0.2982999999076128ms
Time taken for 'plugin worker 10660 code loading' 163.7167ms
Time taken for 'plugin worker 24484 code loading' 157.4594ms
Time taken for 'plugin worker 26100 code loading' 156.185ms
[NX v22.6.4 Daemon Server] - 2026-04-10T14:52:05.383Z - Time taken for 'start-plugin-worker:nx/js/dependencies-and-lockfile' 218.99019999988377ms
[NX v22.6.4 Daemon Server] - 2026-04-10T14:52:05.383Z - Time taken for 'start-plugin-worker:nx/core/package-json' 212.08150000032037ms
[NX v22.6.4 Daemon Server] - 2026-04-10T14:52:05.383Z - Time taken for 'start-plugin-worker:nx/core/project-json' 205.7263000002131ms
[NX v22.6.4 Daemon Server] - 2026-04-10T14:52:05.499Z - Time taken for 'build-project-configs' 330.02740000002086ms
[NX v22.6.4 Daemon Server] - 2026-04-10T14:52:05.499Z - Time taken for 'createNodes:merge' 0.7018999997526407ms
[NX v22.6.4 Daemon Server] - 2026-04-10T14:52:05.499Z - Time taken for 'get-all-workspace-files' 0.09019999951124191ms
Time taken for 'nx/js/dependencies-and-lockfile:createNodes' 8.528300000000002ms
[NX v22.6.4 Daemon Server] - 2026-04-10T14:52:05.511Z - [SYNC]: collect registered sync generators
[NX v22.6.4 Daemon Server] - 2026-04-10T14:52:05.511Z - [SYNC]: project graph hash is the same, not collecting task sync generators
[NX v22.6.4 Daemon Server] - 2026-04-10T14:52:05.512Z - [SYNC]: nx.json hash is the same, not collecting global sync generators
[NX v22.6.4 Daemon Server] - 2026-04-10T14:52:05.512Z - Serializing response for PROJECT_GRAPH_UPDATED message in json mode
[NX v22.6.4 Daemon Server] - 2026-04-10T14:52:05.513Z - Responding to PROJECT_GRAPH_UPDATED message
[NX v22.6.4 Daemon Server] - 2026-04-10T14:52:05.513Z - [REQUEST]: Responding to the client. Project graph updated
[NX v22.6.4 Daemon Server] - 2026-04-10T14:52:05.514Z - Time taken for 'total execution time for createProjectGraph()' 14.257500000298023ms
[NX v22.6.4 Daemon Server] - 2026-04-10T14:52:05.514Z - Time taken for 'createDependencies' 11.581399999558926ms
[NX v22.6.4 Daemon Server] - 2026-04-10T14:52:05.514Z - Time taken for 'nx/js/dependencies-and-lockfile:createDependencies' 11.51769999973476ms
[NX v22.6.4 Daemon Server] - 2026-04-10T14:52:05.514Z - Time taken for 'createMetadata' 0.01549999974668026ms
[NX v22.6.4 Daemon Server] - 2026-04-10T14:52:05.514Z - Time taken for 'serialize graph' 2.0655000004917383ms
[NX v22.6.4 Daemon Server] - 2026-04-10T14:52:05.514Z - Done responding to the client Project graph updated
[NX v22.6.4 Daemon Server] - 2026-04-10T14:52:05.514Z - Handled json message PROJECT_GRAPH_UPDATED. Handling time: 0. Response time: 2.
[NX v22.6.4 Daemon Client] - 2026-04-10T14:52:05.516Z - [Messenger] Received message, length: 633984
[NX v22.6.4 Daemon Server] - 2026-04-10T14:52:06.529Z - Established a connection. Number of open connections: 4
[NX v22.6.4 Daemon Server] - 2026-04-10T14:52:06.529Z - Closed a connection. Number of open connections: 3
[NX v22.6.4 Daemon Client] - 2026-04-10T14:52:06.529Z - [Messenger] Sending message type: GET_CONTEXT_FILE_DATA
[NX v22.6.4 Daemon Client] - 2026-04-10T14:52:06.529Z - [Messenger] Message sent
[NX v22.6.4 Daemon Server] - 2026-04-10T14:52:06.530Z - Received raw message of length 32
[NX v22.6.4 Daemon Server] - 2026-04-10T14:52:06.530Z - Received json message of type GET_CONTEXT_FILE_DATA
[NX v22.6.4 Daemon Server] - 2026-04-10T14:52:06.531Z - Serializing response for GET_CONTEXT_FILE_DATA message in json mode
[NX v22.6.4 Daemon Server] - 2026-04-10T14:52:06.531Z - Responding to GET_CONTEXT_FILE_DATA message
[NX v22.6.4 Daemon Server] - 2026-04-10T14:52:06.531Z - [REQUEST]: Responding to the client. handleContextFileData
[NX v22.6.4 Daemon Server] - 2026-04-10T14:52:06.531Z - Done responding to the client handleContextFileData
[NX v22.6.4 Daemon Server] - 2026-04-10T14:52:06.531Z - Handled json message GET_CONTEXT_FILE_DATA. Handling time: 1. Response time: 0.
[NX v22.6.4 Daemon Client] - 2026-04-10T14:52:06.531Z - [Messenger] Received message, length: 26991
[NX v22.6.4 Daemon Client] - 2026-04-10T14:52:06.695Z - [Messenger] Sending message type: GET_ESTIMATED_TASK_TIMINGS
[NX v22.6.4 Daemon Client] - 2026-04-10T14:52:06.696Z - [Messenger] Message sent
[NX v22.6.4 Daemon Server] - 2026-04-10T14:52:06.718Z - Closed a connection. Number of open connections: 2
[NX v22.6.4 Daemon Client] - 2026-04-10T14:52:06.718Z - [ProjectGraphListener] Socket closed, triggering reconnection
[NX v22.6.4 Daemon Server] - 2026-04-10T14:52:06.727Z - Established a connection. Number of open connections: 3
[NX v22.6.4 Daemon Server] - 2026-04-10T14:52:06.727Z - Closed a connection. Number of open connections: 2
[NX v22.6.4 Daemon Server] - 2026-04-10T14:52:06.728Z - Established a connection. Number of open connections: 3
[NX v22.6.4 Daemon Client] - 2026-04-10T14:52:06.727Z - [Messenger] Setting up socket listeners
[NX v22.6.4 Daemon Client] - 2026-04-10T14:52:06.728Z - [Messenger] listen() complete
[NX v22.6.4 Daemon Client] - 2026-04-10T14:52:06.728Z - [Messenger] Sending message type: REGISTER_PROJECT_GRAPH_LISTENER
[NX v22.6.4 Daemon Client] - 2026-04-10T14:52:06.728Z - [Messenger] Message sent
[NX v22.6.4 Daemon Server] - 2026-04-10T14:52:06.729Z - Received raw message of length 42
[NX v22.6.4 Daemon Server] - 2026-04-10T14:52:06.729Z - Received json message of type REGISTER_PROJECT_GRAPH_LISTENER
[NX v22.6.4 Daemon Server] - 2026-04-10T14:52:06.762Z - Received raw message of length 122
[NX v22.6.4 Daemon Server] - 2026-04-10T14:52:06.762Z - Received json message of type GET_ESTIMATED_TASK_TIMINGS
[NX v22.6.4 Daemon Server] - 2026-04-10T14:52:06.779Z - Serializing response for GET_ESTIMATED_TASK_TIMINGS message in json mode
[NX v22.6.4 Daemon Server] - 2026-04-10T14:52:06.779Z - Responding to GET_ESTIMATED_TASK_TIMINGS message
[NX v22.6.4 Daemon Server] - 2026-04-10T14:52:06.779Z - [REQUEST]: Responding to the client. handleGetEstimatedTaskTimings
[NX v22.6.4 Daemon Client] - 2026-04-10T14:52:06.779Z - [Messenger] Received message, length: 2
[NX v22.6.4 Daemon Server] - 2026-04-10T14:52:06.780Z - Done responding to the client handleGetEstimatedTaskTimings
[NX v22.6.4 Daemon Server] - 2026-04-10T14:52:06.780Z - Handled json message GET_ESTIMATED_TASK_TIMINGS. Handling time: 17. Response time: 1.
[NX v22.6.4 Daemon Server] - 2026-04-10T14:52:09.234Z - [WATCHER]: Processing file changes in outputs
[NX v22.6.4 Daemon Server] - 2026-04-10T14:52:09.234Z - [WATCHER]: firebase-debug.log was modified
[NX v22.6.4 Daemon Server] - 2026-04-10T14:52:09.234Z - [SYNC]: clearing sync generators cache due to file changes
[NX v22.6.4 Daemon Server] - 2026-04-10T14:52:09.451Z - [REQUEST]: Updated workspace context based on watched changes, recomputing project graph...
[NX v22.6.4 Daemon Server] - 2026-04-10T14:52:09.451Z - [REQUEST]: firebase-debug.log
[NX v22.6.4 Daemon Server] - 2026-04-10T14:52:09.451Z - [REQUEST]: 
[NX v22.6.4 Daemon Server] - 2026-04-10T14:52:09.476Z - Time taken for 'hash changed files from watcher' 13.210199999623ms
Time taken for 'plugin worker 38044 code loading' 187.90820000000002ms
[NX v22.6.4 Daemon Server] - 2026-04-10T14:52:09.698Z - Time taken for 'start-plugin-worker:nx/js/dependencies-and-lockfile' 244.86039999965578ms
[NX v22.6.4 Daemon Server] - 2026-04-10T14:52:09.698Z - Time taken for 'start-plugin-worker:nx/core/package-json' 237.50600000005215ms
Time taken for 'plugin worker 12144 code loading' 194.1541ms
Time taken for 'plugin worker 26472 code loading' 190.5194ms
[NX v22.6.4 Daemon Server] - 2026-04-10T14:52:09.709Z - Time taken for 'start-plugin-worker:nx/core/project-json' 240.68630000017583ms
[NX v22.6.4 Daemon Server] - 2026-04-10T14:52:09.830Z - Time taken for 'build-project-configs' 372.7037000004202ms
[NX v22.6.4 Daemon Server] - 2026-04-10T14:52:09.830Z - Time taken for 'createNodes:merge' 0.8628000002354383ms
[NX v22.6.4 Daemon Server] - 2026-04-10T14:52:09.830Z - Time taken for 'get-all-workspace-files' 0.04150000028312206ms
Time taken for 'nx/js/dependencies-and-lockfile:createNodes' 8.73259999999999ms
[NX v22.6.4 Daemon Server] - 2026-04-10T14:52:09.848Z - [SYNC]: collect registered sync generators
[NX v22.6.4 Daemon Server] - 2026-04-10T14:52:09.848Z - [SYNC]: project graph hash is the same, not collecting task sync generators
[NX v22.6.4 Daemon Server] - 2026-04-10T14:52:09.848Z - [SYNC]: nx.json hash is the same, not collecting global sync generators
[NX v22.6.4 Daemon Server] - 2026-04-10T14:52:09.848Z - Serializing response for PROJECT_GRAPH_UPDATED message in json mode
[NX v22.6.4 Daemon Server] - 2026-04-10T14:52:09.850Z - Responding to PROJECT_GRAPH_UPDATED message
[NX v22.6.4 Daemon Server] - 2026-04-10T14:52:09.851Z - [REQUEST]: Responding to the client. Project graph updated
[NX v22.6.4 Daemon Server] - 2026-04-10T14:52:09.851Z - Time taken for 'total execution time for createProjectGraph()' 20.39130000025034ms
[NX v22.6.4 Daemon Server] - 2026-04-10T14:52:09.851Z - Time taken for 'createDependencies' 17.406700000166893ms
[NX v22.6.4 Daemon Server] - 2026-04-10T14:52:09.851Z - Time taken for 'nx/js/dependencies-and-lockfile:createDependencies' 17.328200000338256ms
[NX v22.6.4 Daemon Server] - 2026-04-10T14:52:09.851Z - Time taken for 'createMetadata' 0.01790000032633543ms
[NX v22.6.4 Daemon Server] - 2026-04-10T14:52:09.851Z - Time taken for 'serialize graph' 1.8946000002324581ms
[NX v22.6.4 Daemon Server] - 2026-04-10T14:52:09.852Z - Done responding to the client Project graph updated
[NX v22.6.4 Daemon Server] - 2026-04-10T14:52:09.853Z - Handled json message PROJECT_GRAPH_UPDATED. Handling time: 0. Response time: 5.
[NX v22.6.4 Daemon Client] - 2026-04-10T14:52:09.852Z - [Messenger] Received message, length: 633984
[NX v22.6.4 Daemon Server] - 2026-04-10T14:52:10.860Z - Established a connection. Number of open connections: 4
[NX v22.6.4 Daemon Client] - 2026-04-10T14:52:10.860Z - [Messenger] Sending message type: GET_CONTEXT_FILE_DATA
[NX v22.6.4 Daemon Server] - 2026-04-10T14:52:10.860Z - Closed a connection. Number of open connections: 3
[NX v22.6.4 Daemon Client] - 2026-04-10T14:52:10.860Z - [Messenger] Message sent
[NX v22.6.4 Daemon Server] - 2026-04-10T14:52:10.862Z - Received raw message of length 32
[NX v22.6.4 Daemon Server] - 2026-04-10T14:52:10.862Z - Received json message of type GET_CONTEXT_FILE_DATA
[NX v22.6.4 Daemon Server] - 2026-04-10T14:52:10.862Z - Serializing response for GET_CONTEXT_FILE_DATA message in json mode
[NX v22.6.4 Daemon Server] - 2026-04-10T14:52:10.862Z - Responding to GET_CONTEXT_FILE_DATA message
[NX v22.6.4 Daemon Server] - 2026-04-10T14:52:10.862Z - [REQUEST]: Responding to the client. handleContextFileData
[NX v22.6.4 Daemon Server] - 2026-04-10T14:52:10.862Z - Done responding to the client handleContextFileData
[NX v22.6.4 Daemon Server] - 2026-04-10T14:52:10.862Z - Handled json message GET_CONTEXT_FILE_DATA. Handling time: 0. Response time: 0.
[NX v22.6.4 Daemon Client] - 2026-04-10T14:52:10.862Z - [Messenger] Received message, length: 26991
[NX v22.6.4 Daemon Server] - 2026-04-10T14:52:11.095Z - Closed a connection. Number of open connections: 2
[NX v22.6.4 Daemon Client] - 2026-04-10T14:52:11.094Z - [ProjectGraphListener] Socket closed, triggering reconnection
[NX v22.6.4 Daemon Server] - 2026-04-10T14:52:11.100Z - Established a connection. Number of open connections: 3
[NX v22.6.4 Daemon Client] - 2026-04-10T14:52:11.100Z - [Messenger] Setting up socket listeners
[NX v22.6.4 Daemon Server] - 2026-04-10T14:52:11.101Z - Closed a connection. Number of open connections: 2
[NX v22.6.4 Daemon Server] - 2026-04-10T14:52:11.101Z - Established a connection. Number of open connections: 3
[NX v22.6.4 Daemon Client] - 2026-04-10T14:52:11.101Z - [Messenger] listen() complete
[NX v22.6.4 Daemon Client] - 2026-04-10T14:52:11.101Z - [Messenger] Sending message type: REGISTER_PROJECT_GRAPH_LISTENER
[NX v22.6.4 Daemon Client] - 2026-04-10T14:52:11.101Z - [Messenger] Message sent
[NX v22.6.4 Daemon Server] - 2026-04-10T14:52:11.102Z - Received raw message of length 42
[NX v22.6.4 Daemon Server] - 2026-04-10T14:52:11.102Z - Received json message of type REGISTER_PROJECT_GRAPH_LISTENER
[NX v22.6.4 Daemon Server] - 2026-04-10T14:52:13.123Z - [WATCHER]: Processing file changes in outputs
[NX v22.6.4 Daemon Server] - 2026-04-10T14:52:14.391Z - [WATCHER]: Processing file changes in outputs
[NX v22.6.4 Daemon Server] - 2026-04-10T14:52:14.749Z - [WATCHER]: Processing file changes in outputs
[NX v22.6.4 Daemon Server] - 2026-04-10T14:52:14.851Z - [WATCHER]: Processing file changes in outputs
[NX v22.6.4 Daemon Server] - 2026-04-10T14:52:15.003Z - [WATCHER]: Processing file changes in outputs
[NX v22.6.4 Daemon Server] - 2026-04-10T14:52:15.202Z - [WATCHER]: Processing file changes in outputs
[NX v22.6.4 Daemon Server] - 2026-04-10T14:52:15.307Z - [WATCHER]: Processing file changes in outputs
[NX v22.6.4 Daemon Server] - 2026-04-10T14:52:15.587Z - [WATCHER]: Processing file changes in outputs
[NX v22.6.4 Daemon Server] - 2026-04-10T14:52:15.779Z - [WATCHER]: Processing file changes in outputs
[NX v22.6.4 Daemon Server] - 2026-04-10T14:52:15.849Z - [WATCHER]: Processing file changes in outputs
[NX v22.6.4 Daemon Server] - 2026-04-10T14:52:15.980Z - [WATCHER]: Processing file changes in outputs
[NX v22.6.4 Daemon Server] - 2026-04-10T14:52:16.150Z - [WATCHER]: Processing file changes in outputs
[NX v22.6.4 Daemon Server] - 2026-04-10T14:52:16.226Z - [WATCHER]: Processing file changes in outputs
[NX v22.6.4 Daemon Server] - 2026-04-10T14:52:16.288Z - [WATCHER]: Processing file changes in outputs
[NX v22.6.4 Daemon Server] - 2026-04-10T14:52:16.474Z - [WATCHER]: Processing file changes in outputs
[NX v22.6.4 Daemon Server] - 2026-04-10T14:52:16.864Z - [WATCHER]: Processing file changes in outputs
[NX v22.6.4 Daemon Server] - 2026-04-10T14:52:25.216Z - [WATCHER]: Processing file changes in outputs
[NX v22.6.4 Daemon Server] - 2026-04-10T14:52:25.269Z - [WATCHER]: Processing file changes in outputs
[NX v22.6.4 Daemon Server] - 2026-04-10T14:52:25.343Z - [WATCHER]: Processing file changes in outputs
[NX v22.6.4 Daemon Server] - 2026-04-10T14:52:25.402Z - [WATCHER]: Processing file changes in outputs
[NX v22.6.4 Daemon Server] - 2026-04-10T14:52:25.498Z - [WATCHER]: Processing file changes in outputs
[NX v22.6.4 Daemon Server] - 2026-04-10T14:52:25.551Z - [WATCHER]: Processing file changes in outputs
[NX v22.6.4 Daemon Server] - 2026-04-10T14:52:25.628Z - [WATCHER]: Processing file changes in outputs
[NX v22.6.4 Daemon Server] - 2026-04-10T14:52:25.692Z - [WATCHER]: Processing file changes in outputs
[NX v22.6.4 Daemon Server] - 2026-04-10T14:52:25.777Z - [WATCHER]: Processing file changes in outputs
[NX v22.6.4 Daemon Client] - 2026-04-10T14:52:25.879Z - [Messenger] Sending message type: RECORD_OUTPUTS_HASH
[NX v22.6.4 Daemon Client] - 2026-04-10T14:52:25.880Z - [Messenger] Message sent
[NX v22.6.4 Daemon Server] - 2026-04-10T14:52:25.881Z - Received raw message of length 99
[NX v22.6.4 Daemon Server] - 2026-04-10T14:52:25.881Z - Received json message of type RECORD_OUTPUTS_HASH
[NX v22.6.4 Daemon Server] - 2026-04-10T14:52:25.897Z - Serializing response for RECORD_OUTPUTS_HASH message in json mode
[NX v22.6.4 Daemon Server] - 2026-04-10T14:52:25.897Z - Responding to RECORD_OUTPUTS_HASH message
[NX v22.6.4 Daemon Server] - 2026-04-10T14:52:25.897Z - [REQUEST]: Responding to the client. recordOutputsHash
[NX v22.6.4 Daemon Client] - 2026-04-10T14:52:25.897Z - [Messenger] Received message, length: 2
[NX v22.6.4 Daemon Server] - 2026-04-10T14:52:25.898Z - Done responding to the client recordOutputsHash
[NX v22.6.4 Daemon Server] - 2026-04-10T14:52:25.899Z - Handled json message RECORD_OUTPUTS_HASH. Handling time: 16. Response time: 2.
[NX v22.6.4 Daemon Client] - 2026-04-10T14:52:26.117Z - [Messenger] Sending message type: RECORD_TASK_RUNS
[NX v22.6.4 Daemon Client] - 2026-04-10T14:52:26.117Z - [Messenger] Message sent
[NX v22.6.4 Daemon Server] - 2026-04-10T14:52:26.118Z - Received raw message of length 240
[NX v22.6.4 Daemon Server] - 2026-04-10T14:52:26.118Z - Received json message of type RECORD_TASK_RUNS
[NX v22.6.4 Daemon Server] - 2026-04-10T14:52:26.122Z - Serializing response for RECORD_TASK_RUNS message in json mode
[NX v22.6.4 Daemon Server] - 2026-04-10T14:52:26.122Z - Responding to RECORD_TASK_RUNS message
[NX v22.6.4 Daemon Server] - 2026-04-10T14:52:26.122Z - [REQUEST]: Responding to the client. handleRecordTaskRuns
[NX v22.6.4 Daemon Server] - 2026-04-10T14:52:26.122Z - Done responding to the client handleRecordTaskRuns
[NX v22.6.4 Daemon Server] - 2026-04-10T14:52:26.122Z - Handled json message RECORD_TASK_RUNS. Handling time: 4. Response time: 0.
[NX v22.6.4 Daemon Client] - 2026-04-10T14:52:26.122Z - [Messenger] Received message, length: 4
[NX v22.6.4 Daemon Client] - 2026-04-10T14:52:26.122Z - [Messenger] Sending message type: GET_FLAKY_TASKS
[NX v22.6.4 Daemon Client] - 2026-04-10T14:52:26.122Z - [Messenger] Message sent
[NX v22.6.4 Daemon Server] - 2026-04-10T14:52:26.123Z - Received raw message of length 59
[NX v22.6.4 Daemon Server] - 2026-04-10T14:52:26.123Z - Received json message of type GET_FLAKY_TASKS
[NX v22.6.4 Daemon Server] - 2026-04-10T14:52:26.123Z - Serializing response for GET_FLAKY_TASKS message in json mode
[NX v22.6.4 Daemon Server] - 2026-04-10T14:52:26.124Z - Responding to GET_FLAKY_TASKS message
[NX v22.6.4 Daemon Server] - 2026-04-10T14:52:26.124Z - [REQUEST]: Responding to the client. handleGetFlakyTasks
[NX v22.6.4 Daemon Server] - 2026-04-10T14:52:26.124Z - Done responding to the client handleGetFlakyTasks
[NX v22.6.4 Daemon Server] - 2026-04-10T14:52:26.124Z - Handled json message GET_FLAKY_TASKS. Handling time: 0. Response time: 1.
[NX v22.6.4 Daemon Client] - 2026-04-10T14:52:26.123Z - [Messenger] Received message, length: 2
[NX v22.6.4 Daemon Client] - 2026-04-10T14:52:26.251Z - [Messenger] Sending message type: PROCESS_IN_BACKGROUND
[NX v22.6.4 Daemon Client] - 2026-04-10T14:52:26.256Z - [Messenger] Message sent
[NX v22.6.4 Daemon Server] - 2026-04-10T14:52:26.258Z - Received raw message of length 694600
[NX v22.6.4 Daemon Server] - 2026-04-10T14:52:26.262Z - Received json message of type PROCESS_IN_BACKGROUND
[NX v22.6.4 Daemon Server] - 2026-04-10T14:52:26.736Z - Serializing response for PROCESS_IN_BACKGROUND message in json mode
[NX v22.6.4 Daemon Server] - 2026-04-10T14:52:26.736Z - Responding to PROCESS_IN_BACKGROUND message
[NX v22.6.4 Daemon Server] - 2026-04-10T14:52:26.736Z - [REQUEST]: Responding to the client. PROCESS_IN_BACKGROUND
[NX v22.6.4 Daemon Client] - 2026-04-10T14:52:26.736Z - [Messenger] Received message, length: 2
[NX v22.6.4 Daemon Server] - 2026-04-10T14:52:26.737Z - Uploading file artifacts
[NX v22.6.4 Daemon Client] - 2026-04-10T14:52:26.739Z - [Messenger] Sending message type: GET_CONFIGURE_AI_AGENTS_STATUS
[NX v22.6.4 Daemon Client] - 2026-04-10T14:52:26.740Z - [Messenger] Message sent
[NX v22.6.4 Daemon Server] - 2026-04-10T14:52:26.745Z - Done responding to the client PROCESS_IN_BACKGROUND
[NX v22.6.4 Daemon Server] - 2026-04-10T14:52:26.745Z - Handled json message PROCESS_IN_BACKGROUND. Handling time: 474. Response time: 9.
[NX v22.6.4 Daemon Server] - 2026-04-10T14:52:26.746Z - Established a connection. Number of open connections: 4
[NX v22.6.4 Daemon Server] - 2026-04-10T14:52:26.746Z - Received raw message of length 41
[NX v22.6.4 Daemon Server] - 2026-04-10T14:52:26.746Z - Received json message of type GET_CONFIGURE_AI_AGENTS_STATUS
[NX v22.6.4 Daemon Server] - 2026-04-10T14:52:26.746Z - [AI-AGENTS]: Returning cached agent configuration status
[NX v22.6.4 Daemon Server] - 2026-04-10T14:52:26.746Z - Serializing response for GET_CONFIGURE_AI_AGENTS_STATUS message in json mode
[NX v22.6.4 Daemon Server] - 2026-04-10T14:52:26.746Z - Responding to GET_CONFIGURE_AI_AGENTS_STATUS message
[NX v22.6.4 Daemon Server] - 2026-04-10T14:52:26.746Z - [REQUEST]: Responding to the client. handleGetConfigureAiAgentsStatus
[NX v22.6.4 Daemon Client] - 2026-04-10T14:52:26.746Z - [Messenger] Received message, length: 383
[NX v22.6.4 Daemon Server] - 2026-04-10T14:52:26.747Z - Closed a connection. Number of open connections: 3
[NX v22.6.4 Daemon Server] - 2026-04-10T14:52:26.747Z - Done responding to the client handleGetConfigureAiAgentsStatus
[NX v22.6.4 Daemon Server] - 2026-04-10T14:52:26.747Z - Handled json message GET_CONFIGURE_AI_AGENTS_STATUS. Handling time: 0. Response time: 1.
[NX v22.6.4 Daemon Client] - 2026-04-10T14:52:26.750Z - [Messenger] Sending message type: POST_TASKS_EXECUTION
[NX v22.6.4 Daemon Client] - 2026-04-10T14:52:26.751Z - [Messenger] Message sent
[NX v22.6.4 Daemon Server] - 2026-04-10T14:52:26.798Z - Received raw message of length 47302
[NX v22.6.4 Daemon Server] - 2026-04-10T14:52:26.798Z - Received json message of type POST_TASKS_EXECUTION
[NX v22.6.4 Daemon Server] - 2026-04-10T14:52:26.799Z - Serializing response for POST_TASKS_EXECUTION message in json mode
[NX v22.6.4 Daemon Server] - 2026-04-10T14:52:26.799Z - Responding to POST_TASKS_EXECUTION message
[NX v22.6.4 Daemon Server] - 2026-04-10T14:52:26.799Z - [REQUEST]: Responding to the client. handleRunPostTasksExecution
[NX v22.6.4 Daemon Server] - 2026-04-10T14:52:26.799Z - Time taken for 'postTasksExecution' 0.24419999960809946ms
[NX v22.6.4 Daemon Client] - 2026-04-10T14:52:26.799Z - [Messenger] Received message, length: 4
[NX v22.6.4 Daemon Server] - 2026-04-10T14:52:26.799Z - Done responding to the client handleRunPostTasksExecution
[NX v22.6.4 Daemon Server] - 2026-04-10T14:52:26.799Z - Handled json message POST_TASKS_EXECUTION. Handling time: 1. Response time: 0.
[NX v22.6.4 Daemon Server] - 2026-04-10T14:52:26.808Z - Closed a connection. Number of open connections: 2
[NX v22.6.4 Daemon Server] - 2026-04-10T14:52:32.082Z - Done uploading file artifacts
[NX v22.6.4 Daemon Server] - 2026-04-10T14:52:32.082Z - Sending EndRun request
[NX v22.6.4 Daemon Server] - 2026-04-10T14:52:32.541Z - Done sending EndRun request
[NX v22.6.4 Daemon Server] - 2026-04-10T14:53:45.042Z - [WATCHER]: Processing file changes in outputs
[NX v22.6.4 Daemon Server] - 2026-04-10T14:53:45.042Z - [WATCHER]: firebase-debug.log was modified
[NX v22.6.4 Daemon Server] - 2026-04-10T14:53:45.042Z - [SYNC]: clearing sync generators cache due to file changes
[NX v22.6.4 Daemon Server] - 2026-04-10T14:53:45.455Z - [REQUEST]: Updated workspace context based on watched changes, recomputing project graph...
[NX v22.6.4 Daemon Server] - 2026-04-10T14:53:45.455Z - [REQUEST]: firebase-debug.log
[NX v22.6.4 Daemon Server] - 2026-04-10T14:53:45.455Z - [REQUEST]: 
[NX v22.6.4 Daemon Server] - 2026-04-10T14:53:45.481Z - Time taken for 'hash changed files from watcher' 1.5475000003352761ms
Time taken for 'plugin worker 31356 code loading' 154.2528ms
Time taken for 'plugin worker 11408 code loading' 146.8545ms
Time taken for 'plugin worker 36340 code loading' 155.5604ms
[NX v22.6.4 Daemon Server] - 2026-04-10T14:53:45.669Z - Time taken for 'start-plugin-worker:nx/js/dependencies-and-lockfile' 211.5537999998778ms
[NX v22.6.4 Daemon Server] - 2026-04-10T14:53:45.669Z - Time taken for 'start-plugin-worker:nx/core/package-json' 203.0731000006199ms
[NX v22.6.4 Daemon Server] - 2026-04-10T14:53:45.669Z - Time taken for 'start-plugin-worker:nx/core/project-json' 196.6363999992609ms
[NX v22.6.4 Daemon Server] - 2026-04-10T14:53:45.782Z - Time taken for 'build-project-configs' 318.98230000026524ms
[NX v22.6.4 Daemon Server] - 2026-04-10T14:53:45.782Z - Time taken for 'createNodes:merge' 0.8700999999418855ms
[NX v22.6.4 Daemon Server] - 2026-04-10T14:53:45.782Z - Time taken for 'get-all-workspace-files' 0.05889999959617853ms
Time taken for 'nx/js/dependencies-and-lockfile:createNodes' 7.849099999999964ms
[NX v22.6.4 Daemon Server] - 2026-04-10T14:53:45.801Z - [SYNC]: collect registered sync generators
[NX v22.6.4 Daemon Server] - 2026-04-10T14:53:45.801Z - [SYNC]: project graph hash is the same, not collecting task sync generators
[NX v22.6.4 Daemon Server] - 2026-04-10T14:53:45.801Z - [SYNC]: nx.json hash is the same, not collecting global sync generators
[NX v22.6.4 Daemon Server] - 2026-04-10T14:53:45.801Z - Serializing response for PROJECT_GRAPH_UPDATED message in json mode
[NX v22.6.4 Daemon Server] - 2026-04-10T14:53:45.803Z - Responding to PROJECT_GRAPH_UPDATED message
[NX v22.6.4 Daemon Server] - 2026-04-10T14:53:45.803Z - [REQUEST]: Responding to the client. Project graph updated
[NX v22.6.4 Daemon Server] - 2026-04-10T14:53:45.804Z - Time taken for 'total execution time for createProjectGraph()' 21.892900000326335ms
[NX v22.6.4 Daemon Server] - 2026-04-10T14:53:45.804Z - Time taken for 'createDependencies' 17.47219999972731ms
[NX v22.6.4 Daemon Server] - 2026-04-10T14:53:45.804Z - Time taken for 'nx/js/dependencies-and-lockfile:createDependencies' 17.40859999973327ms
[NX v22.6.4 Daemon Server] - 2026-04-10T14:53:45.804Z - Time taken for 'createMetadata' 0.015399999916553497ms
[NX v22.6.4 Daemon Server] - 2026-04-10T14:53:45.804Z - Time taken for 'serialize graph' 2.2494999999180436ms
[NX v22.6.4 Daemon Client] - 2026-04-10T14:53:45.805Z - [Messenger] Received message, length: 633984
[NX v22.6.4 Daemon Server] - 2026-04-10T14:53:45.805Z - Done responding to the client Project graph updated
[NX v22.6.4 Daemon Server] - 2026-04-10T14:53:45.805Z - Handled json message PROJECT_GRAPH_UPDATED. Handling time: 0. Response time: 4.
[NX v22.6.4 Daemon Server] - 2026-04-10T14:53:46.820Z - Established a connection. Number of open connections: 3
[NX v22.6.4 Daemon Client] - 2026-04-10T14:53:46.821Z - [Messenger] Sending message type: GET_CONTEXT_FILE_DATA
[NX v22.6.4 Daemon Server] - 2026-04-10T14:53:46.821Z - Closed a connection. Number of open connections: 2
[NX v22.6.4 Daemon Client] - 2026-04-10T14:53:46.821Z - [Messenger] Message sent
[NX v22.6.4 Daemon Server] - 2026-04-10T14:53:46.823Z - Received raw message of length 32
[NX v22.6.4 Daemon Server] - 2026-04-10T14:53:46.823Z - Received json message of type GET_CONTEXT_FILE_DATA
[NX v22.6.4 Daemon Server] - 2026-04-10T14:53:46.824Z - Serializing response for GET_CONTEXT_FILE_DATA message in json mode
[NX v22.6.4 Daemon Server] - 2026-04-10T14:53:46.824Z - Responding to GET_CONTEXT_FILE_DATA message
[NX v22.6.4 Daemon Server] - 2026-04-10T14:53:46.824Z - [REQUEST]: Responding to the client. handleContextFileData
[NX v22.6.4 Daemon Server] - 2026-04-10T14:53:46.824Z - Done responding to the client handleContextFileData
[NX v22.6.4 Daemon Server] - 2026-04-10T14:53:46.824Z - Handled json message GET_CONTEXT_FILE_DATA. Handling time: 1. Response time: 0.
[NX v22.6.4 Daemon Client] - 2026-04-10T14:53:46.824Z - [Messenger] Received message, length: 26991
[NX v22.6.4 Daemon Server] - 2026-04-10T14:53:47.032Z - Closed a connection. Number of open connections: 1
[NX v22.6.4 Daemon Client] - 2026-04-10T14:53:47.033Z - [ProjectGraphListener] Socket closed, triggering reconnection
[NX v22.6.4 Daemon Server] - 2026-04-10T14:53:47.035Z - Established a connection. Number of open connections: 2
[NX v22.6.4 Daemon Server] - 2026-04-10T14:53:47.035Z - Closed a connection. Number of open connections: 1
[NX v22.6.4 Daemon Client] - 2026-04-10T14:53:47.035Z - [Messenger] Setting up socket listeners
[NX v22.6.4 Daemon Server] - 2026-04-10T14:53:47.035Z - Established a connection. Number of open connections: 2
[NX v22.6.4 Daemon Client] - 2026-04-10T14:53:47.035Z - [Messenger] listen() complete
[NX v22.6.4 Daemon Client] - 2026-04-10T14:53:47.036Z - [Messenger] Sending message type: REGISTER_PROJECT_GRAPH_LISTENER
[NX v22.6.4 Daemon Client] - 2026-04-10T14:53:47.036Z - [Messenger] Message sent
[NX v22.6.4 Daemon Server] - 2026-04-10T14:53:47.036Z - Received raw message of length 42
[NX v22.6.4 Daemon Server] - 2026-04-10T14:53:47.036Z - Received json message of type REGISTER_PROJECT_GRAPH_LISTENER
[NX v22.6.4 Daemon Server] - 2026-04-10T14:55:41.533Z - [WATCHER]: Processing file changes in outputs
[NX v22.6.4 Daemon Server] - 2026-04-10T14:55:41.534Z - [WATCHER]: src/app/pages/auth/data/auth.effects.ts was modified
[NX v22.6.4 Daemon Server] - 2026-04-10T14:55:41.534Z - [SYNC]: clearing sync generators cache due to file changes
[NX v22.6.4 Daemon Server] - 2026-04-10T14:55:42.342Z - [REQUEST]: Updated workspace context based on watched changes, recomputing project graph...
[NX v22.6.4 Daemon Server] - 2026-04-10T14:55:42.342Z - [REQUEST]: src/app/pages/auth/data/auth.effects.ts
[NX v22.6.4 Daemon Server] - 2026-04-10T14:55:42.342Z - [REQUEST]: 
[NX v22.6.4 Daemon Server] - 2026-04-10T14:55:42.366Z - Time taken for 'hash changed files from watcher' 0.7457999996840954ms
Time taken for 'plugin worker 22076 code loading' 189.9555ms
Time taken for 'plugin worker 23020 code loading' 188.38049999999998ms
Time taken for 'plugin worker 37296 code loading' 183.5179ms
[NX v22.6.4 Daemon Server] - 2026-04-10T14:55:42.590Z - Time taken for 'start-plugin-worker:nx/js/dependencies-and-lockfile' 246.58440000005066ms
[NX v22.6.4 Daemon Server] - 2026-04-10T14:55:42.590Z - Time taken for 'start-plugin-worker:nx/core/package-json' 239.7979000005871ms
[NX v22.6.4 Daemon Server] - 2026-04-10T14:55:42.590Z - Time taken for 'start-plugin-worker:nx/core/project-json' 231.88499999977648ms
[NX v22.6.4 Daemon Server] - 2026-04-10T14:55:42.730Z - Time taken for 'build-project-configs' 380.66370000038296ms
[NX v22.6.4 Daemon Server] - 2026-04-10T14:55:42.730Z - Time taken for 'createNodes:merge' 0.894000000320375ms
[NX v22.6.4 Daemon Server] - 2026-04-10T14:55:42.730Z - Time taken for 'get-all-workspace-files' 0.15370000060647726ms
Time taken for 'nx/js/dependencies-and-lockfile:createNodes' 10.795699999999954ms
[NX v22.6.4 Daemon Server] - 2026-04-10T14:55:42.755Z - [SYNC]: collect registered sync generators
[NX v22.6.4 Daemon Server] - 2026-04-10T14:55:42.756Z - [SYNC]: project graph hash is the same, not collecting task sync generators
[NX v22.6.4 Daemon Server] - 2026-04-10T14:55:42.756Z - [SYNC]: nx.json hash is the same, not collecting global sync generators
[NX v22.6.4 Daemon Server] - 2026-04-10T14:55:42.756Z - Serializing response for PROJECT_GRAPH_UPDATED message in json mode
[NX v22.6.4 Daemon Server] - 2026-04-10T14:55:42.759Z - Responding to PROJECT_GRAPH_UPDATED message
[NX v22.6.4 Daemon Server] - 2026-04-10T14:55:42.760Z - [REQUEST]: Responding to the client. Project graph updated
[NX v22.6.4 Daemon Server] - 2026-04-10T14:55:42.761Z - Time taken for 'total execution time for createProjectGraph()' 28.233200000599027ms
[NX v22.6.4 Daemon Server] - 2026-04-10T14:55:42.761Z - Time taken for 'createDependencies' 24.220799999311566ms
[NX v22.6.4 Daemon Server] - 2026-04-10T14:55:42.761Z - Time taken for 'nx/js/dependencies-and-lockfile:createDependencies' 24.107900000177324ms
[NX v22.6.4 Daemon Server] - 2026-04-10T14:55:42.761Z - Time taken for 'createMetadata' 0.027699999511241913ms
[NX v22.6.4 Daemon Server] - 2026-04-10T14:55:42.761Z - Time taken for 'serialize graph' 2.5181999998167157ms
[NX v22.6.4 Daemon Server] - 2026-04-10T14:55:42.762Z - Done responding to the client Project graph updated
[NX v22.6.4 Daemon Server] - 2026-04-10T14:55:42.762Z - Handled json message PROJECT_GRAPH_UPDATED. Handling time: 0. Response time: 6.
[NX v22.6.4 Daemon Client] - 2026-04-10T14:55:42.762Z - [Messenger] Received message, length: 633984
[NX v22.6.4 Daemon Server] - 2026-04-10T14:55:43.781Z - Established a connection. Number of open connections: 3
[NX v22.6.4 Daemon Client] - 2026-04-10T14:55:43.782Z - [Messenger] Sending message type: GET_CONTEXT_FILE_DATA
[NX v22.6.4 Daemon Server] - 2026-04-10T14:55:43.782Z - Closed a connection. Number of open connections: 2
[NX v22.6.4 Daemon Client] - 2026-04-10T14:55:43.782Z - [Messenger] Message sent
[NX v22.6.4 Daemon Server] - 2026-04-10T14:55:43.782Z - Received raw message of length 32
[NX v22.6.4 Daemon Server] - 2026-04-10T14:55:43.782Z - Received json message of type GET_CONTEXT_FILE_DATA
[NX v22.6.4 Daemon Server] - 2026-04-10T14:55:43.783Z - Serializing response for GET_CONTEXT_FILE_DATA message in json mode
[NX v22.6.4 Daemon Server] - 2026-04-10T14:55:43.783Z - Responding to GET_CONTEXT_FILE_DATA message
[NX v22.6.4 Daemon Server] - 2026-04-10T14:55:43.783Z - [REQUEST]: Responding to the client. handleContextFileData
[NX v22.6.4 Daemon Server] - 2026-04-10T14:55:43.783Z - Done responding to the client handleContextFileData
[NX v22.6.4 Daemon Server] - 2026-04-10T14:55:43.783Z - Handled json message GET_CONTEXT_FILE_DATA. Handling time: 1. Response time: 0.
[NX v22.6.4 Daemon Client] - 2026-04-10T14:55:43.783Z - [Messenger] Received message, length: 26991
[NX v22.6.4 Daemon Server] - 2026-04-10T14:55:44.018Z - Closed a connection. Number of open connections: 1
[NX v22.6.4 Daemon Client] - 2026-04-10T14:55:44.018Z - [ProjectGraphListener] Socket closed, triggering reconnection
[NX v22.6.4 Daemon Server] - 2026-04-10T14:55:44.020Z - Established a connection. Number of open connections: 2
[NX v22.6.4 Daemon Server] - 2026-04-10T14:55:44.020Z - Closed a connection. Number of open connections: 1
[NX v22.6.4 Daemon Client] - 2026-04-10T14:55:44.020Z - [Messenger] Setting up socket listeners
[NX v22.6.4 Daemon Server] - 2026-04-10T14:55:44.021Z - Established a connection. Number of open connections: 2
[NX v22.6.4 Daemon Client] - 2026-04-10T14:55:44.021Z - [Messenger] listen() complete
[NX v22.6.4 Daemon Client] - 2026-04-10T14:55:44.021Z - [Messenger] Sending message type: REGISTER_PROJECT_GRAPH_LISTENER
[NX v22.6.4 Daemon Client] - 2026-04-10T14:55:44.021Z - [Messenger] Message sent
[NX v22.6.4 Daemon Server] - 2026-04-10T14:55:44.022Z - Received raw message of length 42
[NX v22.6.4 Daemon Server] - 2026-04-10T14:55:44.022Z - Received json message of type REGISTER_PROJECT_GRAPH_LISTENER
[NX v22.6.4 Daemon Server] - 2026-04-10T14:55:45.980Z - [WATCHER]: src/app/pages/auth/data/auth.effects.ts was modified
[NX v22.6.4 Daemon Server] - 2026-04-10T14:55:45.980Z - [SYNC]: clearing sync generators cache due to file changes
[NX v22.6.4 Daemon Server] - 2026-04-10T14:55:45.980Z - [WATCHER]: Processing file changes in outputs
[NX v22.6.4 Daemon Server] - 2026-04-10T14:55:47.589Z - [REQUEST]: Updated workspace context based on watched changes, recomputing project graph...
[NX v22.6.4 Daemon Server] - 2026-04-10T14:55:47.589Z - [REQUEST]: src/app/pages/auth/data/auth.effects.ts
[NX v22.6.4 Daemon Server] - 2026-04-10T14:55:47.589Z - [REQUEST]: 
[NX v22.6.4 Daemon Server] - 2026-04-10T14:55:47.614Z - Time taken for 'hash changed files from watcher' 0.4041999997571111ms
Time taken for 'plugin worker 7532 code loading' 177.71359999999999ms
Time taken for 'plugin worker 33524 code loading' 169.1899ms
Time taken for 'plugin worker 18724 code loading' 168.8813ms
[NX v22.6.4 Daemon Server] - 2026-04-10T14:55:47.819Z - Time taken for 'start-plugin-worker:nx/js/dependencies-and-lockfile' 229.02120000030845ms
[NX v22.6.4 Daemon Server] - 2026-04-10T14:55:47.819Z - Time taken for 'start-plugin-worker:nx/core/package-json' 221.46549999993294ms
[NX v22.6.4 Daemon Server] - 2026-04-10T14:55:47.820Z - Time taken for 'start-plugin-worker:nx/core/project-json' 212.75239999964833ms
[NX v22.6.4 Daemon Server] - 2026-04-10T14:55:47.941Z - Time taken for 'build-project-configs' 346.2270999997854ms
[NX v22.6.4 Daemon Server] - 2026-04-10T14:55:47.942Z - Time taken for 'createNodes:merge' 1.1054000006988645ms
[NX v22.6.4 Daemon Server] - 2026-04-10T14:55:47.942Z - Time taken for 'get-all-workspace-files' 0.06060000043362379ms
Time taken for 'nx/js/dependencies-and-lockfile:createNodes' 9.2192ms
[NX v22.6.4 Daemon Server] - 2026-04-10T14:55:47.965Z - [SYNC]: collect registered sync generators
[NX v22.6.4 Daemon Server] - 2026-04-10T14:55:47.966Z - [SYNC]: project graph hash is the same, not collecting task sync generators
[NX v22.6.4 Daemon Server] - 2026-04-10T14:55:47.966Z - [SYNC]: nx.json hash is the same, not collecting global sync generators
[NX v22.6.4 Daemon Server] - 2026-04-10T14:55:47.966Z - Serializing response for PROJECT_GRAPH_UPDATED message in json mode
[NX v22.6.4 Daemon Server] - 2026-04-10T14:55:47.968Z - Responding to PROJECT_GRAPH_UPDATED message
[NX v22.6.4 Daemon Server] - 2026-04-10T14:55:47.968Z - [REQUEST]: Responding to the client. Project graph updated
[NX v22.6.4 Daemon Server] - 2026-04-10T14:55:47.969Z - Time taken for 'total execution time for createProjectGraph()' 26.571800000034273ms
[NX v22.6.4 Daemon Server] - 2026-04-10T14:55:47.969Z - Time taken for 'createDependencies' 23.307199999690056ms
[NX v22.6.4 Daemon Server] - 2026-04-10T14:55:47.969Z - Time taken for 'nx/js/dependencies-and-lockfile:createDependencies' 23.19359999988228ms
[NX v22.6.4 Daemon Server] - 2026-04-10T14:55:47.969Z - Time taken for 'createMetadata' 0.015899999998509884ms
[NX v22.6.4 Daemon Server] - 2026-04-10T14:55:47.969Z - Time taken for 'serialize graph' 1.9961000001057982ms
[NX v22.6.4 Daemon Client] - 2026-04-10T14:55:47.970Z - [Messenger] Received message, length: 633984
[NX v22.6.4 Daemon Server] - 2026-04-10T14:55:47.970Z - Done responding to the client Project graph updated
[NX v22.6.4 Daemon Server] - 2026-04-10T14:55:47.970Z - Handled json message PROJECT_GRAPH_UPDATED. Handling time: 0. Response time: 4.
[NX v22.6.4 Daemon Server] - 2026-04-10T14:55:48.991Z - Established a connection. Number of open connections: 3
[NX v22.6.4 Daemon Client] - 2026-04-10T14:55:48.991Z - [Messenger] Sending message type: GET_CONTEXT_FILE_DATA
[NX v22.6.4 Daemon Server] - 2026-04-10T14:55:48.991Z - Closed a connection. Number of open connections: 2
[NX v22.6.4 Daemon Client] - 2026-04-10T14:55:48.991Z - [Messenger] Message sent
[NX v22.6.4 Daemon Server] - 2026-04-10T14:55:48.991Z - Received raw message of length 32
[NX v22.6.4 Daemon Server] - 2026-04-10T14:55:48.992Z - Received json message of type GET_CONTEXT_FILE_DATA
[NX v22.6.4 Daemon Server] - 2026-04-10T14:55:48.992Z - Serializing response for GET_CONTEXT_FILE_DATA message in json mode
[NX v22.6.4 Daemon Server] - 2026-04-10T14:55:48.992Z - Responding to GET_CONTEXT_FILE_DATA message
[NX v22.6.4 Daemon Server] - 2026-04-10T14:55:48.992Z - [REQUEST]: Responding to the client. handleContextFileData
[NX v22.6.4 Daemon Server] - 2026-04-10T14:55:48.993Z - Done responding to the client handleContextFileData
[NX v22.6.4 Daemon Server] - 2026-04-10T14:55:48.993Z - Handled json message GET_CONTEXT_FILE_DATA. Handling time: 0. Response time: 1.
[NX v22.6.4 Daemon Client] - 2026-04-10T14:55:48.993Z - [Messenger] Received message, length: 26991
[NX v22.6.4 Daemon Server] - 2026-04-10T14:55:49.162Z - Closed a connection. Number of open connections: 1
[NX v22.6.4 Daemon Client] - 2026-04-10T14:55:49.162Z - [ProjectGraphListener] Socket closed, triggering reconnection
[NX v22.6.4 Daemon Server] - 2026-04-10T14:55:49.163Z - Established a connection. Number of open connections: 2
[NX v22.6.4 Daemon Server] - 2026-04-10T14:55:49.164Z - Closed a connection. Number of open connections: 1
[NX v22.6.4 Daemon Client] - 2026-04-10T14:55:49.164Z - [Messenger] Setting up socket listeners
[NX v22.6.4 Daemon Server] - 2026-04-10T14:55:49.164Z - Established a connection. Number of open connections: 2
[NX v22.6.4 Daemon Client] - 2026-04-10T14:55:49.164Z - [Messenger] listen() complete
[NX v22.6.4 Daemon Client] - 2026-04-10T14:55:49.164Z - [Messenger] Sending message type: REGISTER_PROJECT_GRAPH_LISTENER
[NX v22.6.4 Daemon Client] - 2026-04-10T14:55:49.164Z - [Messenger] Message sent
[NX v22.6.4 Daemon Server] - 2026-04-10T14:55:49.166Z - Received raw message of length 42
[NX v22.6.4 Daemon Server] - 2026-04-10T14:55:49.166Z - Received json message of type REGISTER_PROJECT_GRAPH_LISTENER
[NX v22.6.4 Daemon Server] - 2026-04-10T14:56:10.083Z - Established a connection. Number of open connections: 3
[NX v22.6.4 Daemon Server] - 2026-04-10T14:56:10.083Z - Closed a connection. Number of open connections: 2
[NX v22.6.4 Daemon Server] - 2026-04-10T14:56:10.083Z - Established a connection. Number of open connections: 3
[NX v22.6.4 Daemon Server] - 2026-04-10T14:56:10.084Z - Closed a connection. Number of open connections: 2
[NX v22.6.4 Daemon Server] - 2026-04-10T14:56:10.084Z - Established a connection. Number of open connections: 3
[NX v22.6.4 Daemon Client] - 2026-04-10T14:56:10.084Z - [Messenger] Setting up socket listeners
[NX v22.6.4 Daemon Client] - 2026-04-10T14:56:10.084Z - [Messenger] listen() complete
[NX v22.6.4 Daemon Client] - 2026-04-10T14:56:10.085Z - [Messenger] Sending message type: GET_NX_CONSOLE_STATUS
[NX v22.6.4 Daemon Client] - 2026-04-10T14:56:10.086Z - [Messenger] Message sent
[NX v22.6.4 Daemon Server] - 2026-04-10T14:56:10.246Z - Received raw message of length 32
[NX v22.6.4 Daemon Server] - 2026-04-10T14:56:10.246Z - Received json message of type GET_NX_CONSOLE_STATUS
[NX v22.6.4 Daemon Server] - 2026-04-10T14:56:10.247Z - Serializing response for GET_NX_CONSOLE_STATUS message in json mode
[NX v22.6.4 Daemon Server] - 2026-04-10T14:56:10.247Z - Responding to GET_NX_CONSOLE_STATUS message
[NX v22.6.4 Daemon Server] - 2026-04-10T14:56:10.247Z - [REQUEST]: Responding to the client. handleGetNxConsoleStatus
[NX v22.6.4 Daemon Server] - 2026-04-10T14:56:10.247Z - Done responding to the client handleGetNxConsoleStatus
[NX v22.6.4 Daemon Server] - 2026-04-10T14:56:10.247Z - Handled json message GET_NX_CONSOLE_STATUS. Handling time: 0. Response time: 0.
[NX v22.6.4 Daemon Client] - 2026-04-10T14:56:10.247Z - [Messenger] Received message, length: 22
[NX v22.6.4 Daemon Client] - 2026-04-10T14:56:10.288Z - [Messenger] Sending message type: REQUEST_PROJECT_GRAPH
[NX v22.6.4 Daemon Client] - 2026-04-10T14:56:10.288Z - [Messenger] Message sent
[NX v22.6.4 Daemon Server] - 2026-04-10T14:56:10.291Z - Received raw message of length 32
[NX v22.6.4 Daemon Server] - 2026-04-10T14:56:10.291Z - Received json message of type REQUEST_PROJECT_GRAPH
[NX v22.6.4 Daemon Server] - 2026-04-10T14:56:10.291Z - [REQUEST]: Client Request for Project Graph Received
[NX v22.6.4 Daemon Server] - 2026-04-10T14:56:10.292Z - Reusing in-memory cached project graph because no files changed.
[NX v22.6.4 Daemon Server] - 2026-04-10T14:56:10.292Z - Serializing response for REQUEST_PROJECT_GRAPH message in json mode
[NX v22.6.4 Daemon Server] - 2026-04-10T14:56:10.292Z - Responding to REQUEST_PROJECT_GRAPH message
[NX v22.6.4 Daemon Server] - 2026-04-10T14:56:10.292Z - [REQUEST]: Responding to the client. project-graph
[NX v22.6.4 Daemon Server] - 2026-04-10T14:56:10.293Z - Time taken for 'total for creating and serializing project graph' 0.884599999524653ms
[NX v22.6.4 Daemon Server] - 2026-04-10T14:56:10.293Z - Done responding to the client project-graph
[NX v22.6.4 Daemon Server] - 2026-04-10T14:56:10.293Z - Handled json message REQUEST_PROJECT_GRAPH. Handling time: 1. Response time: 1.
[NX v22.6.4 Daemon Client] - 2026-04-10T14:56:10.294Z - [Messenger] Received message, length: 633991
[NX v22.6.4 Daemon Client] - 2026-04-10T14:56:10.298Z - [Messenger] Sending message type: PRE_TASKS_EXECUTION
[NX v22.6.4 Daemon Client] - 2026-04-10T14:56:10.299Z - [Messenger] Message sent
[NX v22.6.4 Daemon Server] - 2026-04-10T14:56:10.300Z - Received raw message of length 884
[NX v22.6.4 Daemon Server] - 2026-04-10T14:56:10.300Z - Received json message of type PRE_TASKS_EXECUTION
[NX v22.6.4 Daemon Server] - 2026-04-10T14:56:10.300Z - Serializing response for PRE_TASKS_EXECUTION message in json mode
[NX v22.6.4 Daemon Server] - 2026-04-10T14:56:10.300Z - Responding to PRE_TASKS_EXECUTION message
[NX v22.6.4 Daemon Server] - 2026-04-10T14:56:10.300Z - [REQUEST]: Responding to the client. handleRunPreTasksExecution
[NX v22.6.4 Daemon Server] - 2026-04-10T14:56:10.300Z - Time taken for 'preTasksExecution' 0.3264000006020069ms
[NX v22.6.4 Daemon Server] - 2026-04-10T14:56:10.300Z - Done responding to the client handleRunPreTasksExecution
[NX v22.6.4 Daemon Server] - 2026-04-10T14:56:10.300Z - Handled json message PRE_TASKS_EXECUTION. Handling time: 0. Response time: 0.
[NX v22.6.4 Daemon Client] - 2026-04-10T14:56:10.300Z - [Messenger] Received message, length: 2
[NX v22.6.4 Daemon Client] - 2026-04-10T14:56:10.335Z - [Messenger] Sending message type: HASH_TASKS
[NX v22.6.4 Daemon Client] - 2026-04-10T14:56:10.335Z - [Messenger] Message sent
[NX v22.6.4 Daemon Server] - 2026-04-10T14:56:10.336Z - Received raw message of length 7658
[NX v22.6.4 Daemon Server] - 2026-04-10T14:56:10.336Z - Received json message of type HASH_TASKS
[NX v22.6.4 Daemon Server] - 2026-04-10T14:56:10.337Z - Reusing in-memory cached project graph because no files changed.
DEBUG nx::native::tasks::hash_planner: get_plans_internal COMPLETED in 2.8337ms - processed 1 tasks (setup: 2.6753ms, parallel_planning: 148.9µs)
DEBUG nx::native::tasks::hashers::hash_workspace_files: Hashing workspace fileset with inputs: Adding "9971565417412081857" (".gitignore") to hash
DEBUG nx::native::tasks::hashers::hash_workspace_files: Hashing workspace fileset with inputs: Adding "3986529419154739731" ("nx.json") to hash
DEBUG nx::native::tasks::hashers::hash_workspace_files: Hashing workspace fileset with inputs: Hash Value: "14787824926337430294"
DEBUG nx::native::tasks::task_hasher: hash_plans COMPLETED in 2.1817ms - processed 1 plans (setup: 243.4µs, hashing: 1.9334ms, assembly: 693.6µs)
[NX v22.6.4 Daemon Server] - 2026-04-10T14:56:10.349Z - Serializing response for HASH_TASKS message in json mode
[NX v22.6.4 Daemon Server] - 2026-04-10T14:56:10.349Z - Responding to HASH_TASKS message
[NX v22.6.4 Daemon Server] - 2026-04-10T14:56:10.349Z - [REQUEST]: Responding to the client. handleHashTasks
[NX v22.6.4 Daemon Client] - 2026-04-10T14:56:10.349Z - [Messenger] Received message, length: 10963
[NX v22.6.4 Daemon Server] - 2026-04-10T14:56:10.350Z - Done responding to the client handleHashTasks
[NX v22.6.4 Daemon Server] - 2026-04-10T14:56:10.350Z - Handled json message HASH_TASKS. Handling time: 13. Response time: 1.
[NX v22.6.4 Daemon Client] - 2026-04-10T14:56:10.584Z - [Messenger] Sending message type: GET_ESTIMATED_TASK_TIMINGS
[NX v22.6.4 Daemon Client] - 2026-04-10T14:56:10.584Z - [Messenger] Message sent
[NX v22.6.4 Daemon Server] - 2026-04-10T14:56:10.647Z - Received raw message of length 122
[NX v22.6.4 Daemon Server] - 2026-04-10T14:56:10.647Z - Received json message of type GET_ESTIMATED_TASK_TIMINGS
[NX v22.6.4 Daemon Server] - 2026-04-10T14:56:10.647Z - Serializing response for GET_ESTIMATED_TASK_TIMINGS message in json mode
[NX v22.6.4 Daemon Server] - 2026-04-10T14:56:10.647Z - Responding to GET_ESTIMATED_TASK_TIMINGS message
[NX v22.6.4 Daemon Server] - 2026-04-10T14:56:10.647Z - [REQUEST]: Responding to the client. handleGetEstimatedTaskTimings
[NX v22.6.4 Daemon Server] - 2026-04-10T14:56:10.648Z - Done responding to the client handleGetEstimatedTaskTimings
[NX v22.6.4 Daemon Server] - 2026-04-10T14:56:10.648Z - Handled json message GET_ESTIMATED_TASK_TIMINGS. Handling time: 0. Response time: 1.
[NX v22.6.4 Daemon Client] - 2026-04-10T14:56:10.647Z - [Messenger] Received message, length: 39
[NX v22.6.4 Daemon Server] - 2026-04-10T14:56:16.328Z - [WATCHER]: Processing file changes in outputs
[NX v22.6.4 Daemon Server] - 2026-04-10T14:56:23.053Z - [WATCHER]: Processing file changes in outputs
[NX v22.6.4 Daemon Server] - 2026-04-10T14:56:23.105Z - [WATCHER]: Processing file changes in outputs
[NX v22.6.4 Daemon Server] - 2026-04-10T14:56:23.156Z - [WATCHER]: Processing file changes in outputs
[NX v22.6.4 Daemon Server] - 2026-04-10T14:56:23.221Z - [WATCHER]: Processing file changes in outputs
[NX v22.6.4 Daemon Server] - 2026-04-10T14:56:23.281Z - [WATCHER]: Processing file changes in outputs
[NX v22.6.4 Daemon Server] - 2026-04-10T14:56:23.341Z - [WATCHER]: Processing file changes in outputs
[NX v22.6.4 Daemon Server] - 2026-04-10T14:56:23.395Z - [WATCHER]: Processing file changes in outputs
[NX v22.6.4 Daemon Server] - 2026-04-10T14:56:23.457Z - [WATCHER]: Processing file changes in outputs
[NX v22.6.4 Daemon Server] - 2026-04-10T14:56:23.551Z - [WATCHER]: Processing file changes in outputs
[NX v22.6.4 Daemon Client] - 2026-04-10T14:56:23.607Z - [Messenger] Sending message type: RECORD_OUTPUTS_HASH
[NX v22.6.4 Daemon Client] - 2026-04-10T14:56:23.607Z - [Messenger] Message sent
[NX v22.6.4 Daemon Server] - 2026-04-10T14:56:23.608Z - Received raw message of length 98
[NX v22.6.4 Daemon Server] - 2026-04-10T14:56:23.608Z - Received json message of type RECORD_OUTPUTS_HASH
[NX v22.6.4 Daemon Server] - 2026-04-10T14:56:23.625Z - Serializing response for RECORD_OUTPUTS_HASH message in json mode
[NX v22.6.4 Daemon Server] - 2026-04-10T14:56:23.625Z - Responding to RECORD_OUTPUTS_HASH message
[NX v22.6.4 Daemon Server] - 2026-04-10T14:56:23.625Z - [REQUEST]: Responding to the client. recordOutputsHash
[NX v22.6.4 Daemon Server] - 2026-04-10T14:56:23.625Z - [WATCHER]: Processing file changes in outputs
[NX v22.6.4 Daemon Server] - 2026-04-10T14:56:23.625Z - Done responding to the client recordOutputsHash
[NX v22.6.4 Daemon Server] - 2026-04-10T14:56:23.625Z - Handled json message RECORD_OUTPUTS_HASH. Handling time: 17. Response time: 0.
[NX v22.6.4 Daemon Client] - 2026-04-10T14:56:23.625Z - [Messenger] Received message, length: 2
[NX v22.6.4 Daemon Client] - 2026-04-10T14:56:23.831Z - [Messenger] Sending message type: RECORD_TASK_RUNS
[NX v22.6.4 Daemon Client] - 2026-04-10T14:56:23.831Z - [Messenger] Message sent
[NX v22.6.4 Daemon Server] - 2026-04-10T14:56:23.832Z - Received raw message of length 239
[NX v22.6.4 Daemon Server] - 2026-04-10T14:56:23.832Z - Received json message of type RECORD_TASK_RUNS
[NX v22.6.4 Daemon Server] - 2026-04-10T14:56:23.833Z - Serializing response for RECORD_TASK_RUNS message in json mode
[NX v22.6.4 Daemon Server] - 2026-04-10T14:56:23.833Z - Responding to RECORD_TASK_RUNS message
[NX v22.6.4 Daemon Server] - 2026-04-10T14:56:23.833Z - [REQUEST]: Responding to the client. handleRecordTaskRuns
[NX v22.6.4 Daemon Server] - 2026-04-10T14:56:23.833Z - Done responding to the client handleRecordTaskRuns
[NX v22.6.4 Daemon Server] - 2026-04-10T14:56:23.833Z - Handled json message RECORD_TASK_RUNS. Handling time: 1. Response time: 0.
[NX v22.6.4 Daemon Client] - 2026-04-10T14:56:23.833Z - [Messenger] Received message, length: 4
[NX v22.6.4 Daemon Client] - 2026-04-10T14:56:23.833Z - [Messenger] Sending message type: GET_FLAKY_TASKS
[NX v22.6.4 Daemon Client] - 2026-04-10T14:56:23.834Z - [Messenger] Message sent
[NX v22.6.4 Daemon Server] - 2026-04-10T14:56:23.834Z - Received raw message of length 58
[NX v22.6.4 Daemon Server] - 2026-04-10T14:56:23.835Z - Received json message of type GET_FLAKY_TASKS
[NX v22.6.4 Daemon Server] - 2026-04-10T14:56:23.835Z - Serializing response for GET_FLAKY_TASKS message in json mode
[NX v22.6.4 Daemon Server] - 2026-04-10T14:56:23.835Z - Responding to GET_FLAKY_TASKS message
[NX v22.6.4 Daemon Server] - 2026-04-10T14:56:23.835Z - [REQUEST]: Responding to the client. handleGetFlakyTasks
[NX v22.6.4 Daemon Server] - 2026-04-10T14:56:23.835Z - Done responding to the client handleGetFlakyTasks
[NX v22.6.4 Daemon Server] - 2026-04-10T14:56:23.835Z - Handled json message GET_FLAKY_TASKS. Handling time: 0. Response time: 0.
[NX v22.6.4 Daemon Client] - 2026-04-10T14:56:23.835Z - [Messenger] Received message, length: 2
[NX v22.6.4 Daemon Client] - 2026-04-10T14:56:23.935Z - [Messenger] Sending message type: PROCESS_IN_BACKGROUND
[NX v22.6.4 Daemon Client] - 2026-04-10T14:56:23.938Z - [Messenger] Message sent
[NX v22.6.4 Daemon Server] - 2026-04-10T14:56:23.940Z - Received raw message of length 694596
[NX v22.6.4 Daemon Server] - 2026-04-10T14:56:23.943Z - Received json message of type PROCESS_IN_BACKGROUND
[NX v22.6.4 Daemon Server] - 2026-04-10T14:56:24.096Z - Serializing response for PROCESS_IN_BACKGROUND message in json mode
[NX v22.6.4 Daemon Server] - 2026-04-10T14:56:24.096Z - Responding to PROCESS_IN_BACKGROUND message
[NX v22.6.4 Daemon Server] - 2026-04-10T14:56:24.096Z - [REQUEST]: Responding to the client. PROCESS_IN_BACKGROUND
[NX v22.6.4 Daemon Client] - 2026-04-10T14:56:24.096Z - [Messenger] Received message, length: 2
[NX v22.6.4 Daemon Server] - 2026-04-10T14:56:24.098Z - Done responding to the client PROCESS_IN_BACKGROUND
[NX v22.6.4 Daemon Server] - 2026-04-10T14:56:24.098Z - Handled json message PROCESS_IN_BACKGROUND. Handling time: 153. Response time: 2.
[NX v22.6.4 Daemon Server] - 2026-04-10T14:56:24.098Z - Uploading file artifacts
[NX v22.6.4 Daemon Client] - 2026-04-10T14:56:24.099Z - [Messenger] Sending message type: GET_CONFIGURE_AI_AGENTS_STATUS
[NX v22.6.4 Daemon Server] - 2026-04-10T14:56:24.100Z - Established a connection. Number of open connections: 4
[NX v22.6.4 Daemon Client] - 2026-04-10T14:56:24.100Z - [Messenger] Message sent
[NX v22.6.4 Daemon Server] - 2026-04-10T14:56:24.100Z - Closed a connection. Number of open connections: 3
[NX v22.6.4 Daemon Server] - 2026-04-10T14:56:24.101Z - Received raw message of length 41
[NX v22.6.4 Daemon Server] - 2026-04-10T14:56:24.101Z - Received json message of type GET_CONFIGURE_AI_AGENTS_STATUS
[NX v22.6.4 Daemon Server] - 2026-04-10T14:56:24.101Z - [AI-AGENTS]: Returning cached agent configuration status
[NX v22.6.4 Daemon Server] - 2026-04-10T14:56:24.101Z - Serializing response for GET_CONFIGURE_AI_AGENTS_STATUS message in json mode
[NX v22.6.4 Daemon Server] - 2026-04-10T14:56:24.101Z - Responding to GET_CONFIGURE_AI_AGENTS_STATUS message
[NX v22.6.4 Daemon Server] - 2026-04-10T14:56:24.101Z - [REQUEST]: Responding to the client. handleGetConfigureAiAgentsStatus
[NX v22.6.4 Daemon Server] - 2026-04-10T14:56:24.101Z - Done responding to the client handleGetConfigureAiAgentsStatus
[NX v22.6.4 Daemon Server] - 2026-04-10T14:56:24.101Z - Handled json message GET_CONFIGURE_AI_AGENTS_STATUS. Handling time: 0. Response time: 0.
[NX v22.6.4 Daemon Client] - 2026-04-10T14:56:24.101Z - [Messenger] Received message, length: 383
[NX v22.6.4 Daemon Client] - 2026-04-10T14:56:24.104Z - [Messenger] Sending message type: POST_TASKS_EXECUTION
[NX v22.6.4 Daemon Client] - 2026-04-10T14:56:24.105Z - [Messenger] Message sent
[NX v22.6.4 Daemon Server] - 2026-04-10T14:56:24.111Z - Received raw message of length 47301
[NX v22.6.4 Daemon Server] - 2026-04-10T14:56:24.112Z - Received json message of type POST_TASKS_EXECUTION
[NX v22.6.4 Daemon Server] - 2026-04-10T14:56:24.112Z - Serializing response for POST_TASKS_EXECUTION message in json mode
[NX v22.6.4 Daemon Server] - 2026-04-10T14:56:24.112Z - Responding to POST_TASKS_EXECUTION message
[NX v22.6.4 Daemon Server] - 2026-04-10T14:56:24.112Z - [REQUEST]: Responding to the client. handleRunPostTasksExecution
[NX v22.6.4 Daemon Server] - 2026-04-10T14:56:24.112Z - Time taken for 'postTasksExecution' 0.3475999999791384ms
[NX v22.6.4 Daemon Server] - 2026-04-10T14:56:24.112Z - Done responding to the client handleRunPostTasksExecution
[NX v22.6.4 Daemon Server] - 2026-04-10T14:56:24.112Z - Handled json message POST_TASKS_EXECUTION. Handling time: 0. Response time: 0.
[NX v22.6.4 Daemon Client] - 2026-04-10T14:56:24.112Z - [Messenger] Received message, length: 4
[NX v22.6.4 Daemon Server] - 2026-04-10T14:56:24.123Z - Closed a connection. Number of open connections: 2
[NX v22.6.4 Daemon Server] - 2026-04-10T14:56:29.028Z - Done uploading file artifacts
[NX v22.6.4 Daemon Server] - 2026-04-10T14:56:29.028Z - Sending EndRun request
[NX v22.6.4 Daemon Server] - 2026-04-10T14:56:29.532Z - Done sending EndRun request
[NX v22.6.4 Daemon Server] - 2026-04-10T15:01:40.882Z - [WATCHER]: Processing file changes in outputs
[NX v22.6.4 Daemon Server] - 2026-04-10T15:01:40.883Z - [WATCHER]: firebase-debug.log was modified
[NX v22.6.4 Daemon Server] - 2026-04-10T15:01:40.883Z - [SYNC]: clearing sync generators cache due to file changes
[NX v22.6.4 Daemon Server] - 2026-04-10T15:01:41.002Z - [REQUEST]: Updated workspace context based on watched changes, recomputing project graph...
[NX v22.6.4 Daemon Server] - 2026-04-10T15:01:41.002Z - [REQUEST]: firebase-debug.log
[NX v22.6.4 Daemon Server] - 2026-04-10T15:01:41.002Z - [REQUEST]: 
[NX v22.6.4 Daemon Server] - 2026-04-10T15:01:41.026Z - Time taken for 'hash changed files from watcher' 11.586700000800192ms
Time taken for 'plugin worker 26084 code loading' 174.3754ms
Time taken for 'plugin worker 18360 code loading' 166.02210000000002ms
Time taken for 'plugin worker 29004 code loading' 174.9838ms
[NX v22.6.4 Daemon Server] - 2026-04-10T15:01:41.238Z - Time taken for 'start-plugin-worker:nx/js/dependencies-and-lockfile' 234.11169999931008ms
[NX v22.6.4 Daemon Server] - 2026-04-10T15:01:41.238Z - Time taken for 'start-plugin-worker:nx/core/package-json' 226.84159999992698ms
[NX v22.6.4 Daemon Server] - 2026-04-10T15:01:41.238Z - Time taken for 'start-plugin-worker:nx/core/project-json' 220.0246000001207ms
[NX v22.6.4 Daemon Server] - 2026-04-10T15:01:41.361Z - Time taken for 'build-project-configs' 353.04970000032336ms
[NX v22.6.4 Daemon Server] - 2026-04-10T15:01:41.361Z - Time taken for 'createNodes:merge' 0.8426000000908971ms
[NX v22.6.4 Daemon Server] - 2026-04-10T15:01:41.361Z - Time taken for 'get-all-workspace-files' 0.10690000001341105ms
Time taken for 'nx/js/dependencies-and-lockfile:createNodes' 8.894800000000032ms
[NX v22.6.4 Daemon Server] - 2026-04-10T15:01:41.380Z - [SYNC]: collect registered sync generators
[NX v22.6.4 Daemon Server] - 2026-04-10T15:01:41.380Z - [SYNC]: project graph hash is the same, not collecting task sync generators
[NX v22.6.4 Daemon Server] - 2026-04-10T15:01:41.380Z - [SYNC]: nx.json hash is the same, not collecting global sync generators
[NX v22.6.4 Daemon Server] - 2026-04-10T15:01:41.380Z - Serializing response for PROJECT_GRAPH_UPDATED message in json mode
[NX v22.6.4 Daemon Server] - 2026-04-10T15:01:41.382Z - Responding to PROJECT_GRAPH_UPDATED message
[NX v22.6.4 Daemon Server] - 2026-04-10T15:01:41.382Z - [REQUEST]: Responding to the client. Project graph updated
[NX v22.6.4 Daemon Server] - 2026-04-10T15:01:41.383Z - Time taken for 'total execution time for createProjectGraph()' 20.761999999172986ms
[NX v22.6.4 Daemon Server] - 2026-04-10T15:01:41.383Z - Time taken for 'createDependencies' 17.69039999973029ms
[NX v22.6.4 Daemon Server] - 2026-04-10T15:01:41.383Z - Time taken for 'nx/js/dependencies-and-lockfile:createDependencies' 17.62360000051558ms
[NX v22.6.4 Daemon Server] - 2026-04-10T15:01:41.383Z - Time taken for 'createMetadata' 0.012400000356137753ms
[NX v22.6.4 Daemon Server] - 2026-04-10T15:01:41.383Z - Time taken for 'serialize graph' 2.2029999997466803ms
[NX v22.6.4 Daemon Server] - 2026-04-10T15:01:41.384Z - Done responding to the client Project graph updated
[NX v22.6.4 Daemon Server] - 2026-04-10T15:01:41.384Z - Handled json message PROJECT_GRAPH_UPDATED. Handling time: 0. Response time: 4.
[NX v22.6.4 Daemon Client] - 2026-04-10T15:01:41.385Z - [Messenger] Received message, length: 633984
[NX v22.6.4 Daemon Server] - 2026-04-10T15:01:42.407Z - Established a connection. Number of open connections: 3
[NX v22.6.4 Daemon Client] - 2026-04-10T15:01:42.408Z - [Messenger] Sending message type: GET_CONTEXT_FILE_DATA
[NX v22.6.4 Daemon Server] - 2026-04-10T15:01:42.407Z - Closed a connection. Number of open connections: 2
[NX v22.6.4 Daemon Client] - 2026-04-10T15:01:42.408Z - [Messenger] Message sent
[NX v22.6.4 Daemon Server] - 2026-04-10T15:01:42.407Z - Received raw message of length 32
[NX v22.6.4 Daemon Server] - 2026-04-10T15:01:42.408Z - Received json message of type GET_CONTEXT_FILE_DATA
[NX v22.6.4 Daemon Server] - 2026-04-10T15:01:42.408Z - Serializing response for GET_CONTEXT_FILE_DATA message in json mode
[NX v22.6.4 Daemon Server] - 2026-04-10T15:01:42.409Z - Responding to GET_CONTEXT_FILE_DATA message
[NX v22.6.4 Daemon Server] - 2026-04-10T15:01:42.409Z - [REQUEST]: Responding to the client. handleContextFileData
[NX v22.6.4 Daemon Server] - 2026-04-10T15:01:42.409Z - Done responding to the client handleContextFileData
[NX v22.6.4 Daemon Server] - 2026-04-10T15:01:42.409Z - Handled json message GET_CONTEXT_FILE_DATA. Handling time: 0. Response time: 1.
[NX v22.6.4 Daemon Client] - 2026-04-10T15:01:42.410Z - [Messenger] Received message, length: 26992
[NX v22.6.4 Daemon Client] - 2026-04-10T15:01:42.647Z - [ProjectGraphListener] Socket closed, triggering reconnection
[NX v22.6.4 Daemon Server] - 2026-04-10T15:01:42.646Z - Closed a connection. Number of open connections: 1
[NX v22.6.4 Daemon Server] - 2026-04-10T15:01:42.647Z - Established a connection. Number of open connections: 2
[NX v22.6.4 Daemon Server] - 2026-04-10T15:01:42.648Z - Closed a connection. Number of open connections: 1
[NX v22.6.4 Daemon Server] - 2026-04-10T15:01:42.648Z - Established a connection. Number of open connections: 2
[NX v22.6.4 Daemon Client] - 2026-04-10T15:01:42.648Z - [Messenger] Setting up socket listeners
[NX v22.6.4 Daemon Client] - 2026-04-10T15:01:42.649Z - [Messenger] listen() complete
[NX v22.6.4 Daemon Client] - 2026-04-10T15:01:42.649Z - [Messenger] Sending message type: REGISTER_PROJECT_GRAPH_LISTENER
[NX v22.6.4 Daemon Client] - 2026-04-10T15:01:42.649Z - [Messenger] Message sent
[NX v22.6.4 Daemon Server] - 2026-04-10T15:01:42.649Z - Received raw message of length 42
[NX v22.6.4 Daemon Server] - 2026-04-10T15:01:42.649Z - Received json message of type REGISTER_PROJECT_GRAPH_LISTENER
[NX v22.6.4 Daemon Server] - 2026-04-10T15:01:46.069Z - [WATCHER]: Processing file changes in outputs
[NX v22.6.4 Daemon Server] - 2026-04-10T15:01:46.070Z - [WATCHER]: src/app/core/services/auth.service.ts was modified
[NX v22.6.4 Daemon Server] - 2026-04-10T15:01:46.070Z - [SYNC]: clearing sync generators cache due to file changes
[NX v22.6.4 Daemon Server] - 2026-04-10T15:01:46.284Z - [REQUEST]: Updated workspace context based on watched changes, recomputing project graph...
[NX v22.6.4 Daemon Server] - 2026-04-10T15:01:46.284Z - [REQUEST]: src/app/core/services/auth.service.ts
[NX v22.6.4 Daemon Server] - 2026-04-10T15:01:46.284Z - [REQUEST]: 
[NX v22.6.4 Daemon Server] - 2026-04-10T15:01:46.310Z - Time taken for 'hash changed files from watcher' 0.3898999998345971ms
Time taken for 'plugin worker 5596 code loading' 201.01069999999999ms
Time taken for 'plugin worker 28124 code loading' 201.2901ms
[NX v22.6.4 Daemon Server] - 2026-04-10T15:01:46.546Z - Time taken for 'start-plugin-worker:nx/js/dependencies-and-lockfile' 260.699499999173ms
[NX v22.6.4 Daemon Server] - 2026-04-10T15:01:46.546Z - Time taken for 'start-plugin-worker:nx/core/package-json' 253.7027000002563ms
Time taken for 'plugin worker 23744 code loading' 196.24630000000002ms
[NX v22.6.4 Daemon Server] - 2026-04-10T15:01:46.566Z - Time taken for 'start-plugin-worker:nx/core/project-json' 266.3334999997169ms
[NX v22.6.4 Daemon Server] - 2026-04-10T15:01:46.668Z - Time taken for 'build-project-configs' 377.8267999999225ms
[NX v22.6.4 Daemon Server] - 2026-04-10T15:01:46.668Z - Time taken for 'createNodes:merge' 0.7073000008240342ms
[NX v22.6.4 Daemon Server] - 2026-04-10T15:01:46.668Z - Time taken for 'get-all-workspace-files' 0.04519999958574772ms
Time taken for 'nx/js/dependencies-and-lockfile:createNodes' 9.092800000000011ms
[NX v22.6.4 Daemon Server] - 2026-04-10T15:01:46.691Z - [SYNC]: collect registered sync generators
[NX v22.6.4 Daemon Server] - 2026-04-10T15:01:46.692Z - [SYNC]: project graph hash is the same, not collecting task sync generators
[NX v22.6.4 Daemon Server] - 2026-04-10T15:01:46.692Z - [SYNC]: nx.json hash is the same, not collecting global sync generators
[NX v22.6.4 Daemon Server] - 2026-04-10T15:01:46.692Z - Serializing response for PROJECT_GRAPH_UPDATED message in json mode
[NX v22.6.4 Daemon Server] - 2026-04-10T15:01:46.694Z - Responding to PROJECT_GRAPH_UPDATED message
[NX v22.6.4 Daemon Server] - 2026-04-10T15:01:46.694Z - [REQUEST]: Responding to the client. Project graph updated
[NX v22.6.4 Daemon Server] - 2026-04-10T15:01:46.694Z - Time taken for 'total execution time for createProjectGraph()' 25.61349999997765ms
[NX v22.6.4 Daemon Server] - 2026-04-10T15:01:46.694Z - Time taken for 'createDependencies' 22.230399999767542ms
[NX v22.6.4 Daemon Server] - 2026-04-10T15:01:46.694Z - Time taken for 'nx/js/dependencies-and-lockfile:createDependencies' 22.14089999999851ms
[NX v22.6.4 Daemon Server] - 2026-04-10T15:01:46.694Z - Time taken for 'createMetadata' 0.015899999998509884ms
[NX v22.6.4 Daemon Server] - 2026-04-10T15:01:46.694Z - Time taken for 'serialize graph' 2.402200000360608ms
[NX v22.6.4 Daemon Server] - 2026-04-10T15:01:46.696Z - Done responding to the client Project graph updated
[NX v22.6.4 Daemon Server] - 2026-04-10T15:01:46.696Z - Handled json message PROJECT_GRAPH_UPDATED. Handling time: 0. Response time: 4.
[NX v22.6.4 Daemon Client] - 2026-04-10T15:01:46.697Z - [Messenger] Received message, length: 633984
[NX v22.6.4 Daemon Server] - 2026-04-10T15:01:47.705Z - Established a connection. Number of open connections: 3
[NX v22.6.4 Daemon Client] - 2026-04-10T15:01:47.706Z - [Messenger] Sending message type: GET_CONTEXT_FILE_DATA
[NX v22.6.4 Daemon Server] - 2026-04-10T15:01:47.705Z - Closed a connection. Number of open connections: 2
[NX v22.6.4 Daemon Client] - 2026-04-10T15:01:47.706Z - [Messenger] Message sent
[NX v22.6.4 Daemon Server] - 2026-04-10T15:01:47.706Z - Received raw message of length 32
[NX v22.6.4 Daemon Server] - 2026-04-10T15:01:47.706Z - Received json message of type GET_CONTEXT_FILE_DATA
[NX v22.6.4 Daemon Server] - 2026-04-10T15:01:47.707Z - Serializing response for GET_CONTEXT_FILE_DATA message in json mode
[NX v22.6.4 Daemon Server] - 2026-04-10T15:01:47.707Z - Responding to GET_CONTEXT_FILE_DATA message
[NX v22.6.4 Daemon Server] - 2026-04-10T15:01:47.707Z - [REQUEST]: Responding to the client. handleContextFileData
[NX v22.6.4 Daemon Client] - 2026-04-10T15:01:47.708Z - [Messenger] Received message, length: 26992
[NX v22.6.4 Daemon Server] - 2026-04-10T15:01:47.708Z - Done responding to the client handleContextFileData
[NX v22.6.4 Daemon Server] - 2026-04-10T15:01:47.708Z - Handled json message GET_CONTEXT_FILE_DATA. Handling time: 0. Response time: 2.
[NX v22.6.4 Daemon Server] - 2026-04-10T15:01:47.893Z - Closed a connection. Number of open connections: 1
[NX v22.6.4 Daemon Client] - 2026-04-10T15:01:47.894Z - [ProjectGraphListener] Socket closed, triggering reconnection
[NX v22.6.4 Daemon Server] - 2026-04-10T15:01:47.899Z - Established a connection. Number of open connections: 2
[NX v22.6.4 Daemon Server] - 2026-04-10T15:01:47.900Z - Closed a connection. Number of open connections: 1
[NX v22.6.4 Daemon Server] - 2026-04-10T15:01:47.900Z - Established a connection. Number of open connections: 2
[NX v22.6.4 Daemon Client] - 2026-04-10T15:01:47.900Z - [Messenger] Setting up socket listeners
[NX v22.6.4 Daemon Client] - 2026-04-10T15:01:47.901Z - [Messenger] listen() complete
[NX v22.6.4 Daemon Client] - 2026-04-10T15:01:47.901Z - [Messenger] Sending message type: REGISTER_PROJECT_GRAPH_LISTENER
[NX v22.6.4 Daemon Client] - 2026-04-10T15:01:47.901Z - [Messenger] Message sent
[NX v22.6.4 Daemon Server] - 2026-04-10T15:01:47.901Z - Received raw message of length 42
[NX v22.6.4 Daemon Server] - 2026-04-10T15:01:47.901Z - Received json message of type REGISTER_PROJECT_GRAPH_LISTENER
[NX v22.6.4 Daemon Server] - 2026-04-10T15:02:02.945Z - Established a connection. Number of open connections: 3
[NX v22.6.4 Daemon Server] - 2026-04-10T15:02:02.945Z - Closed a connection. Number of open connections: 2
[NX v22.6.4 Daemon Server] - 2026-04-10T15:02:02.945Z - Established a connection. Number of open connections: 3
[NX v22.6.4 Daemon Server] - 2026-04-10T15:02:02.946Z - Closed a connection. Number of open connections: 2
[NX v22.6.4 Daemon Server] - 2026-04-10T15:02:02.946Z - Established a connection. Number of open connections: 3
[NX v22.6.4 Daemon Client] - 2026-04-10T15:02:02.946Z - [Messenger] Setting up socket listeners
[NX v22.6.4 Daemon Client] - 2026-04-10T15:02:02.947Z - [Messenger] listen() complete
[NX v22.6.4 Daemon Client] - 2026-04-10T15:02:02.948Z - [Messenger] Sending message type: GET_NX_CONSOLE_STATUS
[NX v22.6.4 Daemon Client] - 2026-04-10T15:02:02.948Z - [Messenger] Message sent
[NX v22.6.4 Daemon Server] - 2026-04-10T15:02:03.116Z - Received raw message of length 32
[NX v22.6.4 Daemon Server] - 2026-04-10T15:02:03.116Z - Received json message of type GET_NX_CONSOLE_STATUS
[NX v22.6.4 Daemon Server] - 2026-04-10T15:02:03.116Z - Serializing response for GET_NX_CONSOLE_STATUS message in json mode
[NX v22.6.4 Daemon Server] - 2026-04-10T15:02:03.116Z - Responding to GET_NX_CONSOLE_STATUS message
[NX v22.6.4 Daemon Server] - 2026-04-10T15:02:03.116Z - [REQUEST]: Responding to the client. handleGetNxConsoleStatus
[NX v22.6.4 Daemon Server] - 2026-04-10T15:02:03.117Z - Done responding to the client handleGetNxConsoleStatus
[NX v22.6.4 Daemon Server] - 2026-04-10T15:02:03.117Z - Handled json message GET_NX_CONSOLE_STATUS. Handling time: 0. Response time: 1.
[NX v22.6.4 Daemon Client] - 2026-04-10T15:02:03.117Z - [Messenger] Received message, length: 22
[NX v22.6.4 Daemon Client] - 2026-04-10T15:02:03.162Z - [Messenger] Sending message type: REQUEST_PROJECT_GRAPH
[NX v22.6.4 Daemon Client] - 2026-04-10T15:02:03.162Z - [Messenger] Message sent
[NX v22.6.4 Daemon Server] - 2026-04-10T15:02:03.165Z - Received raw message of length 32
[NX v22.6.4 Daemon Server] - 2026-04-10T15:02:03.165Z - Received json message of type REQUEST_PROJECT_GRAPH
[NX v22.6.4 Daemon Server] - 2026-04-10T15:02:03.165Z - [REQUEST]: Client Request for Project Graph Received
[NX v22.6.4 Daemon Server] - 2026-04-10T15:02:03.166Z - Reusing in-memory cached project graph because no files changed.
[NX v22.6.4 Daemon Server] - 2026-04-10T15:02:03.166Z - Serializing response for REQUEST_PROJECT_GRAPH message in json mode
[NX v22.6.4 Daemon Server] - 2026-04-10T15:02:03.166Z - Responding to REQUEST_PROJECT_GRAPH message
[NX v22.6.4 Daemon Server] - 2026-04-10T15:02:03.166Z - [REQUEST]: Responding to the client. project-graph
[NX v22.6.4 Daemon Server] - 2026-04-10T15:02:03.166Z - Time taken for 'total for creating and serializing project graph' 0.44169999938458204ms
[NX v22.6.4 Daemon Server] - 2026-04-10T15:02:03.167Z - Done responding to the client project-graph
[NX v22.6.4 Daemon Server] - 2026-04-10T15:02:03.167Z - Handled json message REQUEST_PROJECT_GRAPH. Handling time: 1. Response time: 1.
[NX v22.6.4 Daemon Client] - 2026-04-10T15:02:03.168Z - [Messenger] Received message, length: 633991
[NX v22.6.4 Daemon Client] - 2026-04-10T15:02:03.172Z - [Messenger] Sending message type: PRE_TASKS_EXECUTION
[NX v22.6.4 Daemon Client] - 2026-04-10T15:02:03.173Z - [Messenger] Message sent
[NX v22.6.4 Daemon Server] - 2026-04-10T15:02:03.173Z - Received raw message of length 884
[NX v22.6.4 Daemon Server] - 2026-04-10T15:02:03.173Z - Received json message of type PRE_TASKS_EXECUTION
[NX v22.6.4 Daemon Server] - 2026-04-10T15:02:03.173Z - Serializing response for PRE_TASKS_EXECUTION message in json mode
[NX v22.6.4 Daemon Server] - 2026-04-10T15:02:03.173Z - Responding to PRE_TASKS_EXECUTION message
[NX v22.6.4 Daemon Server] - 2026-04-10T15:02:03.173Z - [REQUEST]: Responding to the client. handleRunPreTasksExecution
[NX v22.6.4 Daemon Server] - 2026-04-10T15:02:03.173Z - Time taken for 'preTasksExecution' 0.22829999960958958ms
[NX v22.6.4 Daemon Server] - 2026-04-10T15:02:03.174Z - Done responding to the client handleRunPreTasksExecution
[NX v22.6.4 Daemon Server] - 2026-04-10T15:02:03.174Z - Handled json message PRE_TASKS_EXECUTION. Handling time: 0. Response time: 1.
[NX v22.6.4 Daemon Client] - 2026-04-10T15:02:03.174Z - [Messenger] Received message, length: 2
[NX v22.6.4 Daemon Client] - 2026-04-10T15:02:03.204Z - [Messenger] Sending message type: HASH_TASKS
[NX v22.6.4 Daemon Client] - 2026-04-10T15:02:03.205Z - [Messenger] Message sent
[NX v22.6.4 Daemon Server] - 2026-04-10T15:02:03.205Z - Received raw message of length 7658
[NX v22.6.4 Daemon Server] - 2026-04-10T15:02:03.205Z - Received json message of type HASH_TASKS
[NX v22.6.4 Daemon Server] - 2026-04-10T15:02:03.206Z - Reusing in-memory cached project graph because no files changed.
DEBUG nx::native::tasks::hash_planner: get_plans_internal COMPLETED in 2.2168ms - processed 1 tasks (setup: 2.0705ms, parallel_planning: 133.3µs)
DEBUG nx::native::tasks::hashers::hash_workspace_files: Hashing workspace fileset with inputs: Adding "9971565417412081857" (".gitignore") to hash
DEBUG nx::native::tasks::hashers::hash_workspace_files: Hashing workspace fileset with inputs: Adding "3986529419154739731" ("nx.json") to hash
DEBUG nx::native::tasks::hashers::hash_workspace_files: Hashing workspace fileset with inputs: Hash Value: "14787824926337430294"
DEBUG nx::native::tasks::task_hasher: hash_plans COMPLETED in 1.6476ms - processed 1 plans (setup: 211.6µs, hashing: 1.4342ms, assembly: 360.3µs)
[NX v22.6.4 Daemon Server] - 2026-04-10T15:02:03.217Z - Serializing response for HASH_TASKS message in json mode
[NX v22.6.4 Daemon Server] - 2026-04-10T15:02:03.217Z - Responding to HASH_TASKS message
[NX v22.6.4 Daemon Server] - 2026-04-10T15:02:03.217Z - [REQUEST]: Responding to the client. handleHashTasks
[NX v22.6.4 Daemon Client] - 2026-04-10T15:02:03.218Z - [Messenger] Received message, length: 10964
[NX v22.6.4 Daemon Server] - 2026-04-10T15:02:03.218Z - Done responding to the client handleHashTasks
[NX v22.6.4 Daemon Server] - 2026-04-10T15:02:03.218Z - Handled json message HASH_TASKS. Handling time: 12. Response time: 1.
[NX v22.6.4 Daemon Client] - 2026-04-10T15:02:03.465Z - [Messenger] Sending message type: GET_ESTIMATED_TASK_TIMINGS
[NX v22.6.4 Daemon Client] - 2026-04-10T15:02:03.466Z - [Messenger] Message sent
[NX v22.6.4 Daemon Server] - 2026-04-10T15:02:03.529Z - Received raw message of length 122
[NX v22.6.4 Daemon Server] - 2026-04-10T15:02:03.529Z - Received json message of type GET_ESTIMATED_TASK_TIMINGS
[NX v22.6.4 Daemon Server] - 2026-04-10T15:02:03.529Z - Serializing response for GET_ESTIMATED_TASK_TIMINGS message in json mode
[NX v22.6.4 Daemon Server] - 2026-04-10T15:02:03.529Z - Responding to GET_ESTIMATED_TASK_TIMINGS message
[NX v22.6.4 Daemon Server] - 2026-04-10T15:02:03.529Z - [REQUEST]: Responding to the client. handleGetEstimatedTaskTimings
[NX v22.6.4 Daemon Server] - 2026-04-10T15:02:03.529Z - Done responding to the client handleGetEstimatedTaskTimings
[NX v22.6.4 Daemon Server] - 2026-04-10T15:02:03.529Z - Handled json message GET_ESTIMATED_TASK_TIMINGS. Handling time: 0. Response time: 0.
[NX v22.6.4 Daemon Client] - 2026-04-10T15:02:03.530Z - [Messenger] Received message, length: 41
[NX v22.6.4 Daemon Server] - 2026-04-10T15:02:08.996Z - [WATCHER]: Processing file changes in outputs
[NX v22.6.4 Daemon Server] - 2026-04-10T15:02:15.714Z - [WATCHER]: Processing file changes in outputs
[NX v22.6.4 Daemon Server] - 2026-04-10T15:02:15.766Z - [WATCHER]: Processing file changes in outputs
[NX v22.6.4 Daemon Server] - 2026-04-10T15:02:15.843Z - [WATCHER]: Processing file changes in outputs
[NX v22.6.4 Daemon Server] - 2026-04-10T15:02:15.939Z - [WATCHER]: Processing file changes in outputs
[NX v22.6.4 Daemon Server] - 2026-04-10T15:02:16.006Z - [WATCHER]: Processing file changes in outputs
[NX v22.6.4 Daemon Server] - 2026-04-10T15:02:16.056Z - [WATCHER]: Processing file changes in outputs
[NX v22.6.4 Daemon Server] - 2026-04-10T15:02:16.136Z - [WATCHER]: Processing file changes in outputs
[NX v22.6.4 Daemon Server] - 2026-04-10T15:02:16.205Z - [WATCHER]: Processing file changes in outputs
[NX v22.6.4 Daemon Server] - 2026-04-10T15:02:16.259Z - [WATCHER]: Processing file changes in outputs
[NX v22.6.4 Daemon Client] - 2026-04-10T15:02:16.269Z - [Messenger] Sending message type: RECORD_OUTPUTS_HASH
[NX v22.6.4 Daemon Client] - 2026-04-10T15:02:16.270Z - [Messenger] Message sent
[NX v22.6.4 Daemon Server] - 2026-04-10T15:02:16.271Z - Received raw message of length 100
[NX v22.6.4 Daemon Server] - 2026-04-10T15:02:16.271Z - Received json message of type RECORD_OUTPUTS_HASH
[NX v22.6.4 Daemon Server] - 2026-04-10T15:02:16.285Z - Serializing response for RECORD_OUTPUTS_HASH message in json mode
[NX v22.6.4 Daemon Server] - 2026-04-10T15:02:16.286Z - Responding to RECORD_OUTPUTS_HASH message
[NX v22.6.4 Daemon Server] - 2026-04-10T15:02:16.286Z - [REQUEST]: Responding to the client. recordOutputsHash
[NX v22.6.4 Daemon Server] - 2026-04-10T15:02:16.286Z - Done responding to the client recordOutputsHash
[NX v22.6.4 Daemon Server] - 2026-04-10T15:02:16.286Z - Handled json message RECORD_OUTPUTS_HASH. Handling time: 14. Response time: 1.
[NX v22.6.4 Daemon Client] - 2026-04-10T15:02:16.286Z - [Messenger] Received message, length: 2
[NX v22.6.4 Daemon Client] - 2026-04-10T15:02:16.516Z - [Messenger] Sending message type: RECORD_TASK_RUNS
[NX v22.6.4 Daemon Client] - 2026-04-10T15:02:16.516Z - [Messenger] Message sent
[NX v22.6.4 Daemon Server] - 2026-04-10T15:02:16.517Z - Received raw message of length 241
[NX v22.6.4 Daemon Server] - 2026-04-10T15:02:16.517Z - Received json message of type RECORD_TASK_RUNS
[NX v22.6.4 Daemon Server] - 2026-04-10T15:02:16.518Z - Serializing response for RECORD_TASK_RUNS message in json mode
[NX v22.6.4 Daemon Server] - 2026-04-10T15:02:16.518Z - Responding to RECORD_TASK_RUNS message
[NX v22.6.4 Daemon Server] - 2026-04-10T15:02:16.518Z - [REQUEST]: Responding to the client. handleRecordTaskRuns
[NX v22.6.4 Daemon Server] - 2026-04-10T15:02:16.518Z - Done responding to the client handleRecordTaskRuns
[NX v22.6.4 Daemon Server] - 2026-04-10T15:02:16.519Z - Handled json message RECORD_TASK_RUNS. Handling time: 1. Response time: 1.
[NX v22.6.4 Daemon Client] - 2026-04-10T15:02:16.519Z - [Messenger] Received message, length: 4
[NX v22.6.4 Daemon Client] - 2026-04-10T15:02:16.519Z - [Messenger] Sending message type: GET_FLAKY_TASKS
[NX v22.6.4 Daemon Client] - 2026-04-10T15:02:16.520Z - [Messenger] Message sent
[NX v22.6.4 Daemon Server] - 2026-04-10T15:02:16.520Z - Received raw message of length 60
[NX v22.6.4 Daemon Server] - 2026-04-10T15:02:16.520Z - Received json message of type GET_FLAKY_TASKS
[NX v22.6.4 Daemon Server] - 2026-04-10T15:02:16.520Z - Serializing response for GET_FLAKY_TASKS message in json mode
[NX v22.6.4 Daemon Server] - 2026-04-10T15:02:16.520Z - Responding to GET_FLAKY_TASKS message
[NX v22.6.4 Daemon Server] - 2026-04-10T15:02:16.520Z - [REQUEST]: Responding to the client. handleGetFlakyTasks
[NX v22.6.4 Daemon Server] - 2026-04-10T15:02:16.520Z - Done responding to the client handleGetFlakyTasks
[NX v22.6.4 Daemon Server] - 2026-04-10T15:02:16.520Z - Handled json message GET_FLAKY_TASKS. Handling time: 0. Response time: 0.
[NX v22.6.4 Daemon Client] - 2026-04-10T15:02:16.520Z - [Messenger] Received message, length: 2
[NX v22.6.4 Daemon Client] - 2026-04-10T15:02:16.620Z - [Messenger] Sending message type: PROCESS_IN_BACKGROUND
[NX v22.6.4 Daemon Client] - 2026-04-10T15:02:16.624Z - [Messenger] Message sent
[NX v22.6.4 Daemon Server] - 2026-04-10T15:02:16.626Z - Received raw message of length 694602
[NX v22.6.4 Daemon Server] - 2026-04-10T15:02:16.629Z - Received json message of type PROCESS_IN_BACKGROUND
[NX v22.6.4 Daemon Server] - 2026-04-10T15:02:16.791Z - Serializing response for PROCESS_IN_BACKGROUND message in json mode
[NX v22.6.4 Daemon Server] - 2026-04-10T15:02:16.791Z - Responding to PROCESS_IN_BACKGROUND message
[NX v22.6.4 Daemon Server] - 2026-04-10T15:02:16.791Z - [REQUEST]: Responding to the client. PROCESS_IN_BACKGROUND
[NX v22.6.4 Daemon Client] - 2026-04-10T15:02:16.792Z - [Messenger] Received message, length: 2
[NX v22.6.4 Daemon Server] - 2026-04-10T15:02:16.792Z - Done responding to the client PROCESS_IN_BACKGROUND
[NX v22.6.4 Daemon Server] - 2026-04-10T15:02:16.792Z - Handled json message PROCESS_IN_BACKGROUND. Handling time: 162. Response time: 1.
[NX v22.6.4 Daemon Server] - 2026-04-10T15:02:16.792Z - Uploading file artifacts
[NX v22.6.4 Daemon Client] - 2026-04-10T15:02:16.795Z - [Messenger] Sending message type: GET_CONFIGURE_AI_AGENTS_STATUS
[NX v22.6.4 Daemon Server] - 2026-04-10T15:02:16.795Z - Established a connection. Number of open connections: 4
[NX v22.6.4 Daemon Client] - 2026-04-10T15:02:16.796Z - [Messenger] Message sent
[NX v22.6.4 Daemon Server] - 2026-04-10T15:02:16.796Z - Closed a connection. Number of open connections: 3
[NX v22.6.4 Daemon Server] - 2026-04-10T15:02:16.796Z - Received raw message of length 41
[NX v22.6.4 Daemon Server] - 2026-04-10T15:02:16.796Z - Received json message of type GET_CONFIGURE_AI_AGENTS_STATUS
[NX v22.6.4 Daemon Server] - 2026-04-10T15:02:16.796Z - [AI-AGENTS]: Returning cached agent configuration status
[NX v22.6.4 Daemon Server] - 2026-04-10T15:02:16.797Z - Serializing response for GET_CONFIGURE_AI_AGENTS_STATUS message in json mode
[NX v22.6.4 Daemon Server] - 2026-04-10T15:02:16.797Z - Responding to GET_CONFIGURE_AI_AGENTS_STATUS message
[NX v22.6.4 Daemon Server] - 2026-04-10T15:02:16.797Z - [REQUEST]: Responding to the client. handleGetConfigureAiAgentsStatus
[NX v22.6.4 Daemon Client] - 2026-04-10T15:02:16.797Z - [Messenger] Received message, length: 383
[NX v22.6.4 Daemon Client] - 2026-04-10T15:02:16.800Z - [Messenger] Sending message type: POST_TASKS_EXECUTION
[NX v22.6.4 Daemon Client] - 2026-04-10T15:02:16.801Z - [Messenger] Message sent
[NX v22.6.4 Daemon Server] - 2026-04-10T15:02:16.806Z - Done responding to the client handleGetConfigureAiAgentsStatus
[NX v22.6.4 Daemon Server] - 2026-04-10T15:02:16.806Z - Handled json message GET_CONFIGURE_AI_AGENTS_STATUS. Handling time: 1. Response time: 9.
[NX v22.6.4 Daemon Server] - 2026-04-10T15:02:16.807Z - Received raw message of length 47302
[NX v22.6.4 Daemon Server] - 2026-04-10T15:02:16.807Z - Received json message of type POST_TASKS_EXECUTION
[NX v22.6.4 Daemon Server] - 2026-04-10T15:02:16.808Z - Serializing response for POST_TASKS_EXECUTION message in json mode
[NX v22.6.4 Daemon Server] - 2026-04-10T15:02:16.808Z - Responding to POST_TASKS_EXECUTION message
[NX v22.6.4 Daemon Server] - 2026-04-10T15:02:16.808Z - [REQUEST]: Responding to the client. handleRunPostTasksExecution
[NX v22.6.4 Daemon Server] - 2026-04-10T15:02:16.808Z - Time taken for 'postTasksExecution' 0.4720000000670552ms
[NX v22.6.4 Daemon Server] - 2026-04-10T15:02:16.808Z - Done responding to the client handleRunPostTasksExecution
[NX v22.6.4 Daemon Server] - 2026-04-10T15:02:16.808Z - Handled json message POST_TASKS_EXECUTION. Handling time: 1. Response time: 0.
[NX v22.6.4 Daemon Client] - 2026-04-10T15:02:16.808Z - [Messenger] Received message, length: 4
[NX v22.6.4 Daemon Server] - 2026-04-10T15:02:16.820Z - Closed a connection. Number of open connections: 2
[NX v22.6.4 Daemon Server] - 2026-04-10T15:02:21.573Z - Done uploading file artifacts
[NX v22.6.4 Daemon Server] - 2026-04-10T15:02:21.573Z - Sending EndRun request
[NX v22.6.4 Daemon Server] - 2026-04-10T15:02:22.084Z - Done sending EndRun request
[NX v22.6.4 Daemon Server] - 2026-04-10T15:03:21.916Z - [WATCHER]: Processing file changes in outputs
[NX v22.6.4 Daemon Server] - 2026-04-10T15:03:21.916Z - [WATCHER]: firebase-debug.log was modified
[NX v22.6.4 Daemon Server] - 2026-04-10T15:03:21.916Z - [SYNC]: clearing sync generators cache due to file changes
[NX v22.6.4 Daemon Server] - 2026-04-10T15:03:22.034Z - [REQUEST]: Updated workspace context based on watched changes, recomputing project graph...
[NX v22.6.4 Daemon Server] - 2026-04-10T15:03:22.034Z - [REQUEST]: firebase-debug.log
[NX v22.6.4 Daemon Server] - 2026-04-10T15:03:22.034Z - [REQUEST]: 
[NX v22.6.4 Daemon Server] - 2026-04-10T15:03:22.059Z - Time taken for 'hash changed files from watcher' 11.069300000555813ms
Time taken for 'plugin worker 37140 code loading' 157.32629999999997ms
Time taken for 'plugin worker 32296 code loading' 162.843ms
Time taken for 'plugin worker 21100 code loading' 157.9302ms
[NX v22.6.4 Daemon Server] - 2026-04-10T15:03:22.254Z - Time taken for 'start-plugin-worker:nx/js/dependencies-and-lockfile' 218.1123999999836ms
[NX v22.6.4 Daemon Server] - 2026-04-10T15:03:22.254Z - Time taken for 'start-plugin-worker:nx/core/package-json' 210.98130000010133ms
[NX v22.6.4 Daemon Server] - 2026-04-10T15:03:22.254Z - Time taken for 'start-plugin-worker:nx/core/project-json' 203.07830000016838ms
[NX v22.6.4 Daemon Server] - 2026-04-10T15:03:22.374Z - Time taken for 'build-project-configs' 333.8018999993801ms
[NX v22.6.4 Daemon Server] - 2026-04-10T15:03:22.374Z - Time taken for 'createNodes:merge' 0.9027000004425645ms
[NX v22.6.4 Daemon Server] - 2026-04-10T15:03:22.374Z - Time taken for 'get-all-workspace-files' 0.0613000001758337ms
Time taken for 'nx/js/dependencies-and-lockfile:createNodes' 9.034299999999973ms
[NX v22.6.4 Daemon Server] - 2026-04-10T15:03:22.391Z - [SYNC]: collect registered sync generators
[NX v22.6.4 Daemon Server] - 2026-04-10T15:03:22.391Z - [SYNC]: project graph hash is the same, not collecting task sync generators
[NX v22.6.4 Daemon Server] - 2026-04-10T15:03:22.391Z - [SYNC]: nx.json hash is the same, not collecting global sync generators
[NX v22.6.4 Daemon Server] - 2026-04-10T15:03:22.391Z - Serializing response for PROJECT_GRAPH_UPDATED message in json mode
[NX v22.6.4 Daemon Server] - 2026-04-10T15:03:22.393Z - Responding to PROJECT_GRAPH_UPDATED message
[NX v22.6.4 Daemon Server] - 2026-04-10T15:03:22.393Z - [REQUEST]: Responding to the client. Project graph updated
[NX v22.6.4 Daemon Server] - 2026-04-10T15:03:22.394Z - Time taken for 'total execution time for createProjectGraph()' 19.778300000354648ms
[NX v22.6.4 Daemon Server] - 2026-04-10T15:03:22.394Z - Time taken for 'createDependencies' 16.69730000011623ms
[NX v22.6.4 Daemon Server] - 2026-04-10T15:03:22.394Z - Time taken for 'nx/js/dependencies-and-lockfile:createDependencies' 16.628399999812245ms
[NX v22.6.4 Daemon Server] - 2026-04-10T15:03:22.394Z - Time taken for 'createMetadata' 0.01249999925494194ms
[NX v22.6.4 Daemon Server] - 2026-04-10T15:03:22.394Z - Time taken for 'serialize graph' 1.7619000002741814ms
[NX v22.6.4 Daemon Server] - 2026-04-10T15:03:22.395Z - Done responding to the client Project graph updated
[NX v22.6.4 Daemon Server] - 2026-04-10T15:03:22.395Z - Handled json message PROJECT_GRAPH_UPDATED. Handling time: 0. Response time: 4.
[NX v22.6.4 Daemon Client] - 2026-04-10T15:03:22.396Z - [Messenger] Received message, length: 633984
[NX v22.6.4 Daemon Server] - 2026-04-10T15:03:23.416Z - Established a connection. Number of open connections: 3
[NX v22.6.4 Daemon Client] - 2026-04-10T15:03:23.416Z - [Messenger] Sending message type: GET_CONTEXT_FILE_DATA
[NX v22.6.4 Daemon Server] - 2026-04-10T15:03:23.416Z - Closed a connection. Number of open connections: 2
[NX v22.6.4 Daemon Client] - 2026-04-10T15:03:23.417Z - [Messenger] Message sent
[NX v22.6.4 Daemon Server] - 2026-04-10T15:03:23.417Z - Received raw message of length 32
[NX v22.6.4 Daemon Server] - 2026-04-10T15:03:23.417Z - Received json message of type GET_CONTEXT_FILE_DATA
[NX v22.6.4 Daemon Server] - 2026-04-10T15:03:23.419Z - Serializing response for GET_CONTEXT_FILE_DATA message in json mode
[NX v22.6.4 Daemon Server] - 2026-04-10T15:03:23.419Z - Responding to GET_CONTEXT_FILE_DATA message
[NX v22.6.4 Daemon Server] - 2026-04-10T15:03:23.419Z - [REQUEST]: Responding to the client. handleContextFileData
[NX v22.6.4 Daemon Server] - 2026-04-10T15:03:23.419Z - Done responding to the client handleContextFileData
[NX v22.6.4 Daemon Server] - 2026-04-10T15:03:23.419Z - Handled json message GET_CONTEXT_FILE_DATA. Handling time: 2. Response time: 0.
[NX v22.6.4 Daemon Client] - 2026-04-10T15:03:23.420Z - [Messenger] Received message, length: 26991
[NX v22.6.4 Daemon Server] - 2026-04-10T15:03:23.614Z - Closed a connection. Number of open connections: 1
[NX v22.6.4 Daemon Client] - 2026-04-10T15:03:23.614Z - [ProjectGraphListener] Socket closed, triggering reconnection
[NX v22.6.4 Daemon Server] - 2026-04-10T15:03:23.616Z - Established a connection. Number of open connections: 2
[NX v22.6.4 Daemon Client] - 2026-04-10T15:03:23.616Z - [Messenger] Setting up socket listeners
[NX v22.6.4 Daemon Server] - 2026-04-10T15:03:23.616Z - Closed a connection. Number of open connections: 1
[NX v22.6.4 Daemon Server] - 2026-04-10T15:03:23.616Z - Established a connection. Number of open connections: 2
[NX v22.6.4 Daemon Client] - 2026-04-10T15:03:23.617Z - [Messenger] listen() complete
[NX v22.6.4 Daemon Client] - 2026-04-10T15:03:23.617Z - [Messenger] Sending message type: REGISTER_PROJECT_GRAPH_LISTENER
[NX v22.6.4 Daemon Client] - 2026-04-10T15:03:23.618Z - [Messenger] Message sent
[NX v22.6.4 Daemon Server] - 2026-04-10T15:03:23.618Z - Received raw message of length 42
[NX v22.6.4 Daemon Server] - 2026-04-10T15:03:23.618Z - Received json message of type REGISTER_PROJECT_GRAPH_LISTENER
[NX v22.6.4 Daemon Server] - 2026-04-10T15:03:33.699Z - [WATCHER]: functions/src/index.ts was modified
[NX v22.6.4 Daemon Server] - 2026-04-10T15:03:33.699Z - [SYNC]: clearing sync generators cache due to file changes
[NX v22.6.4 Daemon Server] - 2026-04-10T15:03:33.699Z - [WATCHER]: Processing file changes in outputs
[NX v22.6.4 Daemon Server] - 2026-04-10T15:03:33.901Z - [REQUEST]: Updated workspace context based on watched changes, recomputing project graph...
[NX v22.6.4 Daemon Server] - 2026-04-10T15:03:33.901Z - [REQUEST]: functions/src/index.ts
[NX v22.6.4 Daemon Server] - 2026-04-10T15:03:33.901Z - [REQUEST]: 
[NX v22.6.4 Daemon Server] - 2026-04-10T15:03:33.924Z - Time taken for 'hash changed files from watcher' 0.5212999992072582ms
Time taken for 'plugin worker 33016 code loading' 181.4824ms
Time taken for 'plugin worker 19176 code loading' 177.53199999999998ms
[NX v22.6.4 Daemon Server] - 2026-04-10T15:03:34.135Z - Time taken for 'start-plugin-worker:nx/js/dependencies-and-lockfile' 232.10869999974966ms
[NX v22.6.4 Daemon Server] - 2026-04-10T15:03:34.135Z - Time taken for 'start-plugin-worker:nx/core/package-json' 224.70319999940693ms
Time taken for 'plugin worker 20284 code loading' 178.8496ms
[NX v22.6.4 Daemon Server] - 2026-04-10T15:03:34.146Z - Time taken for 'start-plugin-worker:nx/core/project-json' 229.19959999993443ms
[NX v22.6.4 Daemon Server] - 2026-04-10T15:03:34.286Z - Time taken for 'build-project-configs' 377.7519000004977ms
[NX v22.6.4 Daemon Server] - 2026-04-10T15:03:34.286Z - Time taken for 'createNodes:merge' 1.1715000001713634ms
[NX v22.6.4 Daemon Server] - 2026-04-10T15:03:34.286Z - Time taken for 'get-all-workspace-files' 0.11770000029355288ms
Time taken for 'nx/js/dependencies-and-lockfile:createNodes' 13.653599999999983ms
[NX v22.6.4 Daemon Server] - 2026-04-10T15:03:34.491Z - [SYNC]: collect registered sync generators
[NX v22.6.4 Daemon Server] - 2026-04-10T15:03:34.491Z - [SYNC]: project graph hash is the same, not collecting task sync generators
[NX v22.6.4 Daemon Server] - 2026-04-10T15:03:34.491Z - [SYNC]: nx.json hash is the same, not collecting global sync generators
[NX v22.6.4 Daemon Server] - 2026-04-10T15:03:34.491Z - Serializing response for PROJECT_GRAPH_UPDATED message in json mode
[NX v22.6.4 Daemon Server] - 2026-04-10T15:03:34.493Z - Responding to PROJECT_GRAPH_UPDATED message
[NX v22.6.4 Daemon Server] - 2026-04-10T15:03:34.493Z - [REQUEST]: Responding to the client. Project graph updated
[NX v22.6.4 Daemon Server] - 2026-04-10T15:03:34.494Z - Time taken for 'total execution time for createProjectGraph()' 207.10570000018924ms
[NX v22.6.4 Daemon Server] - 2026-04-10T15:03:34.494Z - Time taken for 'createDependencies' 203.67259999923408ms
[NX v22.6.4 Daemon Server] - 2026-04-10T15:03:34.494Z - Time taken for 'nx/js/dependencies-and-lockfile:createDependencies' 203.59250000026077ms
[NX v22.6.4 Daemon Server] - 2026-04-10T15:03:34.494Z - Time taken for 'createMetadata' 0.01269999984651804ms
[NX v22.6.4 Daemon Server] - 2026-04-10T15:03:34.494Z - Time taken for 'serialize graph' 3.127799999900162ms
[NX v22.6.4 Daemon Client] - 2026-04-10T15:03:34.495Z - [Messenger] Received message, length: 633984
[NX v22.6.4 Daemon Server] - 2026-04-10T15:03:34.495Z - Done responding to the client Project graph updated
[NX v22.6.4 Daemon Server] - 2026-04-10T15:03:34.495Z - Handled json message PROJECT_GRAPH_UPDATED. Handling time: 0. Response time: 4.
[NX v22.6.4 Daemon Server] - 2026-04-10T15:03:35.511Z - Established a connection. Number of open connections: 3
[NX v22.6.4 Daemon Client] - 2026-04-10T15:03:35.512Z - [Messenger] Sending message type: GET_CONTEXT_FILE_DATA
[NX v22.6.4 Daemon Server] - 2026-04-10T15:03:35.512Z - Closed a connection. Number of open connections: 2
[NX v22.6.4 Daemon Client] - 2026-04-10T15:03:35.512Z - [Messenger] Message sent
[NX v22.6.4 Daemon Server] - 2026-04-10T15:03:35.512Z - Received raw message of length 32
[NX v22.6.4 Daemon Server] - 2026-04-10T15:03:35.512Z - Received json message of type GET_CONTEXT_FILE_DATA
[NX v22.6.4 Daemon Server] - 2026-04-10T15:03:35.513Z - Serializing response for GET_CONTEXT_FILE_DATA message in json mode
[NX v22.6.4 Daemon Server] - 2026-04-10T15:03:35.513Z - Responding to GET_CONTEXT_FILE_DATA message
[NX v22.6.4 Daemon Server] - 2026-04-10T15:03:35.513Z - [REQUEST]: Responding to the client. handleContextFileData
[NX v22.6.4 Daemon Client] - 2026-04-10T15:03:35.514Z - [Messenger] Received message, length: 26991
[NX v22.6.4 Daemon Server] - 2026-04-10T15:03:35.514Z - Done responding to the client handleContextFileData
[NX v22.6.4 Daemon Server] - 2026-04-10T15:03:35.514Z - Handled json message GET_CONTEXT_FILE_DATA. Handling time: 1. Response time: 1.
[NX v22.6.4 Daemon Server] - 2026-04-10T15:03:35.776Z - Closed a connection. Number of open connections: 1
[NX v22.6.4 Daemon Client] - 2026-04-10T15:03:35.776Z - [ProjectGraphListener] Socket closed, triggering reconnection
[NX v22.6.4 Daemon Server] - 2026-04-10T15:03:35.778Z - Established a connection. Number of open connections: 2
[NX v22.6.4 Daemon Server] - 2026-04-10T15:03:35.778Z - Closed a connection. Number of open connections: 1
[NX v22.6.4 Daemon Client] - 2026-04-10T15:03:35.778Z - [Messenger] Setting up socket listeners
[NX v22.6.4 Daemon Client] - 2026-04-10T15:03:35.778Z - [Messenger] listen() complete
[NX v22.6.4 Daemon Client] - 2026-04-10T15:03:35.779Z - [Messenger] Sending message type: REGISTER_PROJECT_GRAPH_LISTENER
[NX v22.6.4 Daemon Client] - 2026-04-10T15:03:35.779Z - [Messenger] Message sent
[NX v22.6.4 Daemon Server] - 2026-04-10T15:03:35.779Z - Established a connection. Number of open connections: 2
[NX v22.6.4 Daemon Server] - 2026-04-10T15:03:35.779Z - Received raw message of length 42
[NX v22.6.4 Daemon Server] - 2026-04-10T15:03:35.779Z - Received json message of type REGISTER_PROJECT_GRAPH_LISTENER
[NX v22.6.4 Daemon Server] - 2026-04-10T15:03:36.086Z - [WATCHER]: Processing file changes in outputs
[NX v22.6.4 Daemon Server] - 2026-04-10T15:03:36.086Z - [WATCHER]: firebase-debug.log was modified
[NX v22.6.4 Daemon Server] - 2026-04-10T15:03:36.086Z - [SYNC]: clearing sync generators cache due to file changes
[NX v22.6.4 Daemon Server] - 2026-04-10T15:03:36.492Z - [REQUEST]: Updated workspace context based on watched changes, recomputing project graph...
[NX v22.6.4 Daemon Server] - 2026-04-10T15:03:36.492Z - [REQUEST]: firebase-debug.log
[NX v22.6.4 Daemon Server] - 2026-04-10T15:03:36.492Z - [REQUEST]: 
[NX v22.6.4 Daemon Server] - 2026-04-10T15:03:36.517Z - Time taken for 'hash changed files from watcher' 0.37820000015199184ms
Time taken for 'plugin worker 2520 code loading' 239.8171ms
[NX v22.6.4 Daemon Server] - 2026-04-10T15:03:36.785Z - Time taken for 'start-plugin-worker:nx/js/dependencies-and-lockfile' 291.9588999999687ms
Time taken for 'plugin worker 20512 code loading' 239.50080000000003ms
Time taken for 'plugin worker 34864 code loading' 242.6597ms
[NX v22.6.4 Daemon Server] - 2026-04-10T15:03:36.802Z - Time taken for 'start-plugin-worker:nx/core/package-json' 299.64009999949485ms
[NX v22.6.4 Daemon Server] - 2026-04-10T15:03:36.802Z - Time taken for 'start-plugin-worker:nx/core/project-json' 292.13939999975264ms
[NX v22.6.4 Daemon Server] - 2026-04-10T15:03:36.922Z - Time taken for 'build-project-configs' 423.2759000007063ms
[NX v22.6.4 Daemon Server] - 2026-04-10T15:03:36.922Z - Time taken for 'createNodes:merge' 0.7340000001713634ms
[NX v22.6.4 Daemon Server] - 2026-04-10T15:03:36.922Z - Time taken for 'get-all-workspace-files' 0.039199999533593655ms
Time taken for 'nx/js/dependencies-and-lockfile:createNodes' 13.033200000000022ms
[NX v22.6.4 Daemon Server] - 2026-04-10T15:03:36.942Z - [SYNC]: collect registered sync generators
[NX v22.6.4 Daemon Server] - 2026-04-10T15:03:36.943Z - [SYNC]: project graph hash is the same, not collecting task sync generators
[NX v22.6.4 Daemon Server] - 2026-04-10T15:03:36.943Z - [SYNC]: nx.json hash is the same, not collecting global sync generators
[NX v22.6.4 Daemon Server] - 2026-04-10T15:03:36.943Z - Serializing response for PROJECT_GRAPH_UPDATED message in json mode
[NX v22.6.4 Daemon Server] - 2026-04-10T15:03:36.945Z - Responding to PROJECT_GRAPH_UPDATED message
[NX v22.6.4 Daemon Server] - 2026-04-10T15:03:36.945Z - [REQUEST]: Responding to the client. Project graph updated
[NX v22.6.4 Daemon Server] - 2026-04-10T15:03:36.946Z - Time taken for 'total execution time for createProjectGraph()' 23.515000000596046ms
[NX v22.6.4 Daemon Server] - 2026-04-10T15:03:36.946Z - Time taken for 'createDependencies' 20.886099999770522ms
[NX v22.6.4 Daemon Server] - 2026-04-10T15:03:36.946Z - Time taken for 'nx/js/dependencies-and-lockfile:createDependencies' 20.80199999921024ms
[NX v22.6.4 Daemon Server] - 2026-04-10T15:03:36.946Z - Time taken for 'createMetadata' 0.012999999336898327ms
[NX v22.6.4 Daemon Server] - 2026-04-10T15:03:36.946Z - Time taken for 'serialize graph' 1.9535999996587634ms
[NX v22.6.4 Daemon Server] - 2026-04-10T15:03:36.947Z - Done responding to the client Project graph updated
[NX v22.6.4 Daemon Server] - 2026-04-10T15:03:36.947Z - Handled json message PROJECT_GRAPH_UPDATED. Handling time: 0. Response time: 4.
[NX v22.6.4 Daemon Client] - 2026-04-10T15:03:36.947Z - [Messenger] Received message, length: 633984
[NX v22.6.4 Daemon Server] - 2026-04-10T15:03:37.694Z - [WATCHER]: Processing file changes in outputs
[NX v22.6.4 Daemon Server] - 2026-04-10T15:03:37.694Z - [WATCHER]: firebase-debug.log was modified
[NX v22.6.4 Daemon Server] - 2026-04-10T15:03:37.694Z - [SYNC]: clearing sync generators cache due to file changes
[NX v22.6.4 Daemon Server] - 2026-04-10T15:03:37.961Z - Established a connection. Number of open connections: 3
[NX v22.6.4 Daemon Client] - 2026-04-10T15:03:37.961Z - [Messenger] Sending message type: GET_CONTEXT_FILE_DATA
[NX v22.6.4 Daemon Server] - 2026-04-10T15:03:37.961Z - Closed a connection. Number of open connections: 2
[NX v22.6.4 Daemon Client] - 2026-04-10T15:03:37.962Z - [Messenger] Message sent
[NX v22.6.4 Daemon Server] - 2026-04-10T15:03:37.962Z - Received raw message of length 32
[NX v22.6.4 Daemon Server] - 2026-04-10T15:03:37.962Z - Received json message of type GET_CONTEXT_FILE_DATA
[NX v22.6.4 Daemon Server] - 2026-04-10T15:03:37.962Z - Serializing response for GET_CONTEXT_FILE_DATA message in json mode
[NX v22.6.4 Daemon Server] - 2026-04-10T15:03:37.962Z - Responding to GET_CONTEXT_FILE_DATA message
[NX v22.6.4 Daemon Server] - 2026-04-10T15:03:37.962Z - [REQUEST]: Responding to the client. handleContextFileData
[NX v22.6.4 Daemon Server] - 2026-04-10T15:03:37.963Z - Done responding to the client handleContextFileData
[NX v22.6.4 Daemon Server] - 2026-04-10T15:03:37.963Z - Handled json message GET_CONTEXT_FILE_DATA. Handling time: 0. Response time: 1.
[NX v22.6.4 Daemon Client] - 2026-04-10T15:03:37.963Z - [Messenger] Received message, length: 26992
[NX v22.6.4 Daemon Server] - 2026-04-10T15:03:38.184Z - Closed a connection. Number of open connections: 1
[NX v22.6.4 Daemon Client] - 2026-04-10T15:03:38.184Z - [ProjectGraphListener] Socket closed, triggering reconnection
[NX v22.6.4 Daemon Server] - 2026-04-10T15:03:38.186Z - Established a connection. Number of open connections: 2
[NX v22.6.4 Daemon Client] - 2026-04-10T15:03:38.186Z - [Messenger] Setting up socket listeners
[NX v22.6.4 Daemon Server] - 2026-04-10T15:03:38.186Z - Closed a connection. Number of open connections: 1
[NX v22.6.4 Daemon Server] - 2026-04-10T15:03:38.186Z - Established a connection. Number of open connections: 2
[NX v22.6.4 Daemon Client] - 2026-04-10T15:03:38.187Z - [Messenger] listen() complete
[NX v22.6.4 Daemon Client] - 2026-04-10T15:03:38.187Z - [Messenger] Sending message type: REGISTER_PROJECT_GRAPH_LISTENER
[NX v22.6.4 Daemon Client] - 2026-04-10T15:03:38.187Z - [Messenger] Message sent
[NX v22.6.4 Daemon Server] - 2026-04-10T15:03:38.187Z - Received raw message of length 42
[NX v22.6.4 Daemon Server] - 2026-04-10T15:03:38.187Z - Received json message of type REGISTER_PROJECT_GRAPH_LISTENER
[NX v22.6.4 Daemon Server] - 2026-04-10T15:03:38.502Z - [REQUEST]: Updated workspace context based on watched changes, recomputing project graph...
[NX v22.6.4 Daemon Server] - 2026-04-10T15:03:38.502Z - [REQUEST]: firebase-debug.log
[NX v22.6.4 Daemon Server] - 2026-04-10T15:03:38.502Z - [REQUEST]: 
[NX v22.6.4 Daemon Server] - 2026-04-10T15:03:38.525Z - Time taken for 'hash changed files from watcher' 0.5958000002428889ms
[NX v22.6.4 Daemon Server] - 2026-04-10T15:03:38.783Z - Time taken for 'start-plugin-worker:nx/js/dependencies-and-lockfile' 279.91040000040084ms
Time taken for 'plugin worker 37968 code loading' 231.87900000000002ms
Time taken for 'plugin worker 11160 code loading' 231.6618ms
[NX v22.6.4 Daemon Server] - 2026-04-10T15:03:38.795Z - Time taken for 'start-plugin-worker:nx/core/package-json' 284.8870000001043ms
Time taken for 'plugin worker 20088 code loading' 227.1837ms
[NX v22.6.4 Daemon Server] - 2026-04-10T15:03:38.798Z - [WATCHER]: src/app/core/services/auth.service.ts was modified
[NX v22.6.4 Daemon Server] - 2026-04-10T15:03:38.798Z - [SYNC]: clearing sync generators cache due to file changes
[NX v22.6.4 Daemon Server] - 2026-04-10T15:03:38.799Z - [WATCHER]: Processing file changes in outputs
[NX v22.6.4 Daemon Server] - 2026-04-10T15:03:38.815Z - Time taken for 'start-plugin-worker:nx/core/project-json' 297.30520000029355ms
[NX v22.6.4 Daemon Server] - 2026-04-10T15:03:38.939Z - Time taken for 'build-project-configs' 429.594299999997ms
[NX v22.6.4 Daemon Server] - 2026-04-10T15:03:38.939Z - Time taken for 'createNodes:merge' 1.123700000345707ms
[NX v22.6.4 Daemon Server] - 2026-04-10T15:03:38.939Z - Time taken for 'get-all-workspace-files' 0.06060000043362379ms
Time taken for 'nx/js/dependencies-and-lockfile:createNodes' 14.067900000000009ms
[NX v22.6.4 Daemon Server] - 2026-04-10T15:03:38.963Z - [SYNC]: collect registered sync generators
[NX v22.6.4 Daemon Server] - 2026-04-10T15:03:38.963Z - [SYNC]: project graph hash is the same, not collecting task sync generators
[NX v22.6.4 Daemon Server] - 2026-04-10T15:03:38.963Z - [SYNC]: nx.json hash is the same, not collecting global sync generators
[NX v22.6.4 Daemon Server] - 2026-04-10T15:03:38.963Z - Serializing response for PROJECT_GRAPH_UPDATED message in json mode
[NX v22.6.4 Daemon Server] - 2026-04-10T15:03:38.965Z - Responding to PROJECT_GRAPH_UPDATED message
[NX v22.6.4 Daemon Server] - 2026-04-10T15:03:38.965Z - [REQUEST]: Responding to the client. Project graph updated
[NX v22.6.4 Daemon Server] - 2026-04-10T15:03:38.966Z - Time taken for 'total execution time for createProjectGraph()' 27.260599999688566ms
[NX v22.6.4 Daemon Server] - 2026-04-10T15:03:38.966Z - Time taken for 'createDependencies' 23.407999999821186ms
[NX v22.6.4 Daemon Server] - 2026-04-10T15:03:38.966Z - Time taken for 'nx/js/dependencies-and-lockfile:createDependencies' 23.28509999997914ms
[NX v22.6.4 Daemon Server] - 2026-04-10T15:03:38.966Z - Time taken for 'createMetadata' 0.013199999928474426ms
[NX v22.6.4 Daemon Server] - 2026-04-10T15:03:38.966Z - Time taken for 'serialize graph' 2.264999999664724ms
[NX v22.6.4 Daemon Client] - 2026-04-10T15:03:38.967Z - [Messenger] Received message, length: 633984
[NX v22.6.4 Daemon Server] - 2026-04-10T15:03:38.967Z - Done responding to the client Project graph updated
[NX v22.6.4 Daemon Server] - 2026-04-10T15:03:38.967Z - Handled json message PROJECT_GRAPH_UPDATED. Handling time: 0. Response time: 4.
[NX v22.6.4 Daemon Server] - 2026-04-10T15:03:39.986Z - Established a connection. Number of open connections: 3
[NX v22.6.4 Daemon Client] - 2026-04-10T15:03:39.987Z - [Messenger] Sending message type: GET_CONTEXT_FILE_DATA
[NX v22.6.4 Daemon Server] - 2026-04-10T15:03:39.986Z - Closed a connection. Number of open connections: 2
[NX v22.6.4 Daemon Client] - 2026-04-10T15:03:39.987Z - [Messenger] Message sent
[NX v22.6.4 Daemon Server] - 2026-04-10T15:03:39.987Z - Received raw message of length 32
[NX v22.6.4 Daemon Server] - 2026-04-10T15:03:39.987Z - Received json message of type GET_CONTEXT_FILE_DATA
[NX v22.6.4 Daemon Server] - 2026-04-10T15:03:39.988Z - Serializing response for GET_CONTEXT_FILE_DATA message in json mode
[NX v22.6.4 Daemon Server] - 2026-04-10T15:03:39.988Z - Responding to GET_CONTEXT_FILE_DATA message
[NX v22.6.4 Daemon Server] - 2026-04-10T15:03:39.988Z - [REQUEST]: Responding to the client. handleContextFileData
[NX v22.6.4 Daemon Server] - 2026-04-10T15:03:39.988Z - Done responding to the client handleContextFileData
[NX v22.6.4 Daemon Server] - 2026-04-10T15:03:39.988Z - Handled json message GET_CONTEXT_FILE_DATA. Handling time: 1. Response time: 0.
[NX v22.6.4 Daemon Client] - 2026-04-10T15:03:39.988Z - [Messenger] Received message, length: 26992
[NX v22.6.4 Daemon Server] - 2026-04-10T15:03:40.183Z - Closed a connection. Number of open connections: 1
[NX v22.6.4 Daemon Client] - 2026-04-10T15:03:40.183Z - [ProjectGraphListener] Socket closed, triggering reconnection
[NX v22.6.4 Daemon Server] - 2026-04-10T15:03:40.189Z - Established a connection. Number of open connections: 2
[NX v22.6.4 Daemon Server] - 2026-04-10T15:03:40.189Z - Closed a connection. Number of open connections: 1
[NX v22.6.4 Daemon Client] - 2026-04-10T15:03:40.190Z - [Messenger] Setting up socket listeners
[NX v22.6.4 Daemon Client] - 2026-04-10T15:03:40.190Z - [Messenger] listen() complete
[NX v22.6.4 Daemon Client] - 2026-04-10T15:03:40.190Z - [Messenger] Sending message type: REGISTER_PROJECT_GRAPH_LISTENER
[NX v22.6.4 Daemon Client] - 2026-04-10T15:03:40.191Z - [Messenger] Message sent
[NX v22.6.4 Daemon Server] - 2026-04-10T15:03:40.191Z - Established a connection. Number of open connections: 2
[NX v22.6.4 Daemon Server] - 2026-04-10T15:03:40.191Z - Received raw message of length 42
[NX v22.6.4 Daemon Server] - 2026-04-10T15:03:40.191Z - Received json message of type REGISTER_PROJECT_GRAPH_LISTENER
[NX v22.6.4 Daemon Server] - 2026-04-10T15:03:40.405Z - [REQUEST]: Updated workspace context based on watched changes, recomputing project graph...
[NX v22.6.4 Daemon Server] - 2026-04-10T15:03:40.405Z - [REQUEST]: src/app/core/services/auth.service.ts
[NX v22.6.4 Daemon Server] - 2026-04-10T15:03:40.405Z - [REQUEST]: 
[NX v22.6.4 Daemon Server] - 2026-04-10T15:03:40.433Z - Time taken for 'hash changed files from watcher' 0.5039999997243285ms
Time taken for 'plugin worker 14848 code loading' 174.3776ms
[NX v22.6.4 Daemon Server] - 2026-04-10T15:03:40.635Z - Time taken for 'start-plugin-worker:nx/js/dependencies-and-lockfile' 229.29540000017732ms
Time taken for 'plugin worker 3500 code loading' 169.36169999999998ms
Time taken for 'plugin worker 21780 code loading' 175.52249999999998ms
[NX v22.6.4 Daemon Server] - 2026-04-10T15:03:40.654Z - Time taken for 'start-plugin-worker:nx/core/package-json' 239.41330000013113ms
[NX v22.6.4 Daemon Server] - 2026-04-10T15:03:40.654Z - Time taken for 'start-plugin-worker:nx/core/project-json' 230.08100000023842ms
[NX v22.6.4 Daemon Server] - 2026-04-10T15:03:40.761Z - Time taken for 'build-project-configs' 350.60190000012517ms
[NX v22.6.4 Daemon Server] - 2026-04-10T15:03:40.761Z - Time taken for 'createNodes:merge' 0.7899000002071261ms
[NX v22.6.4 Daemon Server] - 2026-04-10T15:03:40.761Z - Time taken for 'get-all-workspace-files' 0.043800000101327896ms
Time taken for 'nx/js/dependencies-and-lockfile:createNodes' 11.282500000000027ms
[NX v22.6.4 Daemon Server] - 2026-04-10T15:03:40.784Z - [SYNC]: collect registered sync generators
[NX v22.6.4 Daemon Server] - 2026-04-10T15:03:40.785Z - [SYNC]: project graph hash is the same, not collecting task sync generators
[NX v22.6.4 Daemon Server] - 2026-04-10T15:03:40.785Z - [SYNC]: nx.json hash is the same, not collecting global sync generators
[NX v22.6.4 Daemon Server] - 2026-04-10T15:03:40.785Z - Serializing response for PROJECT_GRAPH_UPDATED message in json mode
[NX v22.6.4 Daemon Server] - 2026-04-10T15:03:40.787Z - Responding to PROJECT_GRAPH_UPDATED message
[NX v22.6.4 Daemon Server] - 2026-04-10T15:03:40.787Z - [REQUEST]: Responding to the client. Project graph updated
[NX v22.6.4 Daemon Server] - 2026-04-10T15:03:40.788Z - Time taken for 'total execution time for createProjectGraph()' 25.706199999898672ms
[NX v22.6.4 Daemon Server] - 2026-04-10T15:03:40.788Z - Time taken for 'createDependencies' 22.940700000151992ms
[NX v22.6.4 Daemon Server] - 2026-04-10T15:03:40.788Z - Time taken for 'nx/js/dependencies-and-lockfile:createDependencies' 22.874099999666214ms
[NX v22.6.4 Daemon Server] - 2026-04-10T15:03:40.788Z - Time taken for 'createMetadata' 0.012900000438094139ms
[NX v22.6.4 Daemon Server] - 2026-04-10T15:03:40.788Z - Time taken for 'serialize graph' 1.9658000003546476ms
[NX v22.6.4 Daemon Client] - 2026-04-10T15:03:40.790Z - [Messenger] Received message, length: 633984
[NX v22.6.4 Daemon Server] - 2026-04-10T15:03:40.789Z - Done responding to the client Project graph updated
[NX v22.6.4 Daemon Server] - 2026-04-10T15:03:40.789Z - Handled json message PROJECT_GRAPH_UPDATED. Handling time: 0. Response time: 4.
[NX v22.6.4 Daemon Server] - 2026-04-10T15:03:41.797Z - Established a connection. Number of open connections: 3
[NX v22.6.4 Daemon Client] - 2026-04-10T15:03:41.797Z - [Messenger] Sending message type: GET_CONTEXT_FILE_DATA
[NX v22.6.4 Daemon Server] - 2026-04-10T15:03:41.797Z - Closed a connection. Number of open connections: 2
[NX v22.6.4 Daemon Client] - 2026-04-10T15:03:41.798Z - [Messenger] Message sent
[NX v22.6.4 Daemon Server] - 2026-04-10T15:03:41.798Z - Received raw message of length 32
[NX v22.6.4 Daemon Server] - 2026-04-10T15:03:41.798Z - Received json message of type GET_CONTEXT_FILE_DATA
[NX v22.6.4 Daemon Server] - 2026-04-10T15:03:41.798Z - Serializing response for GET_CONTEXT_FILE_DATA message in json mode
[NX v22.6.4 Daemon Server] - 2026-04-10T15:03:41.798Z - Responding to GET_CONTEXT_FILE_DATA message
[NX v22.6.4 Daemon Server] - 2026-04-10T15:03:41.799Z - [REQUEST]: Responding to the client. handleContextFileData
[NX v22.6.4 Daemon Client] - 2026-04-10T15:03:41.799Z - [Messenger] Received message, length: 26992
[NX v22.6.4 Daemon Server] - 2026-04-10T15:03:41.800Z - Done responding to the client handleContextFileData
[NX v22.6.4 Daemon Server] - 2026-04-10T15:03:41.800Z - Handled json message GET_CONTEXT_FILE_DATA. Handling time: 0. Response time: 2.
[NX v22.6.4 Daemon Server] - 2026-04-10T15:03:42.020Z - Closed a connection. Number of open connections: 1
[NX v22.6.4 Daemon Client] - 2026-04-10T15:03:42.021Z - [ProjectGraphListener] Socket closed, triggering reconnection
[NX v22.6.4 Daemon Server] - 2026-04-10T15:03:42.026Z - Established a connection. Number of open connections: 2
[NX v22.6.4 Daemon Server] - 2026-04-10T15:03:42.026Z - Closed a connection. Number of open connections: 1
[NX v22.6.4 Daemon Server] - 2026-04-10T15:03:42.027Z - Established a connection. Number of open connections: 2
[NX v22.6.4 Daemon Client] - 2026-04-10T15:03:42.027Z - [Messenger] Setting up socket listeners
[NX v22.6.4 Daemon Client] - 2026-04-10T15:03:42.027Z - [Messenger] listen() complete
[NX v22.6.4 Daemon Client] - 2026-04-10T15:03:42.028Z - [Messenger] Sending message type: REGISTER_PROJECT_GRAPH_LISTENER
[NX v22.6.4 Daemon Client] - 2026-04-10T15:03:42.028Z - [Messenger] Message sent
[NX v22.6.4 Daemon Server] - 2026-04-10T15:03:42.028Z - Received raw message of length 42
[NX v22.6.4 Daemon Server] - 2026-04-10T15:03:42.028Z - Received json message of type REGISTER_PROJECT_GRAPH_LISTENER
[NX v22.6.4 Daemon Server] - 2026-04-10T15:03:42.794Z - [WATCHER]: Processing file changes in outputs
[NX v22.6.4 Daemon Server] - 2026-04-10T15:03:42.794Z - [WATCHER]: firebase-debug.log was modified
[NX v22.6.4 Daemon Server] - 2026-04-10T15:03:42.794Z - [SYNC]: clearing sync generators cache due to file changes
[NX v22.6.4 Daemon Server] - 2026-04-10T15:03:42.918Z - [WATCHER]: src/app/core/services/auth.service.ts was modified
[NX v22.6.4 Daemon Server] - 2026-04-10T15:03:42.918Z - [SYNC]: clearing sync generators cache due to file changes
[NX v22.6.4 Daemon Server] - 2026-04-10T15:03:42.918Z - [WATCHER]: Processing file changes in outputs
[NX v22.6.4 Daemon Server] - 2026-04-10T15:03:46.008Z - [REQUEST]: Updated workspace context based on watched changes, recomputing project graph...
[NX v22.6.4 Daemon Server] - 2026-04-10T15:03:46.008Z - [REQUEST]: firebase-debug.log,src/app/core/services/auth.service.ts
[NX v22.6.4 Daemon Server] - 2026-04-10T15:03:46.008Z - [REQUEST]: 
[NX v22.6.4 Daemon Server] - 2026-04-10T15:03:46.031Z - Time taken for 'hash changed files from watcher' 0.7041000006720424ms
Time taken for 'plugin worker 6948 code loading' 203.4367ms
Time taken for 'plugin worker 11728 code loading' 195.327ms
Time taken for 'plugin worker 18860 code loading' 197.7805ms
[NX v22.6.4 Daemon Server] - 2026-04-10T15:03:46.267Z - Time taken for 'start-plugin-worker:nx/js/dependencies-and-lockfile' 258.2994999997318ms
[NX v22.6.4 Daemon Server] - 2026-04-10T15:03:46.267Z - Time taken for 'start-plugin-worker:nx/core/package-json' 251.42789999954402ms
[NX v22.6.4 Daemon Server] - 2026-04-10T15:03:46.267Z - Time taken for 'start-plugin-worker:nx/core/project-json' 243.89369999989867ms
[NX v22.6.4 Daemon Server] - 2026-04-10T15:03:46.401Z - Time taken for 'build-project-configs' 387.85679999925196ms
[NX v22.6.4 Daemon Server] - 2026-04-10T15:03:46.401Z - Time taken for 'createNodes:merge' 0.709400000050664ms
[NX v22.6.4 Daemon Server] - 2026-04-10T15:03:46.401Z - Time taken for 'get-all-workspace-files' 0.03739999979734421ms
Time taken for 'nx/js/dependencies-and-lockfile:createNodes' 9.51740000000001ms
[NX v22.6.4 Daemon Server] - 2026-04-10T15:03:46.424Z - [SYNC]: collect registered sync generators
[NX v22.6.4 Daemon Server] - 2026-04-10T15:03:46.425Z - [SYNC]: project graph hash is the same, not collecting task sync generators
[NX v22.6.4 Daemon Server] - 2026-04-10T15:03:46.425Z - [SYNC]: nx.json hash is the same, not collecting global sync generators
[NX v22.6.4 Daemon Server] - 2026-04-10T15:03:46.425Z - Serializing response for PROJECT_GRAPH_UPDATED message in json mode
[NX v22.6.4 Daemon Server] - 2026-04-10T15:03:46.427Z - Responding to PROJECT_GRAPH_UPDATED message
[NX v22.6.4 Daemon Server] - 2026-04-10T15:03:46.427Z - [REQUEST]: Responding to the client. Project graph updated
[NX v22.6.4 Daemon Server] - 2026-04-10T15:03:46.427Z - Time taken for 'total execution time for createProjectGraph()' 25.124400000087917ms
[NX v22.6.4 Daemon Server] - 2026-04-10T15:03:46.427Z - Time taken for 'createDependencies' 21.988300000317395ms
[NX v22.6.4 Daemon Server] - 2026-04-10T15:03:46.427Z - Time taken for 'nx/js/dependencies-and-lockfile:createDependencies' 21.899699999950826ms
[NX v22.6.4 Daemon Server] - 2026-04-10T15:03:46.427Z - Time taken for 'createMetadata' 0.01570000033825636ms
[NX v22.6.4 Daemon Server] - 2026-04-10T15:03:46.427Z - Time taken for 'serialize graph' 2.2626000000163913ms
[NX v22.6.4 Daemon Server] - 2026-04-10T15:03:46.429Z - Done responding to the client Project graph updated
[NX v22.6.4 Daemon Client] - 2026-04-10T15:03:46.429Z - [Messenger] Received message, length: 633984
[NX v22.6.4 Daemon Server] - 2026-04-10T15:03:46.429Z - Handled json message PROJECT_GRAPH_UPDATED. Handling time: 0. Response time: 4.
[NX v22.6.4 Daemon Server] - 2026-04-10T15:03:47.442Z - Established a connection. Number of open connections: 3
[NX v22.6.4 Daemon Client] - 2026-04-10T15:03:47.442Z - [Messenger] Sending message type: GET_CONTEXT_FILE_DATA
[NX v22.6.4 Daemon Server] - 2026-04-10T15:03:47.442Z - Closed a connection. Number of open connections: 2
[NX v22.6.4 Daemon Client] - 2026-04-10T15:03:47.443Z - [Messenger] Message sent
[NX v22.6.4 Daemon Server] - 2026-04-10T15:03:47.443Z - Received raw message of length 32
[NX v22.6.4 Daemon Server] - 2026-04-10T15:03:47.443Z - Received json message of type GET_CONTEXT_FILE_DATA
[NX v22.6.4 Daemon Server] - 2026-04-10T15:03:47.443Z - Serializing response for GET_CONTEXT_FILE_DATA message in json mode
[NX v22.6.4 Daemon Server] - 2026-04-10T15:03:47.443Z - Responding to GET_CONTEXT_FILE_DATA message
[NX v22.6.4 Daemon Server] - 2026-04-10T15:03:47.443Z - [REQUEST]: Responding to the client. handleContextFileData
[NX v22.6.4 Daemon Server] - 2026-04-10T15:03:47.444Z - Done responding to the client handleContextFileData
[NX v22.6.4 Daemon Server] - 2026-04-10T15:03:47.444Z - Handled json message GET_CONTEXT_FILE_DATA. Handling time: 0. Response time: 1.
[NX v22.6.4 Daemon Client] - 2026-04-10T15:03:47.444Z - [Messenger] Received message, length: 26992
[NX v22.6.4 Daemon Server] - 2026-04-10T15:03:47.679Z - Closed a connection. Number of open connections: 1
[NX v22.6.4 Daemon Client] - 2026-04-10T15:03:47.680Z - [ProjectGraphListener] Socket closed, triggering reconnection
[NX v22.6.4 Daemon Server] - 2026-04-10T15:03:47.681Z - Established a connection. Number of open connections: 2
[NX v22.6.4 Daemon Server] - 2026-04-10T15:03:47.681Z - Closed a connection. Number of open connections: 1
[NX v22.6.4 Daemon Server] - 2026-04-10T15:03:47.682Z - Established a connection. Number of open connections: 2
[NX v22.6.4 Daemon Client] - 2026-04-10T15:03:47.682Z - [Messenger] Setting up socket listeners
[NX v22.6.4 Daemon Client] - 2026-04-10T15:03:47.683Z - [Messenger] listen() complete
[NX v22.6.4 Daemon Client] - 2026-04-10T15:03:47.683Z - [Messenger] Sending message type: REGISTER_PROJECT_GRAPH_LISTENER
[NX v22.6.4 Daemon Client] - 2026-04-10T15:03:47.683Z - [Messenger] Message sent
[NX v22.6.4 Daemon Server] - 2026-04-10T15:03:47.684Z - Received raw message of length 42
[NX v22.6.4 Daemon Server] - 2026-04-10T15:03:47.684Z - Received json message of type REGISTER_PROJECT_GRAPH_LISTENER
[NX v22.6.4 Daemon Server] - 2026-04-10T15:03:55.314Z - Established a connection. Number of open connections: 3
[NX v22.6.4 Daemon Server] - 2026-04-10T15:03:55.315Z - Closed a connection. Number of open connections: 2
[NX v22.6.4 Daemon Server] - 2026-04-10T15:03:55.315Z - Established a connection. Number of open connections: 3
[NX v22.6.4 Daemon Server] - 2026-04-10T15:03:55.315Z - Closed a connection. Number of open connections: 2
[NX v22.6.4 Daemon Server] - 2026-04-10T15:03:55.315Z - Established a connection. Number of open connections: 3
[NX v22.6.4 Daemon Client] - 2026-04-10T15:03:55.316Z - [Messenger] Setting up socket listeners
[NX v22.6.4 Daemon Client] - 2026-04-10T15:03:55.317Z - [Messenger] listen() complete
[NX v22.6.4 Daemon Client] - 2026-04-10T15:03:55.317Z - [Messenger] Sending message type: GET_NX_CONSOLE_STATUS
[NX v22.6.4 Daemon Client] - 2026-04-10T15:03:55.318Z - [Messenger] Message sent
[NX v22.6.4 Daemon Server] - 2026-04-10T15:03:55.479Z - Received raw message of length 32
[NX v22.6.4 Daemon Server] - 2026-04-10T15:03:55.479Z - Received json message of type GET_NX_CONSOLE_STATUS
[NX v22.6.4 Daemon Server] - 2026-04-10T15:03:55.480Z - Serializing response for GET_NX_CONSOLE_STATUS message in json mode
[NX v22.6.4 Daemon Server] - 2026-04-10T15:03:55.480Z - Responding to GET_NX_CONSOLE_STATUS message
[NX v22.6.4 Daemon Server] - 2026-04-10T15:03:55.480Z - [REQUEST]: Responding to the client. handleGetNxConsoleStatus
[NX v22.6.4 Daemon Server] - 2026-04-10T15:03:55.480Z - Done responding to the client handleGetNxConsoleStatus
[NX v22.6.4 Daemon Server] - 2026-04-10T15:03:55.480Z - Handled json message GET_NX_CONSOLE_STATUS. Handling time: 1. Response time: 0.
[NX v22.6.4 Daemon Client] - 2026-04-10T15:03:55.480Z - [Messenger] Received message, length: 22
[NX v22.6.4 Daemon Client] - 2026-04-10T15:03:55.524Z - [Messenger] Sending message type: REQUEST_PROJECT_GRAPH
[NX v22.6.4 Daemon Client] - 2026-04-10T15:03:55.525Z - [Messenger] Message sent
[NX v22.6.4 Daemon Server] - 2026-04-10T15:03:55.527Z - Received raw message of length 32
[NX v22.6.4 Daemon Server] - 2026-04-10T15:03:55.527Z - Received json message of type REQUEST_PROJECT_GRAPH
[NX v22.6.4 Daemon Server] - 2026-04-10T15:03:55.528Z - [REQUEST]: Client Request for Project Graph Received
[NX v22.6.4 Daemon Server] - 2026-04-10T15:03:55.528Z - Reusing in-memory cached project graph because no files changed.
[NX v22.6.4 Daemon Server] - 2026-04-10T15:03:55.528Z - Serializing response for REQUEST_PROJECT_GRAPH message in json mode
[NX v22.6.4 Daemon Server] - 2026-04-10T15:03:55.528Z - Responding to REQUEST_PROJECT_GRAPH message
[NX v22.6.4 Daemon Server] - 2026-04-10T15:03:55.528Z - [REQUEST]: Responding to the client. project-graph
[NX v22.6.4 Daemon Server] - 2026-04-10T15:03:55.529Z - Time taken for 'total for creating and serializing project graph' 0.41770000010728836ms
[NX v22.6.4 Daemon Server] - 2026-04-10T15:03:55.529Z - Done responding to the client project-graph
[NX v22.6.4 Daemon Server] - 2026-04-10T15:03:55.529Z - Handled json message REQUEST_PROJECT_GRAPH. Handling time: 0. Response time: 1.
[NX v22.6.4 Daemon Client] - 2026-04-10T15:03:55.530Z - [Messenger] Received message, length: 633991
[NX v22.6.4 Daemon Client] - 2026-04-10T15:03:55.535Z - [Messenger] Sending message type: PRE_TASKS_EXECUTION
[NX v22.6.4 Daemon Client] - 2026-04-10T15:03:55.535Z - [Messenger] Message sent
[NX v22.6.4 Daemon Server] - 2026-04-10T15:03:55.536Z - Received raw message of length 883
[NX v22.6.4 Daemon Server] - 2026-04-10T15:03:55.536Z - Received json message of type PRE_TASKS_EXECUTION
[NX v22.6.4 Daemon Server] - 2026-04-10T15:03:55.536Z - Serializing response for PRE_TASKS_EXECUTION message in json mode
[NX v22.6.4 Daemon Server] - 2026-04-10T15:03:55.536Z - Responding to PRE_TASKS_EXECUTION message
[NX v22.6.4 Daemon Server] - 2026-04-10T15:03:55.536Z - [REQUEST]: Responding to the client. handleRunPreTasksExecution
[NX v22.6.4 Daemon Server] - 2026-04-10T15:03:55.536Z - Time taken for 'preTasksExecution' 0.2852999996393919ms
[NX v22.6.4 Daemon Server] - 2026-04-10T15:03:55.536Z - Done responding to the client handleRunPreTasksExecution
[NX v22.6.4 Daemon Server] - 2026-04-10T15:03:55.536Z - Handled json message PRE_TASKS_EXECUTION. Handling time: 0. Response time: 0.
[NX v22.6.4 Daemon Client] - 2026-04-10T15:03:55.537Z - [Messenger] Received message, length: 2
[NX v22.6.4 Daemon Client] - 2026-04-10T15:03:55.566Z - [Messenger] Sending message type: HASH_TASKS
[NX v22.6.4 Daemon Client] - 2026-04-10T15:03:55.566Z - [Messenger] Message sent
[NX v22.6.4 Daemon Server] - 2026-04-10T15:03:55.567Z - Received raw message of length 7658
[NX v22.6.4 Daemon Server] - 2026-04-10T15:03:55.567Z - Received json message of type HASH_TASKS
[NX v22.6.4 Daemon Server] - 2026-04-10T15:03:55.567Z - Reusing in-memory cached project graph because no files changed.
DEBUG nx::native::tasks::hash_planner: get_plans_internal COMPLETED in 1.9872ms - processed 1 tasks (setup: 1.863ms, parallel_planning: 116.1µs)
DEBUG nx::native::tasks::hashers::hash_workspace_files: Hashing workspace fileset with inputs: Adding "9971565417412081857" (".gitignore") to hash
DEBUG nx::native::tasks::hashers::hash_workspace_files: Hashing workspace fileset with inputs: Adding "3986529419154739731" ("nx.json") to hash
DEBUG nx::native::tasks::hashers::hash_workspace_files: Hashing workspace fileset with inputs: Hash Value: "14787824926337430294"
DEBUG nx::native::tasks::task_hasher: hash_plans COMPLETED in 1.7294ms - processed 1 plans (setup: 210.3µs, hashing: 1.5177ms, assembly: 542µs)
[NX v22.6.4 Daemon Server] - 2026-04-10T15:03:55.579Z - Serializing response for HASH_TASKS message in json mode
[NX v22.6.4 Daemon Server] - 2026-04-10T15:03:55.579Z - Responding to HASH_TASKS message
[NX v22.6.4 Daemon Server] - 2026-04-10T15:03:55.579Z - [REQUEST]: Responding to the client. handleHashTasks
[NX v22.6.4 Daemon Client] - 2026-04-10T15:03:55.580Z - [Messenger] Received message, length: 10963
[NX v22.6.4 Daemon Server] - 2026-04-10T15:03:55.580Z - Done responding to the client handleHashTasks
[NX v22.6.4 Daemon Server] - 2026-04-10T15:03:55.581Z - Handled json message HASH_TASKS. Handling time: 12. Response time: 2.
[NX v22.6.4 Daemon Client] - 2026-04-10T15:03:55.821Z - [Messenger] Sending message type: GET_ESTIMATED_TASK_TIMINGS
[NX v22.6.4 Daemon Client] - 2026-04-10T15:03:55.822Z - [Messenger] Message sent
[NX v22.6.4 Daemon Server] - 2026-04-10T15:03:55.882Z - Received raw message of length 122
[NX v22.6.4 Daemon Server] - 2026-04-10T15:03:55.882Z - Received json message of type GET_ESTIMATED_TASK_TIMINGS
[NX v22.6.4 Daemon Server] - 2026-04-10T15:03:55.882Z - Serializing response for GET_ESTIMATED_TASK_TIMINGS message in json mode
[NX v22.6.4 Daemon Server] - 2026-04-10T15:03:55.882Z - Responding to GET_ESTIMATED_TASK_TIMINGS message
[NX v22.6.4 Daemon Server] - 2026-04-10T15:03:55.882Z - [REQUEST]: Responding to the client. handleGetEstimatedTaskTimings
[NX v22.6.4 Daemon Client] - 2026-04-10T15:03:55.883Z - [Messenger] Received message, length: 39
[NX v22.6.4 Daemon Server] - 2026-04-10T15:03:55.883Z - Done responding to the client handleGetEstimatedTaskTimings
[NX v22.6.4 Daemon Server] - 2026-04-10T15:03:55.883Z - Handled json message GET_ESTIMATED_TASK_TIMINGS. Handling time: 0. Response time: 1.
[NX v22.6.4 Daemon Server] - 2026-04-10T15:04:01.422Z - [WATCHER]: Processing file changes in outputs
[NX v22.6.4 Daemon Server] - 2026-04-10T15:04:08.138Z - [WATCHER]: Processing file changes in outputs
[NX v22.6.4 Daemon Server] - 2026-04-10T15:04:08.189Z - [WATCHER]: Processing file changes in outputs
[NX v22.6.4 Daemon Server] - 2026-04-10T15:04:08.259Z - [WATCHER]: Processing file changes in outputs
[NX v22.6.4 Daemon Server] - 2026-04-10T15:04:08.308Z - [WATCHER]: Processing file changes in outputs
[NX v22.6.4 Daemon Server] - 2026-04-10T15:04:08.372Z - [WATCHER]: Processing file changes in outputs
[NX v22.6.4 Daemon Server] - 2026-04-10T15:04:08.421Z - [WATCHER]: Processing file changes in outputs
[NX v22.6.4 Daemon Server] - 2026-04-10T15:04:08.490Z - [WATCHER]: Processing file changes in outputs
[NX v22.6.4 Daemon Server] - 2026-04-10T15:04:08.557Z - [WATCHER]: Processing file changes in outputs
[NX v22.6.4 Daemon Server] - 2026-04-10T15:04:08.634Z - [WATCHER]: Processing file changes in outputs
[NX v22.6.4 Daemon Client] - 2026-04-10T15:04:08.720Z - [Messenger] Sending message type: RECORD_OUTPUTS_HASH
[NX v22.6.4 Daemon Client] - 2026-04-10T15:04:08.721Z - [Messenger] Message sent
[NX v22.6.4 Daemon Server] - 2026-04-10T15:04:08.725Z - Received raw message of length 99
[NX v22.6.4 Daemon Server] - 2026-04-10T15:04:08.725Z - Received json message of type RECORD_OUTPUTS_HASH
[NX v22.6.4 Daemon Server] - 2026-04-10T15:04:08.747Z - Serializing response for RECORD_OUTPUTS_HASH message in json mode
[NX v22.6.4 Daemon Server] - 2026-04-10T15:04:08.747Z - Responding to RECORD_OUTPUTS_HASH message
[NX v22.6.4 Daemon Server] - 2026-04-10T15:04:08.748Z - [REQUEST]: Responding to the client. recordOutputsHash
[NX v22.6.4 Daemon Client] - 2026-04-10T15:04:08.748Z - [Messenger] Received message, length: 2
[NX v22.6.4 Daemon Server] - 2026-04-10T15:04:08.749Z - [WATCHER]: Processing file changes in outputs
[NX v22.6.4 Daemon Server] - 2026-04-10T15:04:08.750Z - Done responding to the client recordOutputsHash
[NX v22.6.4 Daemon Server] - 2026-04-10T15:04:08.750Z - Handled json message RECORD_OUTPUTS_HASH. Handling time: 22. Response time: 3.
[NX v22.6.4 Daemon Client] - 2026-04-10T15:04:08.984Z - [Messenger] Sending message type: RECORD_TASK_RUNS
[NX v22.6.4 Daemon Client] - 2026-04-10T15:04:08.985Z - [Messenger] Message sent
[NX v22.6.4 Daemon Server] - 2026-04-10T15:04:08.986Z - Received raw message of length 240
[NX v22.6.4 Daemon Server] - 2026-04-10T15:04:08.986Z - Received json message of type RECORD_TASK_RUNS
[NX v22.6.4 Daemon Server] - 2026-04-10T15:04:08.986Z - Serializing response for RECORD_TASK_RUNS message in json mode
[NX v22.6.4 Daemon Server] - 2026-04-10T15:04:08.987Z - Responding to RECORD_TASK_RUNS message
[NX v22.6.4 Daemon Server] - 2026-04-10T15:04:08.987Z - [REQUEST]: Responding to the client. handleRecordTaskRuns
[NX v22.6.4 Daemon Server] - 2026-04-10T15:04:08.987Z - Done responding to the client handleRecordTaskRuns
[NX v22.6.4 Daemon Server] - 2026-04-10T15:04:08.987Z - Handled json message RECORD_TASK_RUNS. Handling time: 0. Response time: 1.
[NX v22.6.4 Daemon Client] - 2026-04-10T15:04:08.987Z - [Messenger] Received message, length: 4
[NX v22.6.4 Daemon Client] - 2026-04-10T15:04:08.988Z - [Messenger] Sending message type: GET_FLAKY_TASKS
[NX v22.6.4 Daemon Client] - 2026-04-10T15:04:08.988Z - [Messenger] Message sent
[NX v22.6.4 Daemon Server] - 2026-04-10T15:04:08.988Z - Received raw message of length 59
[NX v22.6.4 Daemon Server] - 2026-04-10T15:04:08.988Z - Received json message of type GET_FLAKY_TASKS
[NX v22.6.4 Daemon Server] - 2026-04-10T15:04:08.988Z - Serializing response for GET_FLAKY_TASKS message in json mode
[NX v22.6.4 Daemon Server] - 2026-04-10T15:04:08.988Z - Responding to GET_FLAKY_TASKS message
[NX v22.6.4 Daemon Server] - 2026-04-10T15:04:08.988Z - [REQUEST]: Responding to the client. handleGetFlakyTasks
[NX v22.6.4 Daemon Server] - 2026-04-10T15:04:08.988Z - Done responding to the client handleGetFlakyTasks
[NX v22.6.4 Daemon Server] - 2026-04-10T15:04:08.988Z - Handled json message GET_FLAKY_TASKS. Handling time: 0. Response time: 0.
[NX v22.6.4 Daemon Client] - 2026-04-10T15:04:08.989Z - [Messenger] Received message, length: 2
[NX v22.6.4 Daemon Client] - 2026-04-10T15:04:09.093Z - [Messenger] Sending message type: PROCESS_IN_BACKGROUND
[NX v22.6.4 Daemon Client] - 2026-04-10T15:04:09.097Z - [Messenger] Message sent
[NX v22.6.4 Daemon Server] - 2026-04-10T15:04:09.099Z - Received raw message of length 694598
[NX v22.6.4 Daemon Server] - 2026-04-10T15:04:09.102Z - Received json message of type PROCESS_IN_BACKGROUND
[NX v22.6.4 Daemon Server] - 2026-04-10T15:04:09.247Z - Serializing response for PROCESS_IN_BACKGROUND message in json mode
[NX v22.6.4 Daemon Server] - 2026-04-10T15:04:09.248Z - Responding to PROCESS_IN_BACKGROUND message
[NX v22.6.4 Daemon Server] - 2026-04-10T15:04:09.248Z - [REQUEST]: Responding to the client. PROCESS_IN_BACKGROUND
[NX v22.6.4 Daemon Client] - 2026-04-10T15:04:09.248Z - [Messenger] Received message, length: 2
[NX v22.6.4 Daemon Server] - 2026-04-10T15:04:09.249Z - Uploading file artifacts
[NX v22.6.4 Daemon Server] - 2026-04-10T15:04:09.250Z - Done responding to the client PROCESS_IN_BACKGROUND
[NX v22.6.4 Daemon Server] - 2026-04-10T15:04:09.250Z - Handled json message PROCESS_IN_BACKGROUND. Handling time: 145. Response time: 3.
[NX v22.6.4 Daemon Server] - 2026-04-10T15:04:09.251Z - Established a connection. Number of open connections: 4
[NX v22.6.4 Daemon Server] - 2026-04-10T15:04:09.252Z - Closed a connection. Number of open connections: 3
[NX v22.6.4 Daemon Client] - 2026-04-10T15:04:09.252Z - [Messenger] Sending message type: GET_CONFIGURE_AI_AGENTS_STATUS
[NX v22.6.4 Daemon Client] - 2026-04-10T15:04:09.252Z - [Messenger] Message sent
[NX v22.6.4 Daemon Server] - 2026-04-10T15:04:09.261Z - Received raw message of length 41
[NX v22.6.4 Daemon Server] - 2026-04-10T15:04:09.261Z - Received json message of type GET_CONFIGURE_AI_AGENTS_STATUS
[NX v22.6.4 Daemon Server] - 2026-04-10T15:04:09.261Z - [AI-AGENTS]: Returning cached agent configuration status
[NX v22.6.4 Daemon Server] - 2026-04-10T15:04:09.261Z - Serializing response for GET_CONFIGURE_AI_AGENTS_STATUS message in json mode
[NX v22.6.4 Daemon Server] - 2026-04-10T15:04:09.261Z - Responding to GET_CONFIGURE_AI_AGENTS_STATUS message
[NX v22.6.4 Daemon Server] - 2026-04-10T15:04:09.261Z - [REQUEST]: Responding to the client. handleGetConfigureAiAgentsStatus
[NX v22.6.4 Daemon Server] - 2026-04-10T15:04:09.261Z - Done responding to the client handleGetConfigureAiAgentsStatus
[NX v22.6.4 Daemon Server] - 2026-04-10T15:04:09.261Z - Handled json message GET_CONFIGURE_AI_AGENTS_STATUS. Handling time: 0. Response time: 0.
[NX v22.6.4 Daemon Client] - 2026-04-10T15:04:09.262Z - [Messenger] Received message, length: 383
[NX v22.6.4 Daemon Client] - 2026-04-10T15:04:09.266Z - [Messenger] Sending message type: POST_TASKS_EXECUTION
[NX v22.6.4 Daemon Client] - 2026-04-10T15:04:09.267Z - [Messenger] Message sent
[NX v22.6.4 Daemon Server] - 2026-04-10T15:04:09.268Z - Received raw message of length 47300
[NX v22.6.4 Daemon Server] - 2026-04-10T15:04:09.269Z - Received json message of type POST_TASKS_EXECUTION
[NX v22.6.4 Daemon Server] - 2026-04-10T15:04:09.269Z - Serializing response for POST_TASKS_EXECUTION message in json mode
[NX v22.6.4 Daemon Server] - 2026-04-10T15:04:09.269Z - Responding to POST_TASKS_EXECUTION message
[NX v22.6.4 Daemon Server] - 2026-04-10T15:04:09.269Z - [REQUEST]: Responding to the client. handleRunPostTasksExecution
[NX v22.6.4 Daemon Server] - 2026-04-10T15:04:09.269Z - Time taken for 'postTasksExecution' 0.3272000001743436ms
[NX v22.6.4 Daemon Client] - 2026-04-10T15:04:09.270Z - [Messenger] Received message, length: 4
[NX v22.6.4 Daemon Server] - 2026-04-10T15:04:09.271Z - Done responding to the client handleRunPostTasksExecution
[NX v22.6.4 Daemon Server] - 2026-04-10T15:04:09.271Z - Handled json message POST_TASKS_EXECUTION. Handling time: 0. Response time: 2.
[NX v22.6.4 Daemon Server] - 2026-04-10T15:04:09.281Z - Closed a connection. Number of open connections: 2
[NX v22.6.4 Daemon Server] - 2026-04-10T15:04:14.235Z - Done uploading file artifacts
[NX v22.6.4 Daemon Server] - 2026-04-10T15:04:14.235Z - Sending EndRun request
[NX v22.6.4 Daemon Server] - 2026-04-10T15:04:14.767Z - Done sending EndRun request
[NX v22.6.4 Daemon Server] - 2026-04-10T15:06:28.497Z - [WATCHER]: firebase-debug.log was modified
[NX v22.6.4 Daemon Server] - 2026-04-10T15:06:28.497Z - [SYNC]: clearing sync generators cache due to file changes
[NX v22.6.4 Daemon Server] - 2026-04-10T15:06:28.497Z - [WATCHER]: Processing file changes in outputs
[NX v22.6.4 Daemon Server] - 2026-04-10T15:06:28.618Z - [REQUEST]: Updated workspace context based on watched changes, recomputing project graph...
[NX v22.6.4 Daemon Server] - 2026-04-10T15:06:28.618Z - [REQUEST]: firebase-debug.log
[NX v22.6.4 Daemon Server] - 2026-04-10T15:06:28.618Z - [REQUEST]: 
[NX v22.6.4 Daemon Server] - 2026-04-10T15:06:28.643Z - Time taken for 'hash changed files from watcher' 13.71929999999702ms
Time taken for 'plugin worker 5864 code loading' 208.0341ms
[NX v22.6.4 Daemon Server] - 2026-04-10T15:06:28.882Z - Time taken for 'start-plugin-worker:nx/js/dependencies-and-lockfile' 263.181599999778ms
Time taken for 'plugin worker 31172 code loading' 193.0194ms
Time taken for 'plugin worker 19564 code loading' 205.1164ms
[NX v22.6.4 Daemon Server] - 2026-04-10T15:06:28.903Z - Time taken for 'start-plugin-worker:nx/core/package-json' 275.6735000004992ms
[NX v22.6.4 Daemon Server] - 2026-04-10T15:06:28.903Z - Time taken for 'start-plugin-worker:nx/core/project-json' 268.1710000000894ms
Time taken for 'nx/js/dependencies-and-lockfile:createNodes' 12.239500000000021ms
[NX v22.6.4 Daemon Server] - 2026-04-10T15:06:29.031Z - Time taken for 'build-project-configs' 405.51080000028014ms
[NX v22.6.4 Daemon Server] - 2026-04-10T15:06:29.031Z - Time taken for 'createNodes:merge' 1.1711999997496605ms
[NX v22.6.4 Daemon Server] - 2026-04-10T15:06:29.031Z - Time taken for 'get-all-workspace-files' 0.08889999985694885ms
[NX v22.6.4 Daemon Server] - 2026-04-10T15:06:29.051Z - [SYNC]: collect registered sync generators
[NX v22.6.4 Daemon Server] - 2026-04-10T15:06:29.052Z - [SYNC]: project graph hash is the same, not collecting task sync generators
[NX v22.6.4 Daemon Server] - 2026-04-10T15:06:29.052Z - [SYNC]: nx.json hash is the same, not collecting global sync generators
[NX v22.6.4 Daemon Server] - 2026-04-10T15:06:29.052Z - Serializing response for PROJECT_GRAPH_UPDATED message in json mode
[NX v22.6.4 Daemon Server] - 2026-04-10T15:06:29.054Z - Responding to PROJECT_GRAPH_UPDATED message
[NX v22.6.4 Daemon Server] - 2026-04-10T15:06:29.054Z - [REQUEST]: Responding to the client. Project graph updated
[NX v22.6.4 Daemon Server] - 2026-04-10T15:06:29.054Z - Time taken for 'total execution time for createProjectGraph()' 24.22840000037104ms
[NX v22.6.4 Daemon Server] - 2026-04-10T15:06:29.054Z - Time taken for 'createDependencies' 20.321700000204146ms
[NX v22.6.4 Daemon Server] - 2026-04-10T15:06:29.054Z - Time taken for 'nx/js/dependencies-and-lockfile:createDependencies' 20.239100000821054ms
[NX v22.6.4 Daemon Server] - 2026-04-10T15:06:29.054Z - Time taken for 'createMetadata' 0.012999999336898327ms
[NX v22.6.4 Daemon Server] - 2026-04-10T15:06:29.054Z - Time taken for 'serialize graph' 2.021900000050664ms
[NX v22.6.4 Daemon Server] - 2026-04-10T15:06:29.054Z - Done responding to the client Project graph updated
[NX v22.6.4 Daemon Server] - 2026-04-10T15:06:29.055Z - Handled json message PROJECT_GRAPH_UPDATED. Handling time: 0. Response time: 3.
[NX v22.6.4 Daemon Client] - 2026-04-10T15:06:29.055Z - [Messenger] Received message, length: 633984
[NX v22.6.4 Daemon Server] - 2026-04-10T15:06:30.061Z - Established a connection. Number of open connections: 3
[NX v22.6.4 Daemon Client] - 2026-04-10T15:06:30.062Z - [Messenger] Sending message type: GET_CONTEXT_FILE_DATA
[NX v22.6.4 Daemon Server] - 2026-04-10T15:06:30.062Z - Closed a connection. Number of open connections: 2
[NX v22.6.4 Daemon Client] - 2026-04-10T15:06:30.062Z - [Messenger] Message sent
[NX v22.6.4 Daemon Server] - 2026-04-10T15:06:30.063Z - Received raw message of length 32
[NX v22.6.4 Daemon Server] - 2026-04-10T15:06:30.063Z - Received json message of type GET_CONTEXT_FILE_DATA
[NX v22.6.4 Daemon Server] - 2026-04-10T15:06:30.064Z - Serializing response for GET_CONTEXT_FILE_DATA message in json mode
[NX v22.6.4 Daemon Server] - 2026-04-10T15:06:30.064Z - Responding to GET_CONTEXT_FILE_DATA message
[NX v22.6.4 Daemon Server] - 2026-04-10T15:06:30.064Z - [REQUEST]: Responding to the client. handleContextFileData
[NX v22.6.4 Daemon Server] - 2026-04-10T15:06:30.064Z - Done responding to the client handleContextFileData
[NX v22.6.4 Daemon Server] - 2026-04-10T15:06:30.064Z - Handled json message GET_CONTEXT_FILE_DATA. Handling time: 1. Response time: 0.
[NX v22.6.4 Daemon Client] - 2026-04-10T15:06:30.065Z - [Messenger] Received message, length: 26991
[NX v22.6.4 Daemon Server] - 2026-04-10T15:06:30.265Z - Closed a connection. Number of open connections: 1
[NX v22.6.4 Daemon Client] - 2026-04-10T15:06:30.266Z - [ProjectGraphListener] Socket closed, triggering reconnection
[NX v22.6.4 Daemon Server] - 2026-04-10T15:06:30.267Z - Established a connection. Number of open connections: 2
[NX v22.6.4 Daemon Server] - 2026-04-10T15:06:30.267Z - Closed a connection. Number of open connections: 1
[NX v22.6.4 Daemon Client] - 2026-04-10T15:06:30.267Z - [Messenger] Setting up socket listeners
[NX v22.6.4 Daemon Client] - 2026-04-10T15:06:30.267Z - [Messenger] listen() complete
[NX v22.6.4 Daemon Client] - 2026-04-10T15:06:30.267Z - [Messenger] Sending message type: REGISTER_PROJECT_GRAPH_LISTENER
[NX v22.6.4 Daemon Client] - 2026-04-10T15:06:30.268Z - [Messenger] Message sent
[NX v22.6.4 Daemon Server] - 2026-04-10T15:06:30.268Z - Established a connection. Number of open connections: 2
[NX v22.6.4 Daemon Server] - 2026-04-10T15:06:30.268Z - Received raw message of length 42
[NX v22.6.4 Daemon Server] - 2026-04-10T15:06:30.268Z - Received json message of type REGISTER_PROJECT_GRAPH_LISTENER
[NX v22.6.4 Daemon Server] - 2026-04-10T15:07:01.583Z - [WATCHER]: Processing file changes in outputs
[NX v22.6.4 Daemon Server] - 2026-04-10T15:07:01.583Z - [WATCHER]: functions/src/index.ts was modified
[NX v22.6.4 Daemon Server] - 2026-04-10T15:07:01.584Z - [SYNC]: clearing sync generators cache due to file changes
[NX v22.6.4 Daemon Server] - 2026-04-10T15:07:01.785Z - [REQUEST]: Updated workspace context based on watched changes, recomputing project graph...
[NX v22.6.4 Daemon Server] - 2026-04-10T15:07:01.785Z - [REQUEST]: functions/src/index.ts
[NX v22.6.4 Daemon Server] - 2026-04-10T15:07:01.785Z - [REQUEST]: 
[NX v22.6.4 Daemon Server] - 2026-04-10T15:07:01.805Z - [WATCHER]: firebase-debug.log was modified
[NX v22.6.4 Daemon Server] - 2026-04-10T15:07:01.806Z - [SYNC]: clearing sync generators cache due to file changes
[NX v22.6.4 Daemon Server] - 2026-04-10T15:07:01.806Z - [WATCHER]: Processing file changes in outputs
[NX v22.6.4 Daemon Server] - 2026-04-10T15:07:01.806Z - Time taken for 'hash changed files from watcher' 0.5906999995931983ms
Time taken for 'plugin worker 30232 code loading' 169.2472ms
Time taken for 'plugin worker 34408 code loading' 164.5547ms
[NX v22.6.4 Daemon Server] - 2026-04-10T15:07:02.000Z - Time taken for 'start-plugin-worker:nx/js/dependencies-and-lockfile' 213.34370000008494ms
[NX v22.6.4 Daemon Server] - 2026-04-10T15:07:02.000Z - Time taken for 'start-plugin-worker:nx/core/package-json' 207.28960000071675ms
Time taken for 'plugin worker 13160 code loading' 168.5759ms
[NX v22.6.4 Daemon Server] - 2026-04-10T15:07:02.016Z - Time taken for 'start-plugin-worker:nx/core/project-json' 217.6732000000775ms
[NX v22.6.4 Daemon Server] - 2026-04-10T15:07:02.125Z - Time taken for 'build-project-configs' 334.46580000035465ms
[NX v22.6.4 Daemon Server] - 2026-04-10T15:07:02.125Z - Time taken for 'createNodes:merge' 0.7213000003248453ms
[NX v22.6.4 Daemon Server] - 2026-04-10T15:07:02.125Z - Time taken for 'get-all-workspace-files' 0.10319999977946281ms
Time taken for 'nx/js/dependencies-and-lockfile:createNodes' 12.53309999999999ms
[NX v22.6.4 Daemon Server] - 2026-04-10T15:07:02.207Z - [REQUEST]: Updated workspace context based on watched changes, recomputing project graph...
[NX v22.6.4 Daemon Server] - 2026-04-10T15:07:02.207Z - [REQUEST]: firebase-debug.log
[NX v22.6.4 Daemon Server] - 2026-04-10T15:07:02.207Z - [REQUEST]: 
[NX v22.6.4 Daemon Server] - 2026-04-10T15:07:02.222Z - Time taken for 'hash changed files from watcher' 0.46929999999701977ms
[NX v22.6.4 Daemon Server] - 2026-04-10T15:07:02.334Z - [SYNC]: collect registered sync generators
[NX v22.6.4 Daemon Server] - 2026-04-10T15:07:02.334Z - [SYNC]: project graph hash is the same, not collecting task sync generators
[NX v22.6.4 Daemon Server] - 2026-04-10T15:07:02.334Z - [SYNC]: nx.json hash is the same, not collecting global sync generators
[NX v22.6.4 Daemon Server] - 2026-04-10T15:07:02.334Z - Serializing response for PROJECT_GRAPH_UPDATED message in json mode
[NX v22.6.4 Daemon Server] - 2026-04-10T15:07:02.336Z - Responding to PROJECT_GRAPH_UPDATED message
[NX v22.6.4 Daemon Server] - 2026-04-10T15:07:02.337Z - [REQUEST]: Responding to the client. Project graph updated
[NX v22.6.4 Daemon Server] - 2026-04-10T15:07:02.337Z - Time taken for 'total execution time for createProjectGraph()' 210.24639999959618ms
[NX v22.6.4 Daemon Server] - 2026-04-10T15:07:02.337Z - Time taken for 'createDependencies' 207.18539999984205ms
[NX v22.6.4 Daemon Server] - 2026-04-10T15:07:02.337Z - Time taken for 'nx/js/dependencies-and-lockfile:createDependencies' 207.07149999961257ms
[NX v22.6.4 Daemon Server] - 2026-04-10T15:07:02.337Z - Time taken for 'createMetadata' 0.02280000038444996ms
[NX v22.6.4 Daemon Server] - 2026-04-10T15:07:02.337Z - Time taken for 'serialize graph' 2.7231000000610948ms
[NX v22.6.4 Daemon Client] - 2026-04-10T15:07:02.338Z - [Messenger] Received message, length: 633984
Time taken for 'build typescript dependencies' 191.79370000000006ms
Time taken for 'nx/js/dependencies-and-lockfile:createNodes' 8.451599999999985ms
[NX v22.6.4 Daemon Server] - 2026-04-10T15:07:02.341Z - Done responding to the client Project graph updated
[NX v22.6.4 Daemon Server] - 2026-04-10T15:07:02.341Z - Handled json message PROJECT_GRAPH_UPDATED. Handling time: 0. Response time: 7.
Time taken for 'plugin worker 37064 code loading' 164.1476ms
Time taken for 'plugin worker 21604 code loading' 159.4242ms
[NX v22.6.4 Daemon Server] - 2026-04-10T15:07:02.425Z - Time taken for 'start-plugin-worker:nx/core/package-json' 216.56599999964237ms
[NX v22.6.4 Daemon Server] - 2026-04-10T15:07:02.425Z - Time taken for 'start-plugin-worker:nx/core/project-json' 210.66949999984354ms
[NX v22.6.4 Daemon Server] - 2026-04-10T15:07:02.513Z - Time taken for 'build-project-configs' 300.9354999996722ms
[NX v22.6.4 Daemon Server] - 2026-04-10T15:07:02.513Z - Time taken for 'createNodes:merge' 0.8019000003114343ms
[NX v22.6.4 Daemon Server] - 2026-04-10T15:07:02.513Z - Time taken for 'get-all-workspace-files' 0.05810000002384186ms
[NX v22.6.4 Daemon Server] - 2026-04-10T15:07:02.528Z - [SYNC]: collect registered sync generators
[NX v22.6.4 Daemon Server] - 2026-04-10T15:07:02.529Z - [SYNC]: project graph hash is the same, not collecting task sync generators
[NX v22.6.4 Daemon Server] - 2026-04-10T15:07:02.529Z - [SYNC]: nx.json hash is the same, not collecting global sync generators
[NX v22.6.4 Daemon Server] - 2026-04-10T15:07:02.529Z - Serializing response for PROJECT_GRAPH_UPDATED message in json mode
[NX v22.6.4 Daemon Server] - 2026-04-10T15:07:02.530Z - Responding to PROJECT_GRAPH_UPDATED message
[NX v22.6.4 Daemon Server] - 2026-04-10T15:07:02.531Z - [REQUEST]: Responding to the client. Project graph updated
[NX v22.6.4 Daemon Server] - 2026-04-10T15:07:02.531Z - Time taken for 'total execution time for createProjectGraph()' 16.893000000156462ms
[NX v22.6.4 Daemon Server] - 2026-04-10T15:07:02.531Z - Time taken for 'createDependencies' 14.262799999676645ms
[NX v22.6.4 Daemon Server] - 2026-04-10T15:07:02.531Z - Time taken for 'nx/js/dependencies-and-lockfile:createDependencies' 14.164700000546873ms
[NX v22.6.4 Daemon Server] - 2026-04-10T15:07:02.531Z - Time taken for 'createMetadata' 0.012600000016391277ms
[NX v22.6.4 Daemon Server] - 2026-04-10T15:07:02.531Z - Time taken for 'serialize graph' 1.990799999795854ms
[NX v22.6.4 Daemon Server] - 2026-04-10T15:07:02.532Z - Done responding to the client Project graph updated
[NX v22.6.4 Daemon Server] - 2026-04-10T15:07:02.532Z - Handled json message PROJECT_GRAPH_UPDATED. Handling time: 0. Response time: 3.
[NX v22.6.4 Daemon Client] - 2026-04-10T15:07:02.532Z - [Messenger] Received message, length: 633984
[NX v22.6.4 Daemon Server] - 2026-04-10T15:07:02.845Z - [WATCHER]: Processing file changes in outputs
[NX v22.6.4 Daemon Server] - 2026-04-10T15:07:02.845Z - [WATCHER]: firebase-debug.log was modified
[NX v22.6.4 Daemon Server] - 2026-04-10T15:07:02.845Z - [SYNC]: clearing sync generators cache due to file changes
[NX v22.6.4 Daemon Server] - 2026-04-10T15:07:03.553Z - Established a connection. Number of open connections: 3
[NX v22.6.4 Daemon Client] - 2026-04-10T15:07:03.553Z - [Messenger] Sending message type: GET_CONTEXT_FILE_DATA
[NX v22.6.4 Daemon Server] - 2026-04-10T15:07:03.553Z - Closed a connection. Number of open connections: 2
[NX v22.6.4 Daemon Client] - 2026-04-10T15:07:03.553Z - [Messenger] Message sent
[NX v22.6.4 Daemon Server] - 2026-04-10T15:07:03.555Z - Received raw message of length 32
[NX v22.6.4 Daemon Server] - 2026-04-10T15:07:03.555Z - Received json message of type GET_CONTEXT_FILE_DATA
[NX v22.6.4 Daemon Server] - 2026-04-10T15:07:03.555Z - Serializing response for GET_CONTEXT_FILE_DATA message in json mode
[NX v22.6.4 Daemon Server] - 2026-04-10T15:07:03.555Z - Responding to GET_CONTEXT_FILE_DATA message
[NX v22.6.4 Daemon Server] - 2026-04-10T15:07:03.555Z - [REQUEST]: Responding to the client. handleContextFileData
[NX v22.6.4 Daemon Server] - 2026-04-10T15:07:03.555Z - Done responding to the client handleContextFileData
[NX v22.6.4 Daemon Server] - 2026-04-10T15:07:03.555Z - Handled json message GET_CONTEXT_FILE_DATA. Handling time: 0. Response time: 0.
[NX v22.6.4 Daemon Client] - 2026-04-10T15:07:03.555Z - [Messenger] Received message, length: 26991
[NX v22.6.4 Daemon Server] - 2026-04-10T15:07:03.656Z - [REQUEST]: Updated workspace context based on watched changes, recomputing project graph...
[NX v22.6.4 Daemon Server] - 2026-04-10T15:07:03.656Z - [REQUEST]: firebase-debug.log
[NX v22.6.4 Daemon Server] - 2026-04-10T15:07:03.656Z - [REQUEST]: 
[NX v22.6.4 Daemon Server] - 2026-04-10T15:07:03.683Z - Time taken for 'hash changed files from watcher' 0.6049000006169081ms
[NX v22.6.4 Daemon Server] - 2026-04-10T15:07:03.718Z - [WATCHER]: functions/src/index.ts was modified
[NX v22.6.4 Daemon Server] - 2026-04-10T15:07:03.718Z - [SYNC]: clearing sync generators cache due to file changes
[NX v22.6.4 Daemon Server] - 2026-04-10T15:07:03.718Z - [WATCHER]: Processing file changes in outputs
[NX v22.6.4 Daemon Server] - 2026-04-10T15:07:03.742Z - Closed a connection. Number of open connections: 1
[NX v22.6.4 Daemon Client] - 2026-04-10T15:07:03.742Z - [ProjectGraphListener] Socket closed, triggering reconnection
[NX v22.6.4 Daemon Server] - 2026-04-10T15:07:03.743Z - Established a connection. Number of open connections: 2
[NX v22.6.4 Daemon Server] - 2026-04-10T15:07:03.744Z - Closed a connection. Number of open connections: 1
[NX v22.6.4 Daemon Client] - 2026-04-10T15:07:03.744Z - [Messenger] Setting up socket listeners
[NX v22.6.4 Daemon Server] - 2026-04-10T15:07:03.744Z - Established a connection. Number of open connections: 2
[NX v22.6.4 Daemon Client] - 2026-04-10T15:07:03.744Z - [Messenger] listen() complete
[NX v22.6.4 Daemon Client] - 2026-04-10T15:07:03.744Z - [Messenger] Sending message type: REGISTER_PROJECT_GRAPH_LISTENER
[NX v22.6.4 Daemon Client] - 2026-04-10T15:07:03.744Z - [Messenger] Message sent
[NX v22.6.4 Daemon Server] - 2026-04-10T15:07:03.745Z - Received raw message of length 42
[NX v22.6.4 Daemon Server] - 2026-04-10T15:07:03.745Z - Received json message of type REGISTER_PROJECT_GRAPH_LISTENER
Time taken for 'plugin worker 9860 code loading' 165.5527ms
Time taken for 'plugin worker 21796 code loading' 161.9908ms
Time taken for 'plugin worker 34700 code loading' 162.5445ms
[NX v22.6.4 Daemon Server] - 2026-04-10T15:07:03.881Z - Time taken for 'start-plugin-worker:nx/js/dependencies-and-lockfile' 224.47360000014305ms
[NX v22.6.4 Daemon Server] - 2026-04-10T15:07:03.881Z - Time taken for 'start-plugin-worker:nx/core/package-json' 216.2535999994725ms
[NX v22.6.4 Daemon Server] - 2026-04-10T15:07:03.881Z - Time taken for 'start-plugin-worker:nx/core/project-json' 206.38510000053793ms
[NX v22.6.4 Daemon Server] - 2026-04-10T15:07:03.992Z - Time taken for 'build-project-configs' 330.7560999998823ms
[NX v22.6.4 Daemon Server] - 2026-04-10T15:07:03.992Z - Time taken for 'createNodes:merge' 0.660500000230968ms
[NX v22.6.4 Daemon Server] - 2026-04-10T15:07:03.992Z - Time taken for 'get-all-workspace-files' 0.031700000166893005ms
Time taken for 'nx/js/dependencies-and-lockfile:createNodes' 8.543499999999995ms
[NX v22.6.4 Daemon Server] - 2026-04-10T15:07:04.007Z - [SYNC]: collect registered sync generators
[NX v22.6.4 Daemon Server] - 2026-04-10T15:07:04.008Z - [SYNC]: project graph hash is the same, not collecting task sync generators
[NX v22.6.4 Daemon Server] - 2026-04-10T15:07:04.008Z - [SYNC]: nx.json hash is the same, not collecting global sync generators
[NX v22.6.4 Daemon Server] - 2026-04-10T15:07:04.008Z - Serializing response for PROJECT_GRAPH_UPDATED message in json mode
[NX v22.6.4 Daemon Server] - 2026-04-10T15:07:04.009Z - Responding to PROJECT_GRAPH_UPDATED message
[NX v22.6.4 Daemon Server] - 2026-04-10T15:07:04.009Z - [REQUEST]: Responding to the client. Project graph updated
[NX v22.6.4 Daemon Server] - 2026-04-10T15:07:04.010Z - Time taken for 'total execution time for createProjectGraph()' 17.755099999718368ms
[NX v22.6.4 Daemon Server] - 2026-04-10T15:07:04.010Z - Time taken for 'createDependencies' 15.154199999757111ms
[NX v22.6.4 Daemon Server] - 2026-04-10T15:07:04.010Z - Time taken for 'nx/js/dependencies-and-lockfile:createDependencies' 15.093000000342727ms
[NX v22.6.4 Daemon Server] - 2026-04-10T15:07:04.010Z - Time taken for 'createMetadata' 0.012299999594688416ms
[NX v22.6.4 Daemon Server] - 2026-04-10T15:07:04.010Z - Time taken for 'serialize graph' 1.7427000002935529ms
[NX v22.6.4 Daemon Server] - 2026-04-10T15:07:04.010Z - Done responding to the client Project graph updated
[NX v22.6.4 Daemon Server] - 2026-04-10T15:07:04.010Z - Handled json message PROJECT_GRAPH_UPDATED. Handling time: 0. Response time: 2.
[NX v22.6.4 Daemon Client] - 2026-04-10T15:07:04.011Z - [Messenger] Received message, length: 633984
[NX v22.6.4 Daemon Server] - 2026-04-10T15:07:05.037Z - Established a connection. Number of open connections: 3
[NX v22.6.4 Daemon Server] - 2026-04-10T15:07:05.037Z - Closed a connection. Number of open connections: 2
[NX v22.6.4 Daemon Client] - 2026-04-10T15:07:05.037Z - [Messenger] Sending message type: GET_CONTEXT_FILE_DATA
[NX v22.6.4 Daemon Client] - 2026-04-10T15:07:05.038Z - [Messenger] Message sent
[NX v22.6.4 Daemon Server] - 2026-04-10T15:07:05.038Z - Received raw message of length 32
[NX v22.6.4 Daemon Server] - 2026-04-10T15:07:05.038Z - Received json message of type GET_CONTEXT_FILE_DATA
[NX v22.6.4 Daemon Server] - 2026-04-10T15:07:05.039Z - Serializing response for GET_CONTEXT_FILE_DATA message in json mode
[NX v22.6.4 Daemon Server] - 2026-04-10T15:07:05.039Z - Responding to GET_CONTEXT_FILE_DATA message
[NX v22.6.4 Daemon Server] - 2026-04-10T15:07:05.039Z - [REQUEST]: Responding to the client. handleContextFileData
[NX v22.6.4 Daemon Server] - 2026-04-10T15:07:05.039Z - Done responding to the client handleContextFileData
[NX v22.6.4 Daemon Server] - 2026-04-10T15:07:05.039Z - Handled json message GET_CONTEXT_FILE_DATA. Handling time: 1. Response time: 0.
[NX v22.6.4 Daemon Client] - 2026-04-10T15:07:05.039Z - [Messenger] Received message, length: 26992
[NX v22.6.4 Daemon Server] - 2026-04-10T15:07:05.202Z - Closed a connection. Number of open connections: 1
[NX v22.6.4 Daemon Client] - 2026-04-10T15:07:05.202Z - [ProjectGraphListener] Socket closed, triggering reconnection
[NX v22.6.4 Daemon Server] - 2026-04-10T15:07:05.203Z - Established a connection. Number of open connections: 2
[NX v22.6.4 Daemon Server] - 2026-04-10T15:07:05.204Z - Closed a connection. Number of open connections: 1
[NX v22.6.4 Daemon Client] - 2026-04-10T15:07:05.204Z - [Messenger] Setting up socket listeners
[NX v22.6.4 Daemon Client] - 2026-04-10T15:07:05.204Z - [Messenger] listen() complete
[NX v22.6.4 Daemon Client] - 2026-04-10T15:07:05.204Z - [Messenger] Sending message type: REGISTER_PROJECT_GRAPH_LISTENER
[NX v22.6.4 Daemon Client] - 2026-04-10T15:07:05.204Z - [Messenger] Message sent
[NX v22.6.4 Daemon Server] - 2026-04-10T15:07:05.205Z - Established a connection. Number of open connections: 2
[NX v22.6.4 Daemon Server] - 2026-04-10T15:07:05.205Z - Received raw message of length 42
[NX v22.6.4 Daemon Server] - 2026-04-10T15:07:05.205Z - Received json message of type REGISTER_PROJECT_GRAPH_LISTENER
[NX v22.6.4 Daemon Server] - 2026-04-10T15:07:05.324Z - [REQUEST]: Updated workspace context based on watched changes, recomputing project graph...
[NX v22.6.4 Daemon Server] - 2026-04-10T15:07:05.325Z - [REQUEST]: functions/src/index.ts
[NX v22.6.4 Daemon Server] - 2026-04-10T15:07:05.325Z - [REQUEST]: 
[NX v22.6.4 Daemon Server] - 2026-04-10T15:07:05.349Z - Time taken for 'hash changed files from watcher' 0.4654999999329448ms
Time taken for 'plugin worker 7332 code loading' 183.10680000000002ms
Time taken for 'plugin worker 19804 code loading' 174.7933ms
[NX v22.6.4 Daemon Server] - 2026-04-10T15:07:05.556Z - Time taken for 'start-plugin-worker:nx/js/dependencies-and-lockfile' 229.8073000004515ms
[NX v22.6.4 Daemon Server] - 2026-04-10T15:07:05.556Z - Time taken for 'start-plugin-worker:nx/core/package-json' 223.17310000024736ms
Time taken for 'plugin worker 36264 code loading' 184.04489999999998ms
[NX v22.6.4 Daemon Server] - 2026-04-10T15:07:05.568Z - Time taken for 'start-plugin-worker:nx/core/project-json' 228.44940000027418ms
[NX v22.6.4 Daemon Server] - 2026-04-10T15:07:05.677Z - Time taken for 'build-project-configs' 347.35379999969155ms
[NX v22.6.4 Daemon Server] - 2026-04-10T15:07:05.677Z - Time taken for 'createNodes:merge' 0.7023999998345971ms
[NX v22.6.4 Daemon Server] - 2026-04-10T15:07:05.677Z - Time taken for 'get-all-workspace-files' 0.03239999990910292ms
Time taken for 'nx/js/dependencies-and-lockfile:createNodes' 11.351400000000012ms
[NX v22.6.4 Daemon Server] - 2026-04-10T15:07:05.875Z - [SYNC]: collect registered sync generators
[NX v22.6.4 Daemon Server] - 2026-04-10T15:07:05.875Z - [SYNC]: project graph hash is the same, not collecting task sync generators
[NX v22.6.4 Daemon Server] - 2026-04-10T15:07:05.875Z - [SYNC]: nx.json hash is the same, not collecting global sync generators
[NX v22.6.4 Daemon Server] - 2026-04-10T15:07:05.875Z - Serializing response for PROJECT_GRAPH_UPDATED message in json mode
[NX v22.6.4 Daemon Server] - 2026-04-10T15:07:05.877Z - Responding to PROJECT_GRAPH_UPDATED message
[NX v22.6.4 Daemon Server] - 2026-04-10T15:07:05.877Z - [REQUEST]: Responding to the client. Project graph updated
[NX v22.6.4 Daemon Server] - 2026-04-10T15:07:05.877Z - Time taken for 'total execution time for createProjectGraph()' 199.27029999997467ms
[NX v22.6.4 Daemon Server] - 2026-04-10T15:07:05.877Z - Time taken for 'createDependencies' 196.71349999960512ms
[NX v22.6.4 Daemon Server] - 2026-04-10T15:07:05.877Z - Time taken for 'nx/js/dependencies-and-lockfile:createDependencies' 196.62220000009984ms
[NX v22.6.4 Daemon Server] - 2026-04-10T15:07:05.877Z - Time taken for 'createMetadata' 0.01759999990463257ms
[NX v22.6.4 Daemon Server] - 2026-04-10T15:07:05.877Z - Time taken for 'serialize graph' 1.9967000000178814ms
[NX v22.6.4 Daemon Server] - 2026-04-10T15:07:05.878Z - Done responding to the client Project graph updated
[NX v22.6.4 Daemon Server] - 2026-04-10T15:07:05.878Z - Handled json message PROJECT_GRAPH_UPDATED. Handling time: 0. Response time: 3.
[NX v22.6.4 Daemon Client] - 2026-04-10T15:07:05.878Z - [Messenger] Received message, length: 633984
[NX v22.6.4 Daemon Server] - 2026-04-10T15:07:05.958Z - [WATCHER]: firebase-debug.log was modified
[NX v22.6.4 Daemon Server] - 2026-04-10T15:07:05.958Z - [SYNC]: clearing sync generators cache due to file changes
[NX v22.6.4 Daemon Server] - 2026-04-10T15:07:05.958Z - [WATCHER]: Processing file changes in outputs
[NX v22.6.4 Daemon Server] - 2026-04-10T15:07:06.814Z - [WATCHER]: functions/src/index.ts was modified
[NX v22.6.4 Daemon Server] - 2026-04-10T15:07:06.814Z - [SYNC]: clearing sync generators cache due to file changes
[NX v22.6.4 Daemon Server] - 2026-04-10T15:07:06.814Z - [WATCHER]: Processing file changes in outputs
[NX v22.6.4 Daemon Server] - 2026-04-10T15:07:06.898Z - Established a connection. Number of open connections: 3
[NX v22.6.4 Daemon Server] - 2026-04-10T15:07:06.898Z - Closed a connection. Number of open connections: 2
[NX v22.6.4 Daemon Client] - 2026-04-10T15:07:06.898Z - [Messenger] Sending message type: GET_CONTEXT_FILE_DATA
[NX v22.6.4 Daemon Client] - 2026-04-10T15:07:06.899Z - [Messenger] Message sent
[NX v22.6.4 Daemon Server] - 2026-04-10T15:07:06.899Z - Received raw message of length 32
[NX v22.6.4 Daemon Server] - 2026-04-10T15:07:06.899Z - Received json message of type GET_CONTEXT_FILE_DATA
[NX v22.6.4 Daemon Server] - 2026-04-10T15:07:06.900Z - Serializing response for GET_CONTEXT_FILE_DATA message in json mode
[NX v22.6.4 Daemon Server] - 2026-04-10T15:07:06.900Z - Responding to GET_CONTEXT_FILE_DATA message
[NX v22.6.4 Daemon Server] - 2026-04-10T15:07:06.900Z - [REQUEST]: Responding to the client. handleContextFileData
[NX v22.6.4 Daemon Server] - 2026-04-10T15:07:06.900Z - Done responding to the client handleContextFileData
[NX v22.6.4 Daemon Server] - 2026-04-10T15:07:06.900Z - Handled json message GET_CONTEXT_FILE_DATA. Handling time: 1. Response time: 0.
[NX v22.6.4 Daemon Client] - 2026-04-10T15:07:06.900Z - [Messenger] Received message, length: 26992
[NX v22.6.4 Daemon Server] - 2026-04-10T15:07:06.953Z - [WATCHER]: Processing file changes in outputs
[NX v22.6.4 Daemon Server] - 2026-04-10T15:07:06.953Z - [WATCHER]: firebase-debug.log was modified
[NX v22.6.4 Daemon Server] - 2026-04-10T15:07:06.953Z - [SYNC]: clearing sync generators cache due to file changes
[NX v22.6.4 Daemon Server] - 2026-04-10T15:07:07.056Z - Closed a connection. Number of open connections: 1
[NX v22.6.4 Daemon Client] - 2026-04-10T15:07:07.056Z - [ProjectGraphListener] Socket closed, triggering reconnection
[NX v22.6.4 Daemon Server] - 2026-04-10T15:07:07.058Z - Established a connection. Number of open connections: 2
[NX v22.6.4 Daemon Server] - 2026-04-10T15:07:07.058Z - Closed a connection. Number of open connections: 1
[NX v22.6.4 Daemon Client] - 2026-04-10T15:07:07.058Z - [Messenger] Setting up socket listeners
[NX v22.6.4 Daemon Server] - 2026-04-10T15:07:07.058Z - Established a connection. Number of open connections: 2
[NX v22.6.4 Daemon Client] - 2026-04-10T15:07:07.058Z - [Messenger] listen() complete
[NX v22.6.4 Daemon Client] - 2026-04-10T15:07:07.059Z - [Messenger] Sending message type: REGISTER_PROJECT_GRAPH_LISTENER
[NX v22.6.4 Daemon Client] - 2026-04-10T15:07:07.059Z - [Messenger] Message sent
[NX v22.6.4 Daemon Server] - 2026-04-10T15:07:07.060Z - Received raw message of length 42
[NX v22.6.4 Daemon Server] - 2026-04-10T15:07:07.060Z - Received json message of type REGISTER_PROJECT_GRAPH_LISTENER
[NX v22.6.4 Daemon Server] - 2026-04-10T15:07:09.180Z - [REQUEST]: Updated workspace context based on watched changes, recomputing project graph...
[NX v22.6.4 Daemon Server] - 2026-04-10T15:07:09.180Z - [REQUEST]: firebase-debug.log,functions/src/index.ts
[NX v22.6.4 Daemon Server] - 2026-04-10T15:07:09.180Z - [REQUEST]: 
[NX v22.6.4 Daemon Server] - 2026-04-10T15:07:09.199Z - Time taken for 'hash changed files from watcher' 9.948000000789762ms
[NX v22.6.4 Daemon Server] - 2026-04-10T15:07:09.246Z - [WATCHER]: firebase-debug.log was modified
[NX v22.6.4 Daemon Server] - 2026-04-10T15:07:09.246Z - [SYNC]: clearing sync generators cache due to file changes
[NX v22.6.4 Daemon Server] - 2026-04-10T15:07:09.246Z - [WATCHER]: Processing file changes in outputs
Time taken for 'plugin worker 376 code loading' 145.1232ms
[NX v22.6.4 Daemon Server] - 2026-04-10T15:07:09.371Z - Time taken for 'start-plugin-worker:nx/js/dependencies-and-lockfile' 189.42819999996573ms
Time taken for 'plugin worker 19544 code loading' 148.9259ms
Time taken for 'plugin worker 9572 code loading' 146.73770000000002ms
[NX v22.6.4 Daemon Server] - 2026-04-10T15:07:09.386Z - Time taken for 'start-plugin-worker:nx/core/package-json' 198.98529999982566ms
[NX v22.6.4 Daemon Server] - 2026-04-10T15:07:09.386Z - Time taken for 'start-plugin-worker:nx/core/project-json' 192.69029999990016ms
[NX v22.6.4 Daemon Server] - 2026-04-10T15:07:09.490Z - Time taken for 'build-project-configs' 303.1327999997884ms
[NX v22.6.4 Daemon Server] - 2026-04-10T15:07:09.490Z - Time taken for 'createNodes:merge' 1.055400000885129ms
[NX v22.6.4 Daemon Server] - 2026-04-10T15:07:09.490Z - Time taken for 'get-all-workspace-files' 0.04570000059902668ms
Time taken for 'nx/js/dependencies-and-lockfile:createNodes' 9.705300000000022ms
[NX v22.6.4 Daemon Server] - 2026-04-10T15:07:09.589Z - [WATCHER]: Processing file changes in outputs
[NX v22.6.4 Daemon Server] - 2026-04-10T15:07:09.589Z - [WATCHER]: firebase-debug.log was modified
[NX v22.6.4 Daemon Server] - 2026-04-10T15:07:09.590Z - [SYNC]: clearing sync generators cache due to file changes
[NX v22.6.4 Daemon Server] - 2026-04-10T15:07:09.683Z - [SYNC]: collect registered sync generators
[NX v22.6.4 Daemon Server] - 2026-04-10T15:07:09.684Z - [SYNC]: project graph hash is the same, not collecting task sync generators
[NX v22.6.4 Daemon Server] - 2026-04-10T15:07:09.684Z - [SYNC]: nx.json hash is the same, not collecting global sync generators
[NX v22.6.4 Daemon Server] - 2026-04-10T15:07:09.684Z - Serializing response for PROJECT_GRAPH_UPDATED message in json mode
[NX v22.6.4 Daemon Server] - 2026-04-10T15:07:09.686Z - Responding to PROJECT_GRAPH_UPDATED message
[NX v22.6.4 Daemon Server] - 2026-04-10T15:07:09.686Z - [REQUEST]: Responding to the client. Project graph updated
[NX v22.6.4 Daemon Server] - 2026-04-10T15:07:09.687Z - Time taken for 'total execution time for createProjectGraph()' 196.3261000001803ms
[NX v22.6.4 Daemon Server] - 2026-04-10T15:07:09.687Z - Time taken for 'createDependencies' 192.51439999975264ms
[NX v22.6.4 Daemon Server] - 2026-04-10T15:07:09.687Z - Time taken for 'nx/js/dependencies-and-lockfile:createDependencies' 192.44280000030994ms
[NX v22.6.4 Daemon Server] - 2026-04-10T15:07:09.687Z - Time taken for 'createMetadata' 0.012000000104308128ms
[NX v22.6.4 Daemon Server] - 2026-04-10T15:07:09.687Z - Time taken for 'serialize graph' 2.3852000003680587ms
[NX v22.6.4 Daemon Client] - 2026-04-10T15:07:09.688Z - [Messenger] Received message, length: 633984
[NX v22.6.4 Daemon Server] - 2026-04-10T15:07:09.689Z - Done responding to the client Project graph updated
[NX v22.6.4 Daemon Server] - 2026-04-10T15:07:09.689Z - Handled json message PROJECT_GRAPH_UPDATED. Handling time: 0. Response time: 5.
[NX v22.6.4 Daemon Server] - 2026-04-10T15:07:10.151Z - [WATCHER]: Processing file changes in outputs
[NX v22.6.4 Daemon Server] - 2026-04-10T15:07:10.151Z - [WATCHER]: firebase-debug.log was modified
[NX v22.6.4 Daemon Server] - 2026-04-10T15:07:10.151Z - [SYNC]: clearing sync generators cache due to file changes
[NX v22.6.4 Daemon Server] - 2026-04-10T15:07:10.700Z - Established a connection. Number of open connections: 3
[NX v22.6.4 Daemon Client] - 2026-04-10T15:07:10.700Z - [Messenger] Sending message type: GET_CONTEXT_FILE_DATA
[NX v22.6.4 Daemon Server] - 2026-04-10T15:07:10.700Z - Closed a connection. Number of open connections: 2
[NX v22.6.4 Daemon Client] - 2026-04-10T15:07:10.701Z - [Messenger] Message sent
[NX v22.6.4 Daemon Server] - 2026-04-10T15:07:10.701Z - Received raw message of length 32
[NX v22.6.4 Daemon Server] - 2026-04-10T15:07:10.701Z - Received json message of type GET_CONTEXT_FILE_DATA
[NX v22.6.4 Daemon Server] - 2026-04-10T15:07:10.702Z - Serializing response for GET_CONTEXT_FILE_DATA message in json mode
[NX v22.6.4 Daemon Server] - 2026-04-10T15:07:10.702Z - Responding to GET_CONTEXT_FILE_DATA message
[NX v22.6.4 Daemon Server] - 2026-04-10T15:07:10.702Z - [REQUEST]: Responding to the client. handleContextFileData
[NX v22.6.4 Daemon Client] - 2026-04-10T15:07:10.702Z - [Messenger] Received message, length: 26993
[NX v22.6.4 Daemon Server] - 2026-04-10T15:07:10.703Z - Done responding to the client handleContextFileData
[NX v22.6.4 Daemon Server] - 2026-04-10T15:07:10.703Z - Handled json message GET_CONTEXT_FILE_DATA. Handling time: 1. Response time: 1.
[NX v22.6.4 Daemon Server] - 2026-04-10T15:07:10.865Z - Closed a connection. Number of open connections: 1
[NX v22.6.4 Daemon Client] - 2026-04-10T15:07:10.865Z - [ProjectGraphListener] Socket closed, triggering reconnection
[NX v22.6.4 Daemon Server] - 2026-04-10T15:07:10.867Z - Established a connection. Number of open connections: 2
[NX v22.6.4 Daemon Server] - 2026-04-10T15:07:10.867Z - Closed a connection. Number of open connections: 1
[NX v22.6.4 Daemon Server] - 2026-04-10T15:07:10.867Z - Established a connection. Number of open connections: 2
[NX v22.6.4 Daemon Client] - 2026-04-10T15:07:10.867Z - [Messenger] Setting up socket listeners
[NX v22.6.4 Daemon Client] - 2026-04-10T15:07:10.867Z - [Messenger] listen() complete
[NX v22.6.4 Daemon Client] - 2026-04-10T15:07:10.867Z - [Messenger] Sending message type: REGISTER_PROJECT_GRAPH_LISTENER
[NX v22.6.4 Daemon Client] - 2026-04-10T15:07:10.868Z - [Messenger] Message sent
[NX v22.6.4 Daemon Server] - 2026-04-10T15:07:10.868Z - Received raw message of length 42
[NX v22.6.4 Daemon Server] - 2026-04-10T15:07:10.869Z - Received json message of type REGISTER_PROJECT_GRAPH_LISTENER
[NX v22.6.4 Daemon Server] - 2026-04-10T15:07:15.661Z - [REQUEST]: Updated workspace context based on watched changes, recomputing project graph...
[NX v22.6.4 Daemon Server] - 2026-04-10T15:07:15.661Z - [REQUEST]: firebase-debug.log
[NX v22.6.4 Daemon Server] - 2026-04-10T15:07:15.661Z - [REQUEST]: 
[NX v22.6.4 Daemon Server] - 2026-04-10T15:07:15.683Z - Time taken for 'hash changed files from watcher' 11.651999999769032ms
[NX v22.6.4 Daemon Server] - 2026-04-10T15:07:15.728Z - [WATCHER]: firebase-debug.log was modified
[NX v22.6.4 Daemon Server] - 2026-04-10T15:07:15.728Z - [SYNC]: clearing sync generators cache due to file changes
[NX v22.6.4 Daemon Server] - 2026-04-10T15:07:15.728Z - [WATCHER]: Processing file changes in outputs
Time taken for 'plugin worker 21444 code loading' 158.0968ms
[NX v22.6.4 Daemon Server] - 2026-04-10T15:07:15.866Z - Time taken for 'start-plugin-worker:nx/js/dependencies-and-lockfile' 202.8115999996662ms
Time taken for 'plugin worker 24840 code loading' 154.0856ms
Time taken for 'plugin worker 12080 code loading' 152.62529999999998ms
[NX v22.6.4 Daemon Server] - 2026-04-10T15:07:15.884Z - Time taken for 'start-plugin-worker:nx/core/package-json' 213.65170000027865ms
[NX v22.6.4 Daemon Server] - 2026-04-10T15:07:15.884Z - Time taken for 'start-plugin-worker:nx/core/project-json' 206.38329999987036ms
[NX v22.6.4 Daemon Server] - 2026-04-10T15:07:15.988Z - Time taken for 'build-project-configs' 320.12749999947846ms
[NX v22.6.4 Daemon Server] - 2026-04-10T15:07:15.988Z - Time taken for 'createNodes:merge' 0.7768999999389052ms
[NX v22.6.4 Daemon Server] - 2026-04-10T15:07:15.988Z - Time taken for 'get-all-workspace-files' 0.035300000570714474ms
Time taken for 'nx/js/dependencies-and-lockfile:createNodes' 9.911600000000021ms
[NX v22.6.4 Daemon Server] - 2026-04-10T15:07:16.005Z - [SYNC]: collect registered sync generators
[NX v22.6.4 Daemon Server] - 2026-04-10T15:07:16.005Z - [SYNC]: project graph hash is the same, not collecting task sync generators
[NX v22.6.4 Daemon Server] - 2026-04-10T15:07:16.005Z - [SYNC]: nx.json hash is the same, not collecting global sync generators
[NX v22.6.4 Daemon Server] - 2026-04-10T15:07:16.005Z - Serializing response for PROJECT_GRAPH_UPDATED message in json mode
[NX v22.6.4 Daemon Server] - 2026-04-10T15:07:16.007Z - Responding to PROJECT_GRAPH_UPDATED message
[NX v22.6.4 Daemon Server] - 2026-04-10T15:07:16.007Z - [REQUEST]: Responding to the client. Project graph updated
[NX v22.6.4 Daemon Server] - 2026-04-10T15:07:16.007Z - Time taken for 'total execution time for createProjectGraph()' 19.15000000037253ms
[NX v22.6.4 Daemon Server] - 2026-04-10T15:07:16.007Z - Time taken for 'createDependencies' 16.60800000000745ms
[NX v22.6.4 Daemon Server] - 2026-04-10T15:07:16.007Z - Time taken for 'nx/js/dependencies-and-lockfile:createDependencies' 16.534499999135733ms
[NX v22.6.4 Daemon Server] - 2026-04-10T15:07:16.007Z - Time taken for 'createMetadata' 0.012899999506771564ms
[NX v22.6.4 Daemon Server] - 2026-04-10T15:07:16.007Z - Time taken for 'serialize graph' 1.8625999996438622ms
[NX v22.6.4 Daemon Server] - 2026-04-10T15:07:16.008Z - Done responding to the client Project graph updated
[NX v22.6.4 Daemon Server] - 2026-04-10T15:07:16.008Z - Handled json message PROJECT_GRAPH_UPDATED. Handling time: 0. Response time: 3.
[NX v22.6.4 Daemon Client] - 2026-04-10T15:07:16.008Z - [Messenger] Received message, length: 633984
[NX v22.6.4 Daemon Server] - 2026-04-10T15:07:17.027Z - Established a connection. Number of open connections: 3
[NX v22.6.4 Daemon Server] - 2026-04-10T15:07:17.027Z - Closed a connection. Number of open connections: 2
[NX v22.6.4 Daemon Client] - 2026-04-10T15:07:17.027Z - [Messenger] Sending message type: GET_CONTEXT_FILE_DATA
[NX v22.6.4 Daemon Client] - 2026-04-10T15:07:17.027Z - [Messenger] Message sent
[NX v22.6.4 Daemon Server] - 2026-04-10T15:07:17.028Z - Received raw message of length 32
[NX v22.6.4 Daemon Server] - 2026-04-10T15:07:17.028Z - Received json message of type GET_CONTEXT_FILE_DATA
[NX v22.6.4 Daemon Server] - 2026-04-10T15:07:17.028Z - Serializing response for GET_CONTEXT_FILE_DATA message in json mode
[NX v22.6.4 Daemon Server] - 2026-04-10T15:07:17.029Z - Responding to GET_CONTEXT_FILE_DATA message
[NX v22.6.4 Daemon Server] - 2026-04-10T15:07:17.029Z - [REQUEST]: Responding to the client. handleContextFileData
[NX v22.6.4 Daemon Server] - 2026-04-10T15:07:17.029Z - Done responding to the client handleContextFileData
[NX v22.6.4 Daemon Server] - 2026-04-10T15:07:17.029Z - Handled json message GET_CONTEXT_FILE_DATA. Handling time: 0. Response time: 1.
[NX v22.6.4 Daemon Client] - 2026-04-10T15:07:17.029Z - [Messenger] Received message, length: 26992
[NX v22.6.4 Daemon Server] - 2026-04-10T15:07:17.207Z - Closed a connection. Number of open connections: 1
[NX v22.6.4 Daemon Client] - 2026-04-10T15:07:17.207Z - [ProjectGraphListener] Socket closed, triggering reconnection
[NX v22.6.4 Daemon Server] - 2026-04-10T15:07:17.208Z - Established a connection. Number of open connections: 2
[NX v22.6.4 Daemon Server] - 2026-04-10T15:07:17.209Z - Closed a connection. Number of open connections: 1
[NX v22.6.4 Daemon Client] - 2026-04-10T15:07:17.209Z - [Messenger] Setting up socket listeners
[NX v22.6.4 Daemon Server] - 2026-04-10T15:07:17.209Z - Established a connection. Number of open connections: 2
[NX v22.6.4 Daemon Client] - 2026-04-10T15:07:17.209Z - [Messenger] listen() complete
[NX v22.6.4 Daemon Client] - 2026-04-10T15:07:17.209Z - [Messenger] Sending message type: REGISTER_PROJECT_GRAPH_LISTENER
[NX v22.6.4 Daemon Client] - 2026-04-10T15:07:17.209Z - [Messenger] Message sent
[NX v22.6.4 Daemon Server] - 2026-04-10T15:07:17.210Z - Received raw message of length 42
[NX v22.6.4 Daemon Server] - 2026-04-10T15:07:17.210Z - Received json message of type REGISTER_PROJECT_GRAPH_LISTENER
[NX v22.6.4 Daemon Server] - 2026-04-10T15:07:17.787Z - [WATCHER]: Processing file changes in outputs
[NX v22.6.4 Daemon Server] - 2026-04-10T15:07:17.788Z - [WATCHER]: functions/firebase-debug.log was created or restored
[NX v22.6.4 Daemon Server] - 2026-04-10T15:07:17.788Z - [SYNC]: clearing sync generators cache due to file changes
[NX v22.6.4 Daemon Server] - 2026-04-10T15:07:19.035Z - [WATCHER]: Processing file changes in outputs
[NX v22.6.4 Daemon Server] - 2026-04-10T15:07:19.036Z - [WATCHER]: functions/firebase-debug.log was modified
[NX v22.6.4 Daemon Server] - 2026-04-10T15:07:19.036Z - [SYNC]: clearing sync generators cache due to file changes
[NX v22.6.4 Daemon Server] - 2026-04-10T15:07:22.156Z - [REQUEST]: Updated workspace context based on watched changes, recomputing project graph...
[NX v22.6.4 Daemon Server] - 2026-04-10T15:07:22.156Z - [REQUEST]: firebase-debug.log,functions/firebase-debug.log
[NX v22.6.4 Daemon Server] - 2026-04-10T15:07:22.156Z - [REQUEST]: 
[NX v22.6.4 Daemon Server] - 2026-04-10T15:07:22.179Z - Time taken for 'hash changed files from watcher' 14.151499999687076ms
[NX v22.6.4 Daemon Server] - 2026-04-10T15:07:22.220Z - [WATCHER]: Processing file changes in outputs
[NX v22.6.4 Daemon Server] - 2026-04-10T15:07:22.220Z - [WATCHER]: functions/firebase-debug.log was modified
[NX v22.6.4 Daemon Server] - 2026-04-10T15:07:22.221Z - [SYNC]: clearing sync generators cache due to file changes
Time taken for 'plugin worker 27992 code loading' 162.36950000000002ms
Time taken for 'plugin worker 30828 code loading' 159.6514ms
Time taken for 'plugin worker 8392 code loading' 160.76839999999999ms
[NX v22.6.4 Daemon Server] - 2026-04-10T15:07:22.374Z - Time taken for 'start-plugin-worker:nx/js/dependencies-and-lockfile' 216.8740999996662ms
[NX v22.6.4 Daemon Server] - 2026-04-10T15:07:22.374Z - Time taken for 'start-plugin-worker:nx/core/package-json' 210.02719999942929ms
[NX v22.6.4 Daemon Server] - 2026-04-10T15:07:22.374Z - Time taken for 'start-plugin-worker:nx/core/project-json' 202.94540000054985ms
[NX v22.6.4 Daemon Server] - 2026-04-10T15:07:22.424Z - [REQUEST]: Updated workspace context based on watched changes, recomputing project graph...
[NX v22.6.4 Daemon Server] - 2026-04-10T15:07:22.424Z - [REQUEST]: firebase-debug.log,functions/firebase-debug.log
[NX v22.6.4 Daemon Server] - 2026-04-10T15:07:22.424Z - [REQUEST]: 
[NX v22.6.4 Daemon Server] - 2026-04-10T15:07:22.425Z - Time taken for 'hash changed files from watcher' 0.6625000005587935ms
Time taken for 'nx/core/project-json:createNodes' 0.7252000000000294ms
Time taken for 'nx/core/package-json:createNodes' 0.8221999999999525ms
Time taken for 'nx/core/package-json:createNodes' 0.9479999999999791ms
[NX v22.6.4 Daemon Server] - 2026-04-10T15:07:22.492Z - Time taken for 'build-project-configs' 67.55129999946803ms
[NX v22.6.4 Daemon Server] - 2026-04-10T15:07:22.493Z - Time taken for 'createNodes:merge' 0.7346000000834465ms
Time taken for 'nx/js/dependencies-and-lockfile:createNodes' 8.87990000000002ms
Time taken for 'nx/js/dependencies-and-lockfile:createNodes' 7.2146999999999935ms
[NX v22.6.4 Daemon Server] - 2026-04-10T15:07:22.508Z - Time taken for 'build-project-configs' 78.94519999995828ms
[NX v22.6.4 Daemon Server] - 2026-04-10T15:07:22.508Z - Time taken for 'createNodes:merge' 0.7565000001341105ms
[NX v22.6.4 Daemon Server] - 2026-04-10T15:07:22.508Z - Time taken for 'get-all-workspace-files' 0.0411999998614192ms
[NX v22.6.4 Daemon Server] - 2026-04-10T15:07:22.529Z - [SYNC]: collect registered sync generators
[NX v22.6.4 Daemon Server] - 2026-04-10T15:07:22.529Z - [SYNC]: project graph hash is the same, not collecting task sync generators
[NX v22.6.4 Daemon Server] - 2026-04-10T15:07:22.529Z - [SYNC]: nx.json hash is the same, not collecting global sync generators
[NX v22.6.4 Daemon Server] - 2026-04-10T15:07:22.529Z - Serializing response for PROJECT_GRAPH_UPDATED message in json mode
[NX v22.6.4 Daemon Server] - 2026-04-10T15:07:22.531Z - Responding to PROJECT_GRAPH_UPDATED message
[NX v22.6.4 Daemon Server] - 2026-04-10T15:07:22.531Z - [REQUEST]: Responding to the client. Project graph updated
[NX v22.6.4 Daemon Server] - 2026-04-10T15:07:22.532Z - [SYNC]: collect registered sync generators
[NX v22.6.4 Daemon Server] - 2026-04-10T15:07:22.532Z - [SYNC]: project graph hash is the same, not collecting task sync generators
[NX v22.6.4 Daemon Server] - 2026-04-10T15:07:22.532Z - [SYNC]: nx.json hash is the same, not collecting global sync generators
[NX v22.6.4 Daemon Server] - 2026-04-10T15:07:22.532Z - Serializing response for PROJECT_GRAPH_UPDATED message in json mode
[NX v22.6.4 Daemon Client] - 2026-04-10T15:07:22.533Z - [Messenger] Received message, length: 633984
[NX v22.6.4 Daemon Server] - 2026-04-10T15:07:22.535Z - Responding to PROJECT_GRAPH_UPDATED message
[NX v22.6.4 Daemon Server] - 2026-04-10T15:07:22.535Z - [REQUEST]: Responding to the client. Project graph updated
[NX v22.6.4 Daemon Server] - 2026-04-10T15:07:22.535Z - Time taken for 'total execution time for createProjectGraph()' 21.65749999973923ms
[NX v22.6.4 Daemon Server] - 2026-04-10T15:07:22.535Z - Time taken for 'createDependencies' 19.072500000707805ms
[NX v22.6.4 Daemon Server] - 2026-04-10T15:07:22.535Z - Time taken for 'nx/js/dependencies-and-lockfile:createDependencies' 19.000900000333786ms
[NX v22.6.4 Daemon Server] - 2026-04-10T15:07:22.535Z - Time taken for 'createMetadata' 0.014099999330937862ms
[NX v22.6.4 Daemon Server] - 2026-04-10T15:07:22.535Z - Time taken for 'serialize graph' 2.6946000000461936ms
[NX v22.6.4 Daemon Server] - 2026-04-10T15:07:22.537Z - Done responding to the client Project graph updated
[NX v22.6.4 Daemon Server] - 2026-04-10T15:07:22.537Z - Handled json message PROJECT_GRAPH_UPDATED. Handling time: 0. Response time: 8.
[NX v22.6.4 Daemon Server] - 2026-04-10T15:07:22.538Z - Done responding to the client Project graph updated
[NX v22.6.4 Daemon Server] - 2026-04-10T15:07:22.538Z - Handled json message PROJECT_GRAPH_UPDATED. Handling time: 0. Response time: 6.
[NX v22.6.4 Daemon Client] - 2026-04-10T15:07:22.538Z - [Messenger] Received message, length: 633984
[NX v22.6.4 Daemon Server] - 2026-04-10T15:07:23.549Z - Established a connection. Number of open connections: 3
[NX v22.6.4 Daemon Client] - 2026-04-10T15:07:23.549Z - [Messenger] Sending message type: GET_CONTEXT_FILE_DATA
[NX v22.6.4 Daemon Server] - 2026-04-10T15:07:23.549Z - Closed a connection. Number of open connections: 2
[NX v22.6.4 Daemon Client] - 2026-04-10T15:07:23.550Z - [Messenger] Message sent
[NX v22.6.4 Daemon Server] - 2026-04-10T15:07:23.550Z - Received raw message of length 32
[NX v22.6.4 Daemon Server] - 2026-04-10T15:07:23.550Z - Received json message of type GET_CONTEXT_FILE_DATA
[NX v22.6.4 Daemon Server] - 2026-04-10T15:07:23.550Z - Serializing response for GET_CONTEXT_FILE_DATA message in json mode
[NX v22.6.4 Daemon Server] - 2026-04-10T15:07:23.550Z - Responding to GET_CONTEXT_FILE_DATA message
[NX v22.6.4 Daemon Server] - 2026-04-10T15:07:23.550Z - [REQUEST]: Responding to the client. handleContextFileData
[NX v22.6.4 Daemon Server] - 2026-04-10T15:07:23.551Z - Done responding to the client handleContextFileData
[NX v22.6.4 Daemon Server] - 2026-04-10T15:07:23.551Z - Handled json message GET_CONTEXT_FILE_DATA. Handling time: 0. Response time: 1.
[NX v22.6.4 Daemon Client] - 2026-04-10T15:07:23.551Z - [Messenger] Received message, length: 27062
[NX v22.6.4 Daemon Server] - 2026-04-10T15:07:23.729Z - Closed a connection. Number of open connections: 1
[NX v22.6.4 Daemon Client] - 2026-04-10T15:07:23.729Z - [ProjectGraphListener] Socket closed, triggering reconnection
[NX v22.6.4 Daemon Server] - 2026-04-10T15:07:23.731Z - Established a connection. Number of open connections: 2
[NX v22.6.4 Daemon Server] - 2026-04-10T15:07:23.731Z - Closed a connection. Number of open connections: 1
[NX v22.6.4 Daemon Server] - 2026-04-10T15:07:23.731Z - Established a connection. Number of open connections: 2
[NX v22.6.4 Daemon Client] - 2026-04-10T15:07:23.731Z - [Messenger] Setting up socket listeners
[NX v22.6.4 Daemon Client] - 2026-04-10T15:07:23.731Z - [Messenger] listen() complete
[NX v22.6.4 Daemon Client] - 2026-04-10T15:07:23.731Z - [Messenger] Sending message type: REGISTER_PROJECT_GRAPH_LISTENER
[NX v22.6.4 Daemon Client] - 2026-04-10T15:07:23.732Z - [Messenger] Message sent
[NX v22.6.4 Daemon Server] - 2026-04-10T15:07:23.732Z - Received raw message of length 42
[NX v22.6.4 Daemon Server] - 2026-04-10T15:07:23.732Z - Received json message of type REGISTER_PROJECT_GRAPH_LISTENER
[NX v22.6.4 Daemon Server] - 2026-04-10T15:07:26.070Z - [WATCHER]: functions/firebase-debug.log was deleted
[NX v22.6.4 Daemon Server] - 2026-04-10T15:07:26.070Z - [SYNC]: clearing sync generators cache due to file changes
[NX v22.6.4 Daemon Server] - 2026-04-10T15:07:26.070Z - [WATCHER]: Processing file changes in outputs
[NX v22.6.4 Daemon Server] - 2026-04-10T15:07:26.476Z - [REQUEST]: Updated workspace context based on watched changes, recomputing project graph...
[NX v22.6.4 Daemon Server] - 2026-04-10T15:07:26.476Z - [REQUEST]: 
[NX v22.6.4 Daemon Server] - 2026-04-10T15:07:26.476Z - [REQUEST]: functions/firebase-debug.log
[NX v22.6.4 Daemon Server] - 2026-04-10T15:07:26.496Z - Time taken for 'hash changed files from watcher' 0.26450000051409006ms
Time taken for 'plugin worker 12608 code loading' 188.13649999999998ms
[NX v22.6.4 Daemon Server] - 2026-04-10T15:07:26.710Z - Time taken for 'start-plugin-worker:nx/js/dependencies-and-lockfile' 232.6512000001967ms
Time taken for 'plugin worker 24196 code loading' 183.6619ms
Time taken for 'plugin worker 15036 code loading' 189.28099999999998ms
[NX v22.6.4 Daemon Server] - 2026-04-10T15:07:26.721Z - Time taken for 'start-plugin-worker:nx/core/package-json' 237.97220000065863ms
[NX v22.6.4 Daemon Server] - 2026-04-10T15:07:26.721Z - Time taken for 'start-plugin-worker:nx/core/project-json' 230.96850000042468ms
[NX v22.6.4 Daemon Server] - 2026-04-10T15:07:26.828Z - Time taken for 'build-project-configs' 346.48000000044703ms
[NX v22.6.4 Daemon Server] - 2026-04-10T15:07:26.828Z - Time taken for 'createNodes:merge' 0.8848000001162291ms
[NX v22.6.4 Daemon Server] - 2026-04-10T15:07:26.828Z - Time taken for 'get-all-workspace-files' 0.05729999952018261ms
Time taken for 'nx/js/dependencies-and-lockfile:createNodes' 9.298000000000002ms
[NX v22.6.4 Daemon Server] - 2026-04-10T15:07:26.841Z - [SYNC]: collect registered sync generators
[NX v22.6.4 Daemon Server] - 2026-04-10T15:07:26.841Z - [SYNC]: project graph hash is the same, not collecting task sync generators
[NX v22.6.4 Daemon Server] - 2026-04-10T15:07:26.841Z - [SYNC]: nx.json hash is the same, not collecting global sync generators
[NX v22.6.4 Daemon Server] - 2026-04-10T15:07:26.841Z - Serializing response for PROJECT_GRAPH_UPDATED message in json mode
[NX v22.6.4 Daemon Server] - 2026-04-10T15:07:26.843Z - Responding to PROJECT_GRAPH_UPDATED message
[NX v22.6.4 Daemon Server] - 2026-04-10T15:07:26.843Z - [REQUEST]: Responding to the client. Project graph updated
[NX v22.6.4 Daemon Server] - 2026-04-10T15:07:26.843Z - Time taken for 'total execution time for createProjectGraph()' 15.083399999886751ms
[NX v22.6.4 Daemon Server] - 2026-04-10T15:07:26.843Z - Time taken for 'createDependencies' 12.167600000277162ms
[NX v22.6.4 Daemon Server] - 2026-04-10T15:07:26.843Z - Time taken for 'nx/js/dependencies-and-lockfile:createDependencies' 12.096100000664592ms
[NX v22.6.4 Daemon Server] - 2026-04-10T15:07:26.843Z - Time taken for 'createMetadata' 0.013500000350177288ms
[NX v22.6.4 Daemon Server] - 2026-04-10T15:07:26.843Z - Time taken for 'serialize graph' 1.8478000005707145ms
[NX v22.6.4 Daemon Server] - 2026-04-10T15:07:26.844Z - Done responding to the client Project graph updated
[NX v22.6.4 Daemon Server] - 2026-04-10T15:07:26.844Z - Handled json message PROJECT_GRAPH_UPDATED. Handling time: 0. Response time: 3.
[NX v22.6.4 Daemon Client] - 2026-04-10T15:07:26.844Z - [Messenger] Received message, length: 633984
[NX v22.6.4 Daemon Server] - 2026-04-10T15:07:27.772Z - [WATCHER]: functions/firebase-debug.log was created or restored
[NX v22.6.4 Daemon Server] - 2026-04-10T15:07:27.772Z - [SYNC]: clearing sync generators cache due to file changes
[NX v22.6.4 Daemon Server] - 2026-04-10T15:07:27.772Z - [WATCHER]: Processing file changes in outputs
[NX v22.6.4 Daemon Server] - 2026-04-10T15:07:27.854Z - Established a connection. Number of open connections: 3
[NX v22.6.4 Daemon Client] - 2026-04-10T15:07:27.854Z - [Messenger] Sending message type: GET_CONTEXT_FILE_DATA
[NX v22.6.4 Daemon Server] - 2026-04-10T15:07:27.854Z - Closed a connection. Number of open connections: 2
[NX v22.6.4 Daemon Client] - 2026-04-10T15:07:27.854Z - [Messenger] Message sent
[NX v22.6.4 Daemon Server] - 2026-04-10T15:07:27.855Z - Received raw message of length 32
[NX v22.6.4 Daemon Server] - 2026-04-10T15:07:27.855Z - Received json message of type GET_CONTEXT_FILE_DATA
[NX v22.6.4 Daemon Server] - 2026-04-10T15:07:27.856Z - Serializing response for GET_CONTEXT_FILE_DATA message in json mode
[NX v22.6.4 Daemon Server] - 2026-04-10T15:07:27.856Z - Responding to GET_CONTEXT_FILE_DATA message
[NX v22.6.4 Daemon Server] - 2026-04-10T15:07:27.856Z - [REQUEST]: Responding to the client. handleContextFileData
[NX v22.6.4 Daemon Server] - 2026-04-10T15:07:27.856Z - Done responding to the client handleContextFileData
[NX v22.6.4 Daemon Server] - 2026-04-10T15:07:27.856Z - Handled json message GET_CONTEXT_FILE_DATA. Handling time: 1. Response time: 0.
[NX v22.6.4 Daemon Client] - 2026-04-10T15:07:27.856Z - [Messenger] Received message, length: 26992
[NX v22.6.4 Daemon Server] - 2026-04-10T15:07:27.887Z - [REQUEST]: Updated workspace context based on watched changes, recomputing project graph...
[NX v22.6.4 Daemon Server] - 2026-04-10T15:07:27.887Z - [REQUEST]: functions/firebase-debug.log
[NX v22.6.4 Daemon Server] - 2026-04-10T15:07:27.887Z - [REQUEST]: 
[NX v22.6.4 Daemon Server] - 2026-04-10T15:07:27.911Z - Time taken for 'hash changed files from watcher' 6.150399999693036ms
[NX v22.6.4 Daemon Server] - 2026-04-10T15:07:28.038Z - [WATCHER]: functions/firebase-debug.log was deleted
[NX v22.6.4 Daemon Server] - 2026-04-10T15:07:28.038Z - [SYNC]: clearing sync generators cache due to file changes
[NX v22.6.4 Daemon Server] - 2026-04-10T15:07:28.038Z - [WATCHER]: Processing file changes in outputs
[NX v22.6.4 Daemon Server] - 2026-04-10T15:07:28.050Z - Closed a connection. Number of open connections: 1
[NX v22.6.4 Daemon Client] - 2026-04-10T15:07:28.050Z - [ProjectGraphListener] Socket closed, triggering reconnection
[NX v22.6.4 Daemon Server] - 2026-04-10T15:07:28.051Z - Established a connection. Number of open connections: 2
[NX v22.6.4 Daemon Server] - 2026-04-10T15:07:28.052Z - Closed a connection. Number of open connections: 1
[NX v22.6.4 Daemon Client] - 2026-04-10T15:07:28.051Z - [Messenger] Setting up socket listeners
[NX v22.6.4 Daemon Server] - 2026-04-10T15:07:28.052Z - Established a connection. Number of open connections: 2
[NX v22.6.4 Daemon Client] - 2026-04-10T15:07:28.052Z - [Messenger] listen() complete
[NX v22.6.4 Daemon Client] - 2026-04-10T15:07:28.052Z - [Messenger] Sending message type: REGISTER_PROJECT_GRAPH_LISTENER
[NX v22.6.4 Daemon Client] - 2026-04-10T15:07:28.052Z - [Messenger] Message sent
[NX v22.6.4 Daemon Server] - 2026-04-10T15:07:28.053Z - Received raw message of length 42
[NX v22.6.4 Daemon Server] - 2026-04-10T15:07:28.053Z - Received json message of type REGISTER_PROJECT_GRAPH_LISTENER
Time taken for 'plugin worker 26932 code loading' 172.4794ms
Time taken for 'plugin worker 4540 code loading' 170.5913ms
[NX v22.6.4 Daemon Server] - 2026-04-10T15:07:28.110Z - Time taken for 'start-plugin-worker:nx/js/dependencies-and-lockfile' 222.34960000030696ms
[NX v22.6.4 Daemon Server] - 2026-04-10T15:07:28.110Z - Time taken for 'start-plugin-worker:nx/core/package-json' 215.6742000002414ms
Time taken for 'plugin worker 12868 code loading' 169.3741ms
[NX v22.6.4 Daemon Server] - 2026-04-10T15:07:28.129Z - Time taken for 'start-plugin-worker:nx/core/project-json' 227.11639999970794ms
[NX v22.6.4 Daemon Server] - 2026-04-10T15:07:28.221Z - Time taken for 'build-project-configs' 327.61450000014156ms
[NX v22.6.4 Daemon Server] - 2026-04-10T15:07:28.221Z - Time taken for 'createNodes:merge' 0.6924000000581145ms
[NX v22.6.4 Daemon Server] - 2026-04-10T15:07:28.221Z - Time taken for 'get-all-workspace-files' 0.08169999998062849ms
Time taken for 'nx/js/dependencies-and-lockfile:createNodes' 8.364000000000033ms
[NX v22.6.4 Daemon Server] - 2026-04-10T15:07:28.237Z - [SYNC]: collect registered sync generators
[NX v22.6.4 Daemon Server] - 2026-04-10T15:07:28.237Z - [SYNC]: project graph hash is the same, not collecting task sync generators
[NX v22.6.4 Daemon Server] - 2026-04-10T15:07:28.237Z - [SYNC]: nx.json hash is the same, not collecting global sync generators
[NX v22.6.4 Daemon Server] - 2026-04-10T15:07:28.237Z - Serializing response for PROJECT_GRAPH_UPDATED message in json mode
[NX v22.6.4 Daemon Server] - 2026-04-10T15:07:28.239Z - Responding to PROJECT_GRAPH_UPDATED message
[NX v22.6.4 Daemon Server] - 2026-04-10T15:07:28.239Z - [REQUEST]: Responding to the client. Project graph updated
[NX v22.6.4 Daemon Server] - 2026-04-10T15:07:28.239Z - Time taken for 'total execution time for createProjectGraph()' 18.680699999444187ms
[NX v22.6.4 Daemon Server] - 2026-04-10T15:07:28.239Z - Time taken for 'createDependencies' 16.0152000002563ms
[NX v22.6.4 Daemon Server] - 2026-04-10T15:07:28.239Z - Time taken for 'nx/js/dependencies-and-lockfile:createDependencies' 15.92960000038147ms
[NX v22.6.4 Daemon Server] - 2026-04-10T15:07:28.239Z - Time taken for 'createMetadata' 0.011900000274181366ms
[NX v22.6.4 Daemon Server] - 2026-04-10T15:07:28.239Z - Time taken for 'serialize graph' 1.9265999998897314ms
[NX v22.6.4 Daemon Server] - 2026-04-10T15:07:28.240Z - [REQUEST]: Updated workspace context based on watched changes, recomputing project graph...
[NX v22.6.4 Daemon Server] - 2026-04-10T15:07:28.240Z - [REQUEST]: 
[NX v22.6.4 Daemon Server] - 2026-04-10T15:07:28.240Z - [REQUEST]: functions/firebase-debug.log
[NX v22.6.4 Daemon Client] - 2026-04-10T15:07:28.240Z - [Messenger] Received message, length: 633984
[NX v22.6.4 Daemon Server] - 2026-04-10T15:07:28.261Z - Done responding to the client Project graph updated
[NX v22.6.4 Daemon Server] - 2026-04-10T15:07:28.261Z - Handled json message PROJECT_GRAPH_UPDATED. Handling time: 0. Response time: 24.
[NX v22.6.4 Daemon Server] - 2026-04-10T15:07:28.261Z - Time taken for 'hash changed files from watcher' 0.25130000058561563ms
Time taken for 'plugin worker 19076 code loading' 166.1805ms
Time taken for 'plugin worker 1776 code loading' 160.77929999999998ms
Time taken for 'plugin worker 14748 code loading' 154.81439999999998ms
[NX v22.6.4 Daemon Server] - 2026-04-10T15:07:28.455Z - Time taken for 'start-plugin-worker:nx/js/dependencies-and-lockfile' 214.1512000001967ms
[NX v22.6.4 Daemon Server] - 2026-04-10T15:07:28.455Z - Time taken for 'start-plugin-worker:nx/core/package-json' 208.15920000057667ms
[NX v22.6.4 Daemon Server] - 2026-04-10T15:07:28.455Z - Time taken for 'start-plugin-worker:nx/core/project-json' 201.25739999953657ms
[NX v22.6.4 Daemon Server] - 2026-04-10T15:07:28.560Z - Time taken for 'build-project-configs' 315.52799999993294ms
[NX v22.6.4 Daemon Server] - 2026-04-10T15:07:28.560Z - Time taken for 'createNodes:merge' 0.670099999755621ms
[NX v22.6.4 Daemon Server] - 2026-04-10T15:07:28.560Z - Time taken for 'get-all-workspace-files' 0.030799999833106995ms
Time taken for 'nx/js/dependencies-and-lockfile:createNodes' 7.976400000000012ms
[NX v22.6.4 Daemon Server] - 2026-04-10T15:07:28.572Z - [SYNC]: collect registered sync generators
[NX v22.6.4 Daemon Server] - 2026-04-10T15:07:28.572Z - [SYNC]: project graph hash is the same, not collecting task sync generators
[NX v22.6.4 Daemon Server] - 2026-04-10T15:07:28.572Z - [SYNC]: nx.json hash is the same, not collecting global sync generators
[NX v22.6.4 Daemon Server] - 2026-04-10T15:07:28.572Z - Serializing response for PROJECT_GRAPH_UPDATED message in json mode
[NX v22.6.4 Daemon Server] - 2026-04-10T15:07:28.574Z - Responding to PROJECT_GRAPH_UPDATED message
[NX v22.6.4 Daemon Server] - 2026-04-10T15:07:28.574Z - [REQUEST]: Responding to the client. Project graph updated
[NX v22.6.4 Daemon Server] - 2026-04-10T15:07:28.574Z - Time taken for 'total execution time for createProjectGraph()' 13.604199999943376ms
[NX v22.6.4 Daemon Server] - 2026-04-10T15:07:28.574Z - Time taken for 'createDependencies' 11.15430000051856ms
[NX v22.6.4 Daemon Server] - 2026-04-10T15:07:28.574Z - Time taken for 'nx/js/dependencies-and-lockfile:createDependencies' 11.090699999593198ms
[NX v22.6.4 Daemon Server] - 2026-04-10T15:07:28.574Z - Time taken for 'createMetadata' 0.011499999091029167ms
[NX v22.6.4 Daemon Server] - 2026-04-10T15:07:28.574Z - Time taken for 'serialize graph' 1.7790000000968575ms
[NX v22.6.4 Daemon Server] - 2026-04-10T15:07:28.575Z - Done responding to the client Project graph updated
[NX v22.6.4 Daemon Server] - 2026-04-10T15:07:28.575Z - Handled json message PROJECT_GRAPH_UPDATED. Handling time: 0. Response time: 3.
[NX v22.6.4 Daemon Client] - 2026-04-10T15:07:28.575Z - [Messenger] Received message, length: 633984
[NX v22.6.4 Daemon Server] - 2026-04-10T15:07:29.583Z - Established a connection. Number of open connections: 3
[NX v22.6.4 Daemon Client] - 2026-04-10T15:07:29.583Z - [Messenger] Sending message type: GET_CONTEXT_FILE_DATA
[NX v22.6.4 Daemon Server] - 2026-04-10T15:07:29.583Z - Closed a connection. Number of open connections: 2
[NX v22.6.4 Daemon Client] - 2026-04-10T15:07:29.583Z - [Messenger] Message sent
[NX v22.6.4 Daemon Server] - 2026-04-10T15:07:29.583Z - Received raw message of length 32
[NX v22.6.4 Daemon Server] - 2026-04-10T15:07:29.583Z - Received json message of type GET_CONTEXT_FILE_DATA
[NX v22.6.4 Daemon Server] - 2026-04-10T15:07:29.584Z - Serializing response for GET_CONTEXT_FILE_DATA message in json mode
[NX v22.6.4 Daemon Server] - 2026-04-10T15:07:29.584Z - Responding to GET_CONTEXT_FILE_DATA message
[NX v22.6.4 Daemon Server] - 2026-04-10T15:07:29.584Z - [REQUEST]: Responding to the client. handleContextFileData
[NX v22.6.4 Daemon Server] - 2026-04-10T15:07:29.584Z - Done responding to the client handleContextFileData
[NX v22.6.4 Daemon Server] - 2026-04-10T15:07:29.584Z - Handled json message GET_CONTEXT_FILE_DATA. Handling time: 1. Response time: 0.
[NX v22.6.4 Daemon Client] - 2026-04-10T15:07:29.584Z - [Messenger] Received message, length: 26992
[NX v22.6.4 Daemon Server] - 2026-04-10T15:07:29.738Z - Closed a connection. Number of open connections: 1
[NX v22.6.4 Daemon Client] - 2026-04-10T15:07:29.739Z - [ProjectGraphListener] Socket closed, triggering reconnection
[NX v22.6.4 Daemon Server] - 2026-04-10T15:07:29.740Z - Established a connection. Number of open connections: 2
[NX v22.6.4 Daemon Server] - 2026-04-10T15:07:29.740Z - Closed a connection. Number of open connections: 1
[NX v22.6.4 Daemon Client] - 2026-04-10T15:07:29.740Z - [Messenger] Setting up socket listeners
[NX v22.6.4 Daemon Server] - 2026-04-10T15:07:29.740Z - Established a connection. Number of open connections: 2
[NX v22.6.4 Daemon Client] - 2026-04-10T15:07:29.741Z - [Messenger] listen() complete
[NX v22.6.4 Daemon Client] - 2026-04-10T15:07:29.741Z - [Messenger] Sending message type: REGISTER_PROJECT_GRAPH_LISTENER
[NX v22.6.4 Daemon Client] - 2026-04-10T15:07:29.741Z - [Messenger] Message sent
[NX v22.6.4 Daemon Server] - 2026-04-10T15:07:29.742Z - Received raw message of length 42
[NX v22.6.4 Daemon Server] - 2026-04-10T15:07:29.742Z - Received json message of type REGISTER_PROJECT_GRAPH_LISTENER
[NX v22.6.4 Daemon Server] - 2026-04-10T15:07:35.688Z - [WATCHER]: functions/firebase-debug.log was created or restored
[NX v22.6.4 Daemon Server] - 2026-04-10T15:07:35.688Z - [SYNC]: clearing sync generators cache due to file changes
[NX v22.6.4 Daemon Server] - 2026-04-10T15:07:35.688Z - [WATCHER]: Processing file changes in outputs
[NX v22.6.4 Daemon Server] - 2026-04-10T15:07:35.807Z - [REQUEST]: Updated workspace context based on watched changes, recomputing project graph...
[NX v22.6.4 Daemon Server] - 2026-04-10T15:07:35.807Z - [REQUEST]: functions/firebase-debug.log
[NX v22.6.4 Daemon Server] - 2026-04-10T15:07:35.807Z - [REQUEST]: 
[NX v22.6.4 Daemon Server] - 2026-04-10T15:07:35.827Z - Time taken for 'hash changed files from watcher' 7.979099999181926ms
[NX v22.6.4 Daemon Server] - 2026-04-10T15:07:35.937Z - [WATCHER]: functions/firebase-debug.log was deleted
[NX v22.6.4 Daemon Server] - 2026-04-10T15:07:35.937Z - [SYNC]: clearing sync generators cache due to file changes
[NX v22.6.4 Daemon Server] - 2026-04-10T15:07:35.937Z - [WATCHER]: Processing file changes in outputs
Time taken for 'plugin worker 20576 code loading' 156.6097ms
Time taken for 'plugin worker 30816 code loading' 154.85770000000002ms
Time taken for 'plugin worker 23788 code loading' 153.51409999999998ms
[NX v22.6.4 Daemon Server] - 2026-04-10T15:07:36.013Z - Time taken for 'start-plugin-worker:nx/js/dependencies-and-lockfile' 205.19149999972433ms
[NX v22.6.4 Daemon Server] - 2026-04-10T15:07:36.013Z - Time taken for 'start-plugin-worker:nx/core/package-json' 199.2985000004992ms
[NX v22.6.4 Daemon Server] - 2026-04-10T15:07:36.013Z - Time taken for 'start-plugin-worker:nx/core/project-json' 193.16210000030696ms
[NX v22.6.4 Daemon Server] - 2026-04-10T15:07:36.124Z - Time taken for 'build-project-configs' 311.2311999993399ms
[NX v22.6.4 Daemon Server] - 2026-04-10T15:07:36.124Z - Time taken for 'createNodes:merge' 0.6697000004351139ms
[NX v22.6.4 Daemon Server] - 2026-04-10T15:07:36.124Z - Time taken for 'get-all-workspace-files' 0.03160000033676624ms
Time taken for 'nx/js/dependencies-and-lockfile:createNodes' 7.667500000000018ms
[NX v22.6.4 Daemon Server] - 2026-04-10T15:07:36.139Z - [SYNC]: collect registered sync generators
[NX v22.6.4 Daemon Server] - 2026-04-10T15:07:36.139Z - [SYNC]: project graph hash is the same, not collecting task sync generators
[NX v22.6.4 Daemon Server] - 2026-04-10T15:07:36.139Z - [SYNC]: nx.json hash is the same, not collecting global sync generators
[NX v22.6.4 Daemon Server] - 2026-04-10T15:07:36.139Z - Serializing response for PROJECT_GRAPH_UPDATED message in json mode
[NX v22.6.4 Daemon Server] - 2026-04-10T15:07:36.141Z - Responding to PROJECT_GRAPH_UPDATED message
[NX v22.6.4 Daemon Server] - 2026-04-10T15:07:36.141Z - [REQUEST]: Responding to the client. Project graph updated
[NX v22.6.4 Daemon Server] - 2026-04-10T15:07:36.141Z - Time taken for 'total execution time for createProjectGraph()' 17.387399999424815ms
[NX v22.6.4 Daemon Server] - 2026-04-10T15:07:36.141Z - Time taken for 'createDependencies' 14.834000000730157ms
[NX v22.6.4 Daemon Server] - 2026-04-10T15:07:36.141Z - Time taken for 'nx/js/dependencies-and-lockfile:createDependencies' 14.772300000302494ms
[NX v22.6.4 Daemon Server] - 2026-04-10T15:07:36.142Z - Time taken for 'createMetadata' 0.011399999260902405ms
[NX v22.6.4 Daemon Server] - 2026-04-10T15:07:36.142Z - Time taken for 'serialize graph' 1.814100000075996ms
[NX v22.6.4 Daemon Server] - 2026-04-10T15:07:36.142Z - [REQUEST]: Updated workspace context based on watched changes, recomputing project graph...
[NX v22.6.4 Daemon Server] - 2026-04-10T15:07:36.142Z - [REQUEST]: 
[NX v22.6.4 Daemon Server] - 2026-04-10T15:07:36.142Z - [REQUEST]: functions/firebase-debug.log
[NX v22.6.4 Daemon Client] - 2026-04-10T15:07:36.142Z - [Messenger] Received message, length: 633984
[NX v22.6.4 Daemon Server] - 2026-04-10T15:07:36.162Z - Done responding to the client Project graph updated
[NX v22.6.4 Daemon Server] - 2026-04-10T15:07:36.162Z - Handled json message PROJECT_GRAPH_UPDATED. Handling time: 0. Response time: 23.
[NX v22.6.4 Daemon Server] - 2026-04-10T15:07:36.162Z - Time taken for 'hash changed files from watcher' 0.24000000022351742ms
Time taken for 'plugin worker 18184 code loading' 150.6737ms
Time taken for 'plugin worker 5684 code loading' 152.1796ms
[NX v22.6.4 Daemon Server] - 2026-04-10T15:07:36.343Z - Time taken for 'start-plugin-worker:nx/js/dependencies-and-lockfile' 200.09989999979734ms
[NX v22.6.4 Daemon Server] - 2026-04-10T15:07:36.343Z - Time taken for 'start-plugin-worker:nx/core/package-json' 194.0582999996841ms
Time taken for 'plugin worker 9432 code loading' 153.2359ms
[NX v22.6.4 Daemon Server] - 2026-04-10T15:07:36.359Z - Time taken for 'start-plugin-worker:nx/core/project-json' 204.16650000028312ms
[NX v22.6.4 Daemon Server] - 2026-04-10T15:07:36.452Z - Time taken for 'build-project-configs' 305.34509999956936ms
[NX v22.6.4 Daemon Server] - 2026-04-10T15:07:36.452Z - Time taken for 'createNodes:merge' 0.7347999997437ms
[NX v22.6.4 Daemon Server] - 2026-04-10T15:07:36.452Z - Time taken for 'get-all-workspace-files' 0.035799999721348286ms
Time taken for 'nx/js/dependencies-and-lockfile:createNodes' 8.071699999999964ms
[NX v22.6.4 Daemon Server] - 2026-04-10T15:07:36.464Z - [SYNC]: collect registered sync generators
[NX v22.6.4 Daemon Server] - 2026-04-10T15:07:36.464Z - [SYNC]: project graph hash is the same, not collecting task sync generators
[NX v22.6.4 Daemon Server] - 2026-04-10T15:07:36.464Z - [SYNC]: nx.json hash is the same, not collecting global sync generators
[NX v22.6.4 Daemon Server] - 2026-04-10T15:07:36.464Z - Serializing response for PROJECT_GRAPH_UPDATED message in json mode
[NX v22.6.4 Daemon Server] - 2026-04-10T15:07:36.466Z - Responding to PROJECT_GRAPH_UPDATED message
[NX v22.6.4 Daemon Server] - 2026-04-10T15:07:36.466Z - [REQUEST]: Responding to the client. Project graph updated
[NX v22.6.4 Daemon Server] - 2026-04-10T15:07:36.466Z - Time taken for 'total execution time for createProjectGraph()' 13.466699999757111ms
[NX v22.6.4 Daemon Server] - 2026-04-10T15:07:36.466Z - Time taken for 'createDependencies' 11.033300000242889ms
[NX v22.6.4 Daemon Server] - 2026-04-10T15:07:36.466Z - Time taken for 'nx/js/dependencies-and-lockfile:createDependencies' 10.968700000084937ms
[NX v22.6.4 Daemon Server] - 2026-04-10T15:07:36.466Z - Time taken for 'createMetadata' 0.011699999682605267ms
[NX v22.6.4 Daemon Server] - 2026-04-10T15:07:36.466Z - Time taken for 'serialize graph' 1.7450999999418855ms
[NX v22.6.4 Daemon Client] - 2026-04-10T15:07:36.467Z - [Messenger] Received message, length: 633984
[NX v22.6.4 Daemon Server] - 2026-04-10T15:07:36.468Z - Done responding to the client Project graph updated
[NX v22.6.4 Daemon Server] - 2026-04-10T15:07:36.468Z - Handled json message PROJECT_GRAPH_UPDATED. Handling time: 0. Response time: 4.
[NX v22.6.4 Daemon Server] - 2026-04-10T15:07:37.488Z - Established a connection. Number of open connections: 3
[NX v22.6.4 Daemon Server] - 2026-04-10T15:07:37.489Z - Closed a connection. Number of open connections: 2
[NX v22.6.4 Daemon Client] - 2026-04-10T15:07:37.488Z - [Messenger] Sending message type: GET_CONTEXT_FILE_DATA
[NX v22.6.4 Daemon Client] - 2026-04-10T15:07:37.489Z - [Messenger] Message sent
[NX v22.6.4 Daemon Server] - 2026-04-10T15:07:37.489Z - Received raw message of length 32
[NX v22.6.4 Daemon Server] - 2026-04-10T15:07:37.489Z - Received json message of type GET_CONTEXT_FILE_DATA
[NX v22.6.4 Daemon Server] - 2026-04-10T15:07:37.490Z - Serializing response for GET_CONTEXT_FILE_DATA message in json mode
[NX v22.6.4 Daemon Server] - 2026-04-10T15:07:37.490Z - Responding to GET_CONTEXT_FILE_DATA message
[NX v22.6.4 Daemon Server] - 2026-04-10T15:07:37.490Z - [REQUEST]: Responding to the client. handleContextFileData
[NX v22.6.4 Daemon Server] - 2026-04-10T15:07:37.490Z - Done responding to the client handleContextFileData
[NX v22.6.4 Daemon Server] - 2026-04-10T15:07:37.490Z - Handled json message GET_CONTEXT_FILE_DATA. Handling time: 1. Response time: 0.
[NX v22.6.4 Daemon Client] - 2026-04-10T15:07:37.490Z - [Messenger] Received message, length: 26992
[NX v22.6.4 Daemon Server] - 2026-04-10T15:07:37.637Z - Closed a connection. Number of open connections: 1
[NX v22.6.4 Daemon Client] - 2026-04-10T15:07:37.637Z - [ProjectGraphListener] Socket closed, triggering reconnection
[NX v22.6.4 Daemon Server] - 2026-04-10T15:07:37.639Z - Established a connection. Number of open connections: 2
[NX v22.6.4 Daemon Server] - 2026-04-10T15:07:37.639Z - Closed a connection. Number of open connections: 1
[NX v22.6.4 Daemon Client] - 2026-04-10T15:07:37.639Z - [Messenger] Setting up socket listeners
[NX v22.6.4 Daemon Server] - 2026-04-10T15:07:37.639Z - Established a connection. Number of open connections: 2
[NX v22.6.4 Daemon Client] - 2026-04-10T15:07:37.639Z - [Messenger] listen() complete
[NX v22.6.4 Daemon Client] - 2026-04-10T15:07:37.640Z - [Messenger] Sending message type: REGISTER_PROJECT_GRAPH_LISTENER
[NX v22.6.4 Daemon Client] - 2026-04-10T15:07:37.640Z - [Messenger] Message sent
[NX v22.6.4 Daemon Server] - 2026-04-10T15:07:37.640Z - Received raw message of length 42
[NX v22.6.4 Daemon Server] - 2026-04-10T15:07:37.640Z - Received json message of type REGISTER_PROJECT_GRAPH_LISTENER
[NX v22.6.4 Daemon Server] - 2026-04-10T15:07:47.900Z - [WATCHER]: functions/src/index.ts was modified
[NX v22.6.4 Daemon Server] - 2026-04-10T15:07:47.901Z - [SYNC]: clearing sync generators cache due to file changes
[NX v22.6.4 Daemon Server] - 2026-04-10T15:07:47.901Z - [WATCHER]: Processing file changes in outputs
[NX v22.6.4 Daemon Server] - 2026-04-10T15:07:48.084Z - [WATCHER]: Processing file changes in outputs
[NX v22.6.4 Daemon Server] - 2026-04-10T15:07:48.085Z - [WATCHER]: firebase-debug.log was modified
[NX v22.6.4 Daemon Server] - 2026-04-10T15:07:48.085Z - [SYNC]: clearing sync generators cache due to file changes
[NX v22.6.4 Daemon Server] - 2026-04-10T15:07:48.316Z - [REQUEST]: Updated workspace context based on watched changes, recomputing project graph...
[NX v22.6.4 Daemon Server] - 2026-04-10T15:07:48.316Z - [REQUEST]: functions/src/index.ts,firebase-debug.log
[NX v22.6.4 Daemon Server] - 2026-04-10T15:07:48.316Z - [REQUEST]: 
[NX v22.6.4 Daemon Server] - 2026-04-10T15:07:48.338Z - Time taken for 'hash changed files from watcher' 11.886900000274181ms
Time taken for 'plugin worker 24256 code loading' 154.7533ms
Time taken for 'plugin worker 5280 code loading' 150.222ms
[NX v22.6.4 Daemon Server] - 2026-04-10T15:07:48.525Z - Time taken for 'start-plugin-worker:nx/js/dependencies-and-lockfile' 207.57230000011623ms
[NX v22.6.4 Daemon Server] - 2026-04-10T15:07:48.525Z - Time taken for 'start-plugin-worker:nx/core/package-json' 200.11190000083297ms
[NX v22.6.4 Daemon Server] - 2026-04-10T15:07:48.525Z - Time taken for 'start-plugin-worker:nx/core/project-json' 193.22979999985546ms
Time taken for 'plugin worker 21356 code loading' 151.43060000000003ms
[NX v22.6.4 Daemon Server] - 2026-04-10T15:07:48.644Z - Time taken for 'build-project-configs' 322.72259999997914ms
[NX v22.6.4 Daemon Server] - 2026-04-10T15:07:48.645Z - Time taken for 'createNodes:merge' 0.7000000001862645ms
[NX v22.6.4 Daemon Server] - 2026-04-10T15:07:48.645Z - Time taken for 'get-all-workspace-files' 0.031499999575316906ms
Time taken for 'nx/js/dependencies-and-lockfile:createNodes' 8.411099999999976ms
[NX v22.6.4 Daemon Server] - 2026-04-10T15:07:48.825Z - [SYNC]: collect registered sync generators
[NX v22.6.4 Daemon Server] - 2026-04-10T15:07:48.825Z - [SYNC]: project graph hash is the same, not collecting task sync generators
[NX v22.6.4 Daemon Server] - 2026-04-10T15:07:48.825Z - [SYNC]: nx.json hash is the same, not collecting global sync generators
[NX v22.6.4 Daemon Server] - 2026-04-10T15:07:48.825Z - Serializing response for PROJECT_GRAPH_UPDATED message in json mode
[NX v22.6.4 Daemon Server] - 2026-04-10T15:07:48.827Z - Responding to PROJECT_GRAPH_UPDATED message
[NX v22.6.4 Daemon Server] - 2026-04-10T15:07:48.827Z - [REQUEST]: Responding to the client. Project graph updated
[NX v22.6.4 Daemon Server] - 2026-04-10T15:07:48.828Z - Time taken for 'total execution time for createProjectGraph()' 183.19329999946058ms
[NX v22.6.4 Daemon Server] - 2026-04-10T15:07:48.828Z - Time taken for 'createDependencies' 180.48699999973178ms
[NX v22.6.4 Daemon Server] - 2026-04-10T15:07:48.828Z - Time taken for 'nx/js/dependencies-and-lockfile:createDependencies' 180.3989999992773ms
[NX v22.6.4 Daemon Server] - 2026-04-10T15:07:48.828Z - Time taken for 'createMetadata' 0.012000000104308128ms
[NX v22.6.4 Daemon Server] - 2026-04-10T15:07:48.828Z - Time taken for 'serialize graph' 1.8685999996960163ms
[NX v22.6.4 Daemon Server] - 2026-04-10T15:07:48.829Z - Done responding to the client Project graph updated
[NX v22.6.4 Daemon Server] - 2026-04-10T15:07:48.829Z - Handled json message PROJECT_GRAPH_UPDATED. Handling time: 0. Response time: 4.
[NX v22.6.4 Daemon Client] - 2026-04-10T15:07:48.829Z - [Messenger] Received message, length: 633984
[NX v22.6.4 Daemon Server] - 2026-04-10T15:07:49.137Z - [WATCHER]: firebase-debug.log was modified
[NX v22.6.4 Daemon Server] - 2026-04-10T15:07:49.137Z - [SYNC]: clearing sync generators cache due to file changes
[NX v22.6.4 Daemon Server] - 2026-04-10T15:07:49.137Z - [WATCHER]: Processing file changes in outputs
[NX v22.6.4 Daemon Server] - 2026-04-10T15:07:49.841Z - Established a connection. Number of open connections: 3
[NX v22.6.4 Daemon Client] - 2026-04-10T15:07:49.841Z - [Messenger] Sending message type: GET_CONTEXT_FILE_DATA
[NX v22.6.4 Daemon Server] - 2026-04-10T15:07:49.841Z - Closed a connection. Number of open connections: 2
[NX v22.6.4 Daemon Client] - 2026-04-10T15:07:49.842Z - [Messenger] Message sent
[NX v22.6.4 Daemon Server] - 2026-04-10T15:07:49.842Z - Received raw message of length 32
[NX v22.6.4 Daemon Server] - 2026-04-10T15:07:49.842Z - Received json message of type GET_CONTEXT_FILE_DATA
[NX v22.6.4 Daemon Server] - 2026-04-10T15:07:49.843Z - Serializing response for GET_CONTEXT_FILE_DATA message in json mode
[NX v22.6.4 Daemon Server] - 2026-04-10T15:07:49.843Z - Responding to GET_CONTEXT_FILE_DATA message
[NX v22.6.4 Daemon Server] - 2026-04-10T15:07:49.843Z - [REQUEST]: Responding to the client. handleContextFileData
[NX v22.6.4 Daemon Client] - 2026-04-10T15:07:49.843Z - [Messenger] Received message, length: 26991
[NX v22.6.4 Daemon Server] - 2026-04-10T15:07:49.844Z - Done responding to the client handleContextFileData
[NX v22.6.4 Daemon Server] - 2026-04-10T15:07:49.844Z - Handled json message GET_CONTEXT_FILE_DATA. Handling time: 1. Response time: 1.
[NX v22.6.4 Daemon Server] - 2026-04-10T15:07:49.959Z - [REQUEST]: Updated workspace context based on watched changes, recomputing project graph...
[NX v22.6.4 Daemon Server] - 2026-04-10T15:07:49.959Z - [REQUEST]: firebase-debug.log
[NX v22.6.4 Daemon Server] - 2026-04-10T15:07:49.959Z - [REQUEST]: 
[NX v22.6.4 Daemon Server] - 2026-04-10T15:07:49.983Z - Time taken for 'hash changed files from watcher' 14.145200000144541ms
[NX v22.6.4 Daemon Server] - 2026-04-10T15:07:50.023Z - [WATCHER]: Processing file changes in outputs
[NX v22.6.4 Daemon Server] - 2026-04-10T15:07:50.024Z - [WATCHER]: firebase-debug.log was modified
[NX v22.6.4 Daemon Server] - 2026-04-10T15:07:50.024Z - [SYNC]: clearing sync generators cache due to file changes
[NX v22.6.4 Daemon Server] - 2026-04-10T15:07:50.064Z - Closed a connection. Number of open connections: 1
[NX v22.6.4 Daemon Client] - 2026-04-10T15:07:50.064Z - [ProjectGraphListener] Socket closed, triggering reconnection
[NX v22.6.4 Daemon Server] - 2026-04-10T15:07:50.069Z - Established a connection. Number of open connections: 2
[NX v22.6.4 Daemon Server] - 2026-04-10T15:07:50.069Z - Closed a connection. Number of open connections: 1
[NX v22.6.4 Daemon Client] - 2026-04-10T15:07:50.069Z - [Messenger] Setting up socket listeners
[NX v22.6.4 Daemon Server] - 2026-04-10T15:07:50.069Z - Established a connection. Number of open connections: 2
[NX v22.6.4 Daemon Client] - 2026-04-10T15:07:50.070Z - [Messenger] listen() complete
[NX v22.6.4 Daemon Client] - 2026-04-10T15:07:50.070Z - [Messenger] Sending message type: REGISTER_PROJECT_GRAPH_LISTENER
[NX v22.6.4 Daemon Client] - 2026-04-10T15:07:50.071Z - [Messenger] Message sent
[NX v22.6.4 Daemon Server] - 2026-04-10T15:07:50.071Z - Received raw message of length 42
[NX v22.6.4 Daemon Server] - 2026-04-10T15:07:50.071Z - Received json message of type REGISTER_PROJECT_GRAPH_LISTENER
[NX v22.6.4 Daemon Server] - 2026-04-10T15:07:50.087Z - [WATCHER]: firebase-debug.log was modified
[NX v22.6.4 Daemon Server] - 2026-04-10T15:07:50.087Z - [SYNC]: clearing sync generators cache due to file changes
[NX v22.6.4 Daemon Server] - 2026-04-10T15:07:50.087Z - [WATCHER]: Processing file changes in outputs
Time taken for 'plugin worker 25604 code loading' 184.8996ms
[NX v22.6.4 Daemon Server] - 2026-04-10T15:07:50.193Z - Time taken for 'start-plugin-worker:nx/js/dependencies-and-lockfile' 232.9906000001356ms
Time taken for 'plugin worker 38336 code loading' 185.6539ms
Time taken for 'plugin worker 17852 code loading' 182.9795ms
[NX v22.6.4 Daemon Server] - 2026-04-10T15:07:50.205Z - Time taken for 'start-plugin-worker:nx/core/package-json' 238.09119999967515ms
[NX v22.6.4 Daemon Server] - 2026-04-10T15:07:50.205Z - Time taken for 'start-plugin-worker:nx/core/project-json' 229.95610000006855ms
[NX v22.6.4 Daemon Server] - 2026-04-10T15:07:50.320Z - Time taken for 'build-project-configs' 355.4957999996841ms
[NX v22.6.4 Daemon Server] - 2026-04-10T15:07:50.320Z - Time taken for 'createNodes:merge' 0.7295000003650784ms
[NX v22.6.4 Daemon Server] - 2026-04-10T15:07:50.320Z - Time taken for 'get-all-workspace-files' 0.0340999998152256ms
Time taken for 'nx/js/dependencies-and-lockfile:createNodes' 10.643500000000017ms
[NX v22.6.4 Daemon Server] - 2026-04-10T15:07:50.338Z - [SYNC]: collect registered sync generators
[NX v22.6.4 Daemon Server] - 2026-04-10T15:07:50.338Z - [SYNC]: project graph hash is the same, not collecting task sync generators
[NX v22.6.4 Daemon Server] - 2026-04-10T15:07:50.338Z - [SYNC]: nx.json hash is the same, not collecting global sync generators
[NX v22.6.4 Daemon Server] - 2026-04-10T15:07:50.338Z - Serializing response for PROJECT_GRAPH_UPDATED message in json mode
[NX v22.6.4 Daemon Server] - 2026-04-10T15:07:50.340Z - Responding to PROJECT_GRAPH_UPDATED message
[NX v22.6.4 Daemon Server] - 2026-04-10T15:07:50.340Z - [REQUEST]: Responding to the client. Project graph updated
[NX v22.6.4 Daemon Server] - 2026-04-10T15:07:50.340Z - Time taken for 'total execution time for createProjectGraph()' 19.376299999654293ms
[NX v22.6.4 Daemon Server] - 2026-04-10T15:07:50.340Z - Time taken for 'createDependencies' 16.599399999715388ms
[NX v22.6.4 Daemon Server] - 2026-04-10T15:07:50.340Z - Time taken for 'nx/js/dependencies-and-lockfile:createDependencies' 16.526899999938905ms
[NX v22.6.4 Daemon Server] - 2026-04-10T15:07:50.340Z - Time taken for 'createMetadata' 0.012299999594688416ms
[NX v22.6.4 Daemon Server] - 2026-04-10T15:07:50.340Z - Time taken for 'serialize graph' 2.1550000002607703ms
[NX v22.6.4 Daemon Client] - 2026-04-10T15:07:50.341Z - [Messenger] Received message, length: 633984
[NX v22.6.4 Daemon Server] - 2026-04-10T15:07:50.343Z - Done responding to the client Project graph updated
[NX v22.6.4 Daemon Server] - 2026-04-10T15:07:50.343Z - Handled json message PROJECT_GRAPH_UPDATED. Handling time: 0. Response time: 5.
[NX v22.6.4 Daemon Server] - 2026-04-10T15:07:51.229Z - [WATCHER]: Processing file changes in outputs
[NX v22.6.4 Daemon Server] - 2026-04-10T15:07:51.229Z - [WATCHER]: functions/firebase-debug.log was created or restored
[NX v22.6.4 Daemon Server] - 2026-04-10T15:07:51.229Z - [SYNC]: clearing sync generators cache due to file changes
[NX v22.6.4 Daemon Server] - 2026-04-10T15:07:51.290Z - [WATCHER]: functions/firebase-debug.log was modified
[NX v22.6.4 Daemon Server] - 2026-04-10T15:07:51.290Z - [SYNC]: clearing sync generators cache due to file changes
[NX v22.6.4 Daemon Server] - 2026-04-10T15:07:51.290Z - [WATCHER]: Processing file changes in outputs
[NX v22.6.4 Daemon Server] - 2026-04-10T15:07:51.358Z - Established a connection. Number of open connections: 3
[NX v22.6.4 Daemon Client] - 2026-04-10T15:07:51.359Z - [Messenger] Sending message type: GET_CONTEXT_FILE_DATA
[NX v22.6.4 Daemon Server] - 2026-04-10T15:07:51.359Z - Closed a connection. Number of open connections: 2
[NX v22.6.4 Daemon Client] - 2026-04-10T15:07:51.359Z - [Messenger] Message sent
[NX v22.6.4 Daemon Server] - 2026-04-10T15:07:51.361Z - Received raw message of length 32
[NX v22.6.4 Daemon Server] - 2026-04-10T15:07:51.362Z - Received json message of type GET_CONTEXT_FILE_DATA
[NX v22.6.4 Daemon Server] - 2026-04-10T15:07:51.365Z - Serializing response for GET_CONTEXT_FILE_DATA message in json mode
[NX v22.6.4 Daemon Server] - 2026-04-10T15:07:51.365Z - Responding to GET_CONTEXT_FILE_DATA message
[NX v22.6.4 Daemon Server] - 2026-04-10T15:07:51.365Z - [REQUEST]: Responding to the client. handleContextFileData
[NX v22.6.4 Daemon Server] - 2026-04-10T15:07:51.366Z - Done responding to the client handleContextFileData
[NX v22.6.4 Daemon Server] - 2026-04-10T15:07:51.366Z - Handled json message GET_CONTEXT_FILE_DATA. Handling time: 3. Response time: 1.
[NX v22.6.4 Daemon Client] - 2026-04-10T15:07:51.366Z - [Messenger] Received message, length: 26990
[NX v22.6.4 Daemon Server] - 2026-04-10T15:07:51.532Z - Closed a connection. Number of open connections: 1
[NX v22.6.4 Daemon Client] - 2026-04-10T15:07:51.533Z - [ProjectGraphListener] Socket closed, triggering reconnection
[NX v22.6.4 Daemon Server] - 2026-04-10T15:07:51.534Z - Established a connection. Number of open connections: 2
[NX v22.6.4 Daemon Server] - 2026-04-10T15:07:51.534Z - Closed a connection. Number of open connections: 1
[NX v22.6.4 Daemon Server] - 2026-04-10T15:07:51.534Z - Established a connection. Number of open connections: 2
[NX v22.6.4 Daemon Client] - 2026-04-10T15:07:51.534Z - [Messenger] Setting up socket listeners
[NX v22.6.4 Daemon Client] - 2026-04-10T15:07:51.535Z - [Messenger] listen() complete
[NX v22.6.4 Daemon Client] - 2026-04-10T15:07:51.535Z - [Messenger] Sending message type: REGISTER_PROJECT_GRAPH_LISTENER
[NX v22.6.4 Daemon Client] - 2026-04-10T15:07:51.535Z - [Messenger] Message sent
[NX v22.6.4 Daemon Server] - 2026-04-10T15:07:51.536Z - Received raw message of length 42
[NX v22.6.4 Daemon Server] - 2026-04-10T15:07:51.536Z - Received json message of type REGISTER_PROJECT_GRAPH_LISTENER
[NX v22.6.4 Daemon Server] - 2026-04-10T15:07:51.643Z - [REQUEST]: Updated workspace context based on watched changes, recomputing project graph...
[NX v22.6.4 Daemon Server] - 2026-04-10T15:07:51.644Z - [REQUEST]: firebase-debug.log,functions/firebase-debug.log
[NX v22.6.4 Daemon Server] - 2026-04-10T15:07:51.644Z - [REQUEST]: 
[NX v22.6.4 Daemon Server] - 2026-04-10T15:07:51.664Z - Time taken for 'hash changed files from watcher' 9.97719999961555ms
[NX v22.6.4 Daemon Server] - 2026-04-10T15:07:51.698Z - [WATCHER]: firebase-debug.log was modified
[NX v22.6.4 Daemon Server] - 2026-04-10T15:07:51.698Z - [SYNC]: clearing sync generators cache due to file changes
[NX v22.6.4 Daemon Server] - 2026-04-10T15:07:51.698Z - [WATCHER]: Processing file changes in outputs
Time taken for 'plugin worker 20872 code loading' 171.27779999999998ms
Time taken for 'plugin worker 26168 code loading' 170.856ms
[NX v22.6.4 Daemon Server] - 2026-04-10T15:07:51.871Z - Time taken for 'start-plugin-worker:nx/js/dependencies-and-lockfile' 226.03979999944568ms
[NX v22.6.4 Daemon Server] - 2026-04-10T15:07:51.871Z - Time taken for 'start-plugin-worker:nx/core/package-json' 219.7004999993369ms
[NX v22.6.4 Daemon Server] - 2026-04-10T15:07:51.871Z - Time taken for 'start-plugin-worker:nx/core/project-json' 212.97750000003725ms
Time taken for 'plugin worker 3672 code loading' 172.0881ms
[NX v22.6.4 Daemon Server] - 2026-04-10T15:07:51.902Z - [REQUEST]: Updated workspace context based on watched changes, recomputing project graph...
[NX v22.6.4 Daemon Server] - 2026-04-10T15:07:51.902Z - [REQUEST]: firebase-debug.log,functions/firebase-debug.log
[NX v22.6.4 Daemon Server] - 2026-04-10T15:07:51.902Z - [REQUEST]: 
[NX v22.6.4 Daemon Server] - 2026-04-10T15:07:51.903Z - Time taken for 'hash changed files from watcher' 0.6854999996721745ms
Time taken for 'nx/core/project-json:createNodes' 0.5201999999999884ms
Time taken for 'nx/core/package-json:createNodes' 0.7556999999999903ms
Time taken for 'nx/core/package-json:createNodes' 0.8818999999999733ms
[NX v22.6.4 Daemon Server] - 2026-04-10T15:07:51.980Z - Time taken for 'build-project-configs' 77.07949999999255ms
[NX v22.6.4 Daemon Server] - 2026-04-10T15:07:51.980Z - Time taken for 'createNodes:merge' 0.7328000003471971ms
Time taken for 'nx/js/dependencies-and-lockfile:createNodes' 6.009500000000003ms
Time taken for 'nx/js/dependencies-and-lockfile:createNodes' 6.089300000000037ms
[NX v22.6.4 Daemon Server] - 2026-04-10T15:07:51.987Z - Time taken for 'build-project-configs' 80.3468000004068ms
[NX v22.6.4 Daemon Server] - 2026-04-10T15:07:51.987Z - Time taken for 'createNodes:merge' 0.6616000002250075ms
[NX v22.6.4 Daemon Server] - 2026-04-10T15:07:51.987Z - Time taken for 'get-all-workspace-files' 0.032799999229609966ms
[NX v22.6.4 Daemon Server] - 2026-04-10T15:07:52.003Z - [SYNC]: collect registered sync generators
[NX v22.6.4 Daemon Server] - 2026-04-10T15:07:52.003Z - [SYNC]: project graph hash is the same, not collecting task sync generators
[NX v22.6.4 Daemon Server] - 2026-04-10T15:07:52.003Z - [SYNC]: nx.json hash is the same, not collecting global sync generators
[NX v22.6.4 Daemon Server] - 2026-04-10T15:07:52.004Z - Serializing response for PROJECT_GRAPH_UPDATED message in json mode
[NX v22.6.4 Daemon Server] - 2026-04-10T15:07:52.005Z - Responding to PROJECT_GRAPH_UPDATED message
[NX v22.6.4 Daemon Server] - 2026-04-10T15:07:52.005Z - [REQUEST]: Responding to the client. Project graph updated
[NX v22.6.4 Daemon Server] - 2026-04-10T15:07:52.006Z - [SYNC]: collect registered sync generators
[NX v22.6.4 Daemon Server] - 2026-04-10T15:07:52.006Z - [SYNC]: project graph hash is the same, not collecting task sync generators
[NX v22.6.4 Daemon Server] - 2026-04-10T15:07:52.006Z - [SYNC]: nx.json hash is the same, not collecting global sync generators
[NX v22.6.4 Daemon Server] - 2026-04-10T15:07:52.006Z - Serializing response for PROJECT_GRAPH_UPDATED message in json mode
[NX v22.6.4 Daemon Client] - 2026-04-10T15:07:52.007Z - [Messenger] Received message, length: 633984
[NX v22.6.4 Daemon Server] - 2026-04-10T15:07:52.008Z - Responding to PROJECT_GRAPH_UPDATED message
[NX v22.6.4 Daemon Server] - 2026-04-10T15:07:52.008Z - [REQUEST]: Responding to the client. Project graph updated
[NX v22.6.4 Daemon Server] - 2026-04-10T15:07:52.008Z - Time taken for 'total execution time for createProjectGraph()' 17.913600000552833ms
[NX v22.6.4 Daemon Server] - 2026-04-10T15:07:52.008Z - Time taken for 'createDependencies' 15.438099999912083ms
[NX v22.6.4 Daemon Server] - 2026-04-10T15:07:52.008Z - Time taken for 'nx/js/dependencies-and-lockfile:createDependencies' 15.378299999982119ms
[NX v22.6.4 Daemon Server] - 2026-04-10T15:07:52.008Z - Time taken for 'createMetadata' 0.011500000022351742ms
[NX v22.6.4 Daemon Server] - 2026-04-10T15:07:52.008Z - Time taken for 'serialize graph' 1.950199999846518ms
[NX v22.6.4 Daemon Server] - 2026-04-10T15:07:52.010Z - Done responding to the client Project graph updated
[NX v22.6.4 Daemon Server] - 2026-04-10T15:07:52.010Z - Handled json message PROJECT_GRAPH_UPDATED. Handling time: 0. Response time: 6.
[NX v22.6.4 Daemon Server] - 2026-04-10T15:07:52.010Z - Done responding to the client Project graph updated
[NX v22.6.4 Daemon Server] - 2026-04-10T15:07:52.010Z - Handled json message PROJECT_GRAPH_UPDATED. Handling time: 0. Response time: 4.
[NX v22.6.4 Daemon Client] - 2026-04-10T15:07:52.011Z - [Messenger] Received message, length: 633984
[NX v22.6.4 Daemon Server] - 2026-04-10T15:07:53.026Z - Established a connection. Number of open connections: 3
[NX v22.6.4 Daemon Client] - 2026-04-10T15:07:53.026Z - [Messenger] Sending message type: GET_CONTEXT_FILE_DATA
[NX v22.6.4 Daemon Server] - 2026-04-10T15:07:53.026Z - Closed a connection. Number of open connections: 2
[NX v22.6.4 Daemon Client] - 2026-04-10T15:07:53.027Z - [Messenger] Message sent
[NX v22.6.4 Daemon Server] - 2026-04-10T15:07:53.027Z - Received raw message of length 32
[NX v22.6.4 Daemon Server] - 2026-04-10T15:07:53.027Z - Received json message of type GET_CONTEXT_FILE_DATA
[NX v22.6.4 Daemon Server] - 2026-04-10T15:07:53.028Z - Serializing response for GET_CONTEXT_FILE_DATA message in json mode
[NX v22.6.4 Daemon Server] - 2026-04-10T15:07:53.028Z - Responding to GET_CONTEXT_FILE_DATA message
[NX v22.6.4 Daemon Server] - 2026-04-10T15:07:53.028Z - [REQUEST]: Responding to the client. handleContextFileData
[NX v22.6.4 Daemon Server] - 2026-04-10T15:07:53.028Z - Done responding to the client handleContextFileData
[NX v22.6.4 Daemon Server] - 2026-04-10T15:07:53.028Z - Handled json message GET_CONTEXT_FILE_DATA. Handling time: 1. Response time: 0.
[NX v22.6.4 Daemon Client] - 2026-04-10T15:07:53.028Z - [Messenger] Received message, length: 27060
[NX v22.6.4 Daemon Server] - 2026-04-10T15:07:53.187Z - Closed a connection. Number of open connections: 1
[NX v22.6.4 Daemon Client] - 2026-04-10T15:07:53.188Z - [ProjectGraphListener] Socket closed, triggering reconnection
[NX v22.6.4 Daemon Server] - 2026-04-10T15:07:53.189Z - Established a connection. Number of open connections: 2
[NX v22.6.4 Daemon Server] - 2026-04-10T15:07:53.190Z - Closed a connection. Number of open connections: 1
[NX v22.6.4 Daemon Client] - 2026-04-10T15:07:53.190Z - [Messenger] Setting up socket listeners
[NX v22.6.4 Daemon Server] - 2026-04-10T15:07:53.190Z - Established a connection. Number of open connections: 2
[NX v22.6.4 Daemon Client] - 2026-04-10T15:07:53.190Z - [Messenger] listen() complete
[NX v22.6.4 Daemon Client] - 2026-04-10T15:07:53.190Z - [Messenger] Sending message type: REGISTER_PROJECT_GRAPH_LISTENER
[NX v22.6.4 Daemon Client] - 2026-04-10T15:07:53.191Z - [Messenger] Message sent
[NX v22.6.4 Daemon Server] - 2026-04-10T15:07:53.191Z - Received raw message of length 42
[NX v22.6.4 Daemon Server] - 2026-04-10T15:07:53.191Z - Received json message of type REGISTER_PROJECT_GRAPH_LISTENER
[NX v22.6.4 Daemon Server] - 2026-04-10T15:08:02.561Z - [WATCHER]: Processing file changes in outputs
[NX v22.6.4 Daemon Server] - 2026-04-10T15:08:03.166Z - [WATCHER]: Processing file changes in outputs
[NX v22.6.4 Daemon Server] - 2026-04-10T15:08:03.167Z - [WATCHER]: functions/firebase-debug.log was deleted
[NX v22.6.4 Daemon Server] - 2026-04-10T15:08:03.167Z - [SYNC]: clearing sync generators cache due to file changes
[NX v22.6.4 Daemon Server] - 2026-04-10T15:08:03.573Z - [REQUEST]: Updated workspace context based on watched changes, recomputing project graph...
[NX v22.6.4 Daemon Server] - 2026-04-10T15:08:03.573Z - [REQUEST]: 
[NX v22.6.4 Daemon Server] - 2026-04-10T15:08:03.573Z - [REQUEST]: functions/firebase-debug.log
[NX v22.6.4 Daemon Server] - 2026-04-10T15:08:03.595Z - Time taken for 'hash changed files from watcher' 0.3876000000163913ms
Time taken for 'plugin worker 18492 code loading' 173.9391ms
Time taken for 'plugin worker 35160 code loading' 171.8512ms
Time taken for 'plugin worker 29116 code loading' 170.49699999999999ms
[NX v22.6.4 Daemon Server] - 2026-04-10T15:08:03.803Z - Time taken for 'start-plugin-worker:nx/js/dependencies-and-lockfile' 228.1127000004053ms
[NX v22.6.4 Daemon Server] - 2026-04-10T15:08:03.803Z - Time taken for 'start-plugin-worker:nx/core/package-json' 222.48049999959767ms
[NX v22.6.4 Daemon Server] - 2026-04-10T15:08:03.803Z - Time taken for 'start-plugin-worker:nx/core/project-json' 214.98550000041723ms
[NX v22.6.4 Daemon Server] - 2026-04-10T15:08:03.926Z - Time taken for 'build-project-configs' 347.60470000002533ms
[NX v22.6.4 Daemon Server] - 2026-04-10T15:08:03.927Z - Time taken for 'createNodes:merge' 0.7003999995067716ms
[NX v22.6.4 Daemon Server] - 2026-04-10T15:08:03.927Z - Time taken for 'get-all-workspace-files' 0.032500000670552254ms
Time taken for 'nx/js/dependencies-and-lockfile:createNodes' 8.109699999999975ms
[NX v22.6.4 Daemon Server] - 2026-04-10T15:08:03.940Z - [SYNC]: collect registered sync generators
[NX v22.6.4 Daemon Server] - 2026-04-10T15:08:03.940Z - [SYNC]: project graph hash is the same, not collecting task sync generators
[NX v22.6.4 Daemon Server] - 2026-04-10T15:08:03.940Z - [SYNC]: nx.json hash is the same, not collecting global sync generators
[NX v22.6.4 Daemon Server] - 2026-04-10T15:08:03.940Z - Serializing response for PROJECT_GRAPH_UPDATED message in json mode
[NX v22.6.4 Daemon Server] - 2026-04-10T15:08:03.943Z - Responding to PROJECT_GRAPH_UPDATED message
[NX v22.6.4 Daemon Server] - 2026-04-10T15:08:03.943Z - [REQUEST]: Responding to the client. Project graph updated
[NX v22.6.4 Daemon Server] - 2026-04-10T15:08:03.944Z - Time taken for 'total execution time for createProjectGraph()' 15.380099999718368ms
[NX v22.6.4 Daemon Server] - 2026-04-10T15:08:03.944Z - Time taken for 'createDependencies' 12.578999999910593ms
[NX v22.6.4 Daemon Server] - 2026-04-10T15:08:03.944Z - Time taken for 'nx/js/dependencies-and-lockfile:createDependencies' 12.504000000655651ms
[NX v22.6.4 Daemon Server] - 2026-04-10T15:08:03.944Z - Time taken for 'createMetadata' 0.01230000052601099ms
[NX v22.6.4 Daemon Server] - 2026-04-10T15:08:03.944Z - Time taken for 'serialize graph' 2.286899999715388ms
[NX v22.6.4 Daemon Server] - 2026-04-10T15:08:03.944Z - Done responding to the client Project graph updated
[NX v22.6.4 Daemon Server] - 2026-04-10T15:08:03.944Z - Handled json message PROJECT_GRAPH_UPDATED. Handling time: 0. Response time: 4.
[NX v22.6.4 Daemon Client] - 2026-04-10T15:08:03.945Z - [Messenger] Received message, length: 633984
[NX v22.6.4 Daemon Server] - 2026-04-10T15:08:04.958Z - Established a connection. Number of open connections: 3
[NX v22.6.4 Daemon Client] - 2026-04-10T15:08:04.958Z - [Messenger] Sending message type: GET_CONTEXT_FILE_DATA
[NX v22.6.4 Daemon Server] - 2026-04-10T15:08:04.958Z - Closed a connection. Number of open connections: 2
[NX v22.6.4 Daemon Client] - 2026-04-10T15:08:04.958Z - [Messenger] Message sent
[NX v22.6.4 Daemon Server] - 2026-04-10T15:08:04.958Z - Received raw message of length 32
[NX v22.6.4 Daemon Server] - 2026-04-10T15:08:04.958Z - Received json message of type GET_CONTEXT_FILE_DATA
[NX v22.6.4 Daemon Server] - 2026-04-10T15:08:04.959Z - Serializing response for GET_CONTEXT_FILE_DATA message in json mode
[NX v22.6.4 Daemon Server] - 2026-04-10T15:08:04.959Z - Responding to GET_CONTEXT_FILE_DATA message
[NX v22.6.4 Daemon Server] - 2026-04-10T15:08:04.959Z - [REQUEST]: Responding to the client. handleContextFileData
[NX v22.6.4 Daemon Server] - 2026-04-10T15:08:04.959Z - Done responding to the client handleContextFileData
[NX v22.6.4 Daemon Server] - 2026-04-10T15:08:04.959Z - Handled json message GET_CONTEXT_FILE_DATA. Handling time: 0. Response time: 0.
[NX v22.6.4 Daemon Client] - 2026-04-10T15:08:04.960Z - [Messenger] Received message, length: 26991
[NX v22.6.4 Daemon Server] - 2026-04-10T15:08:05.169Z - Closed a connection. Number of open connections: 1
[NX v22.6.4 Daemon Client] - 2026-04-10T15:08:05.170Z - [ProjectGraphListener] Socket closed, triggering reconnection
[NX v22.6.4 Daemon Server] - 2026-04-10T15:08:05.171Z - Established a connection. Number of open connections: 2
[NX v22.6.4 Daemon Server] - 2026-04-10T15:08:05.171Z - Closed a connection. Number of open connections: 1
[NX v22.6.4 Daemon Client] - 2026-04-10T15:08:05.171Z - [Messenger] Setting up socket listeners
[NX v22.6.4 Daemon Server] - 2026-04-10T15:08:05.171Z - Established a connection. Number of open connections: 2
[NX v22.6.4 Daemon Client] - 2026-04-10T15:08:05.172Z - [Messenger] listen() complete
[NX v22.6.4 Daemon Client] - 2026-04-10T15:08:05.172Z - [Messenger] Sending message type: REGISTER_PROJECT_GRAPH_LISTENER
[NX v22.6.4 Daemon Client] - 2026-04-10T15:08:05.172Z - [Messenger] Message sent
[NX v22.6.4 Daemon Server] - 2026-04-10T15:08:05.173Z - Received raw message of length 42
[NX v22.6.4 Daemon Server] - 2026-04-10T15:08:05.173Z - Received json message of type REGISTER_PROJECT_GRAPH_LISTENER
[NX v22.6.4 Daemon Server] - 2026-04-10T15:08:10.518Z - [WATCHER]: Processing file changes in outputs
[NX v22.6.4 Daemon Server] - 2026-04-10T15:08:10.518Z - [WATCHER]: firebase-debug.log was modified
[NX v22.6.4 Daemon Server] - 2026-04-10T15:08:10.518Z - [SYNC]: clearing sync generators cache due to file changes
[NX v22.6.4 Daemon Server] - 2026-04-10T15:08:11.327Z - [REQUEST]: Updated workspace context based on watched changes, recomputing project graph...
[NX v22.6.4 Daemon Server] - 2026-04-10T15:08:11.327Z - [REQUEST]: firebase-debug.log
[NX v22.6.4 Daemon Server] - 2026-04-10T15:08:11.327Z - [REQUEST]: 
[NX v22.6.4 Daemon Server] - 2026-04-10T15:08:11.352Z - Time taken for 'hash changed files from watcher' 0.7392999995499849ms
Time taken for 'plugin worker 33588 code loading' 159.23110000000003ms
Time taken for 'plugin worker 16056 code loading' 156.497ms
Time taken for 'plugin worker 2740 code loading' 151.7732ms
[NX v22.6.4 Daemon Server] - 2026-04-10T15:08:11.539Z - Time taken for 'start-plugin-worker:nx/core/project-json' 195.3241999996826ms
[NX v22.6.4 Daemon Server] - 2026-04-10T15:08:11.545Z - Time taken for 'start-plugin-worker:nx/js/dependencies-and-lockfile' 215.8098999997601ms
[NX v22.6.4 Daemon Server] - 2026-04-10T15:08:11.545Z - Time taken for 'start-plugin-worker:nx/core/package-json' 207.55680000036955ms
[NX v22.6.4 Daemon Server] - 2026-04-10T15:08:11.653Z - Time taken for 'build-project-configs' 320.30169999971986ms
[NX v22.6.4 Daemon Server] - 2026-04-10T15:08:11.653Z - Time taken for 'createNodes:merge' 0.6974999997764826ms
[NX v22.6.4 Daemon Server] - 2026-04-10T15:08:11.653Z - Time taken for 'get-all-workspace-files' 0.03280000016093254ms
Time taken for 'nx/js/dependencies-and-lockfile:createNodes' 8.586400000000026ms
[NX v22.6.4 Daemon Server] - 2026-04-10T15:08:11.670Z - [SYNC]: collect registered sync generators
[NX v22.6.4 Daemon Server] - 2026-04-10T15:08:11.670Z - [SYNC]: project graph hash is the same, not collecting task sync generators
[NX v22.6.4 Daemon Server] - 2026-04-10T15:08:11.670Z - [SYNC]: nx.json hash is the same, not collecting global sync generators
[NX v22.6.4 Daemon Server] - 2026-04-10T15:08:11.670Z - Serializing response for PROJECT_GRAPH_UPDATED message in json mode
[NX v22.6.4 Daemon Server] - 2026-04-10T15:08:11.672Z - Responding to PROJECT_GRAPH_UPDATED message
[NX v22.6.4 Daemon Server] - 2026-04-10T15:08:11.672Z - [REQUEST]: Responding to the client. Project graph updated
[NX v22.6.4 Daemon Server] - 2026-04-10T15:08:11.672Z - Time taken for 'total execution time for createProjectGraph()' 18.32949999999255ms
[NX v22.6.4 Daemon Server] - 2026-04-10T15:08:11.672Z - Time taken for 'createDependencies' 15.692599999718368ms
[NX v22.6.4 Daemon Server] - 2026-04-10T15:08:11.672Z - Time taken for 'nx/js/dependencies-and-lockfile:createDependencies' 15.62709999922663ms
[NX v22.6.4 Daemon Server] - 2026-04-10T15:08:11.672Z - Time taken for 'createMetadata' 0.011500000022351742ms
[NX v22.6.4 Daemon Server] - 2026-04-10T15:08:11.672Z - Time taken for 'serialize graph' 1.9168999996036291ms
[NX v22.6.4 Daemon Server] - 2026-04-10T15:08:11.673Z - Done responding to the client Project graph updated
[NX v22.6.4 Daemon Server] - 2026-04-10T15:08:11.673Z - Handled json message PROJECT_GRAPH_UPDATED. Handling time: 0. Response time: 3.
[NX v22.6.4 Daemon Client] - 2026-04-10T15:08:11.674Z - [Messenger] Received message, length: 633984
[NX v22.6.4 Daemon Server] - 2026-04-10T15:08:12.690Z - Established a connection. Number of open connections: 3
[NX v22.6.4 Daemon Client] - 2026-04-10T15:08:12.690Z - [Messenger] Sending message type: GET_CONTEXT_FILE_DATA
[NX v22.6.4 Daemon Server] - 2026-04-10T15:08:12.690Z - Closed a connection. Number of open connections: 2
[NX v22.6.4 Daemon Client] - 2026-04-10T15:08:12.691Z - [Messenger] Message sent
[NX v22.6.4 Daemon Server] - 2026-04-10T15:08:12.691Z - Received raw message of length 32
[NX v22.6.4 Daemon Server] - 2026-04-10T15:08:12.691Z - Received json message of type GET_CONTEXT_FILE_DATA
[NX v22.6.4 Daemon Server] - 2026-04-10T15:08:12.692Z - Serializing response for GET_CONTEXT_FILE_DATA message in json mode
[NX v22.6.4 Daemon Server] - 2026-04-10T15:08:12.692Z - Responding to GET_CONTEXT_FILE_DATA message
[NX v22.6.4 Daemon Server] - 2026-04-10T15:08:12.692Z - [REQUEST]: Responding to the client. handleContextFileData
[NX v22.6.4 Daemon Client] - 2026-04-10T15:08:12.692Z - [Messenger] Received message, length: 26990
[NX v22.6.4 Daemon Server] - 2026-04-10T15:08:12.693Z - Done responding to the client handleContextFileData
[NX v22.6.4 Daemon Server] - 2026-04-10T15:08:12.693Z - Handled json message GET_CONTEXT_FILE_DATA. Handling time: 1. Response time: 1.
[NX v22.6.4 Daemon Server] - 2026-04-10T15:08:12.868Z - Closed a connection. Number of open connections: 1
[NX v22.6.4 Daemon Client] - 2026-04-10T15:08:12.869Z - [ProjectGraphListener] Socket closed, triggering reconnection
[NX v22.6.4 Daemon Server] - 2026-04-10T15:08:12.870Z - Established a connection. Number of open connections: 2
[NX v22.6.4 Daemon Server] - 2026-04-10T15:08:12.870Z - Closed a connection. Number of open connections: 1
[NX v22.6.4 Daemon Client] - 2026-04-10T15:08:12.870Z - [Messenger] Setting up socket listeners
[NX v22.6.4 Daemon Server] - 2026-04-10T15:08:12.870Z - Established a connection. Number of open connections: 2
[NX v22.6.4 Daemon Client] - 2026-04-10T15:08:12.871Z - [Messenger] listen() complete
[NX v22.6.4 Daemon Client] - 2026-04-10T15:08:12.871Z - [Messenger] Sending message type: REGISTER_PROJECT_GRAPH_LISTENER
[NX v22.6.4 Daemon Client] - 2026-04-10T15:08:12.871Z - [Messenger] Message sent
[NX v22.6.4 Daemon Server] - 2026-04-10T15:08:12.871Z - Received raw message of length 42
[NX v22.6.4 Daemon Server] - 2026-04-10T15:08:12.871Z - Received json message of type REGISTER_PROJECT_GRAPH_LISTENER
[NX v22.6.4 Daemon Server] - 2026-04-10T15:11:49.486Z - [WATCHER]: firebase.json was modified
[NX v22.6.4 Daemon Server] - 2026-04-10T15:11:49.487Z - [SYNC]: clearing sync generators cache due to file changes
[NX v22.6.4 Daemon Server] - 2026-04-10T15:11:49.487Z - [WATCHER]: Processing file changes in outputs
[NX v22.6.4 Daemon Server] - 2026-04-10T15:11:51.091Z - [REQUEST]: Updated workspace context based on watched changes, recomputing project graph...
[NX v22.6.4 Daemon Server] - 2026-04-10T15:11:51.091Z - [REQUEST]: firebase.json
[NX v22.6.4 Daemon Server] - 2026-04-10T15:11:51.091Z - [REQUEST]: 
[NX v22.6.4 Daemon Server] - 2026-04-10T15:11:51.113Z - Time taken for 'hash changed files from watcher' 0.6122999992221594ms
Time taken for 'plugin worker 30504 code loading' 176.3652ms
[NX v22.6.4 Daemon Server] - 2026-04-10T15:11:51.317Z - Time taken for 'start-plugin-worker:nx/js/dependencies-and-lockfile' 225.25370000023395ms
Time taken for 'plugin worker 32284 code loading' 176.16039999999998ms
Time taken for 'plugin worker 6432 code loading' 174.3098ms
[NX v22.6.4 Daemon Server] - 2026-04-10T15:11:51.338Z - Time taken for 'start-plugin-worker:nx/core/package-json' 239.44029999990016ms
[NX v22.6.4 Daemon Server] - 2026-04-10T15:11:51.338Z - Time taken for 'start-plugin-worker:nx/core/project-json' 232.0932999998331ms
[NX v22.6.4 Daemon Server] - 2026-04-10T15:11:51.437Z - Time taken for 'build-project-configs' 340.6337999999523ms
[NX v22.6.4 Daemon Server] - 2026-04-10T15:11:51.437Z - Time taken for 'createNodes:merge' 0.8389999996870756ms
[NX v22.6.4 Daemon Server] - 2026-04-10T15:11:51.437Z - Time taken for 'get-all-workspace-files' 0.05910000018775463ms
Time taken for 'nx/js/dependencies-and-lockfile:createNodes' 10.206899999999962ms
[NX v22.6.4 Daemon Server] - 2026-04-10T15:11:51.455Z - [SYNC]: collect registered sync generators
[NX v22.6.4 Daemon Server] - 2026-04-10T15:11:51.455Z - [SYNC]: project graph hash is the same, not collecting task sync generators
[NX v22.6.4 Daemon Server] - 2026-04-10T15:11:51.455Z - [SYNC]: nx.json hash is the same, not collecting global sync generators
[NX v22.6.4 Daemon Server] - 2026-04-10T15:11:51.455Z - Serializing response for PROJECT_GRAPH_UPDATED message in json mode
[NX v22.6.4 Daemon Server] - 2026-04-10T15:11:51.457Z - Responding to PROJECT_GRAPH_UPDATED message
[NX v22.6.4 Daemon Server] - 2026-04-10T15:11:51.457Z - [REQUEST]: Responding to the client. Project graph updated
[NX v22.6.4 Daemon Server] - 2026-04-10T15:11:51.458Z - Time taken for 'total execution time for createProjectGraph()' 20.45409999974072ms
[NX v22.6.4 Daemon Server] - 2026-04-10T15:11:51.458Z - Time taken for 'createDependencies' 17.417799999937415ms
[NX v22.6.4 Daemon Server] - 2026-04-10T15:11:51.458Z - Time taken for 'nx/js/dependencies-and-lockfile:createDependencies' 17.343700000084937ms
[NX v22.6.4 Daemon Server] - 2026-04-10T15:11:51.458Z - Time taken for 'createMetadata' 0.013700000010430813ms
[NX v22.6.4 Daemon Server] - 2026-04-10T15:11:51.458Z - Time taken for 'serialize graph' 2.020899999886751ms
[NX v22.6.4 Daemon Server] - 2026-04-10T15:11:51.458Z - Done responding to the client Project graph updated
[NX v22.6.4 Daemon Server] - 2026-04-10T15:11:51.458Z - Handled json message PROJECT_GRAPH_UPDATED. Handling time: 0. Response time: 3.
[NX v22.6.4 Daemon Client] - 2026-04-10T15:11:51.458Z - [Messenger] Received message, length: 633984
[NX v22.6.4 Daemon Server] - 2026-04-10T15:11:52.473Z - Established a connection. Number of open connections: 3
[NX v22.6.4 Daemon Client] - 2026-04-10T15:11:52.473Z - [Messenger] Sending message type: GET_CONTEXT_FILE_DATA
[NX v22.6.4 Daemon Server] - 2026-04-10T15:11:52.473Z - Closed a connection. Number of open connections: 2
[NX v22.6.4 Daemon Client] - 2026-04-10T15:11:52.473Z - [Messenger] Message sent
[NX v22.6.4 Daemon Server] - 2026-04-10T15:11:52.474Z - Received raw message of length 32
[NX v22.6.4 Daemon Server] - 2026-04-10T15:11:52.474Z - Received json message of type GET_CONTEXT_FILE_DATA
[NX v22.6.4 Daemon Server] - 2026-04-10T15:11:52.474Z - Serializing response for GET_CONTEXT_FILE_DATA message in json mode
[NX v22.6.4 Daemon Server] - 2026-04-10T15:11:52.474Z - Responding to GET_CONTEXT_FILE_DATA message
[NX v22.6.4 Daemon Server] - 2026-04-10T15:11:52.474Z - [REQUEST]: Responding to the client. handleContextFileData
[NX v22.6.4 Daemon Server] - 2026-04-10T15:11:52.475Z - Done responding to the client handleContextFileData
[NX v22.6.4 Daemon Server] - 2026-04-10T15:11:52.475Z - Handled json message GET_CONTEXT_FILE_DATA. Handling time: 0. Response time: 1.
[NX v22.6.4 Daemon Client] - 2026-04-10T15:11:52.474Z - [Messenger] Received message, length: 26991
[NX v22.6.4 Daemon Server] - 2026-04-10T15:11:52.659Z - Closed a connection. Number of open connections: 1
[NX v22.6.4 Daemon Client] - 2026-04-10T15:11:52.659Z - [ProjectGraphListener] Socket closed, triggering reconnection
[NX v22.6.4 Daemon Server] - 2026-04-10T15:11:52.661Z - Established a connection. Number of open connections: 2
[NX v22.6.4 Daemon Server] - 2026-04-10T15:11:52.661Z - Closed a connection. Number of open connections: 1
[NX v22.6.4 Daemon Client] - 2026-04-10T15:11:52.661Z - [Messenger] Setting up socket listeners
[NX v22.6.4 Daemon Server] - 2026-04-10T15:11:52.661Z - Established a connection. Number of open connections: 2
[NX v22.6.4 Daemon Client] - 2026-04-10T15:11:52.661Z - [Messenger] listen() complete
[NX v22.6.4 Daemon Client] - 2026-04-10T15:11:52.661Z - [Messenger] Sending message type: REGISTER_PROJECT_GRAPH_LISTENER
[NX v22.6.4 Daemon Client] - 2026-04-10T15:11:52.661Z - [Messenger] Message sent
[NX v22.6.4 Daemon Server] - 2026-04-10T15:11:52.662Z - Received raw message of length 42
[NX v22.6.4 Daemon Server] - 2026-04-10T15:11:52.662Z - Received json message of type REGISTER_PROJECT_GRAPH_LISTENER
[NX v22.6.4 Daemon Server] - 2026-04-10T15:12:04.698Z - [WATCHER]: Processing file changes in outputs
[NX v22.6.4 Daemon Server] - 2026-04-10T15:12:04.698Z - [WATCHER]: functions/src/index.ts was modified
[NX v22.6.4 Daemon Server] - 2026-04-10T15:12:04.698Z - [SYNC]: clearing sync generators cache due to file changes
[NX v22.6.4 Daemon Server] - 2026-04-10T15:12:06.017Z - [WATCHER]: Processing file changes in outputs
[NX v22.6.4 Daemon Server] - 2026-04-10T15:12:06.017Z - [WATCHER]: firebase-debug.log was modified
[NX v22.6.4 Daemon Server] - 2026-04-10T15:12:06.018Z - [SYNC]: clearing sync generators cache due to file changes
[NX v22.6.4 Daemon Server] - 2026-04-10T15:12:07.918Z - [REQUEST]: Updated workspace context based on watched changes, recomputing project graph...
[NX v22.6.4 Daemon Server] - 2026-04-10T15:12:07.918Z - [REQUEST]: functions/src/index.ts,firebase-debug.log
[NX v22.6.4 Daemon Server] - 2026-04-10T15:12:07.918Z - [REQUEST]: 
[NX v22.6.4 Daemon Server] - 2026-04-10T15:12:07.941Z - Time taken for 'hash changed files from watcher' 13.876900000497699ms
[NX v22.6.4 Daemon Server] - 2026-04-10T15:12:07.981Z - [WATCHER]: Processing file changes in outputs
[NX v22.6.4 Daemon Server] - 2026-04-10T15:12:07.981Z - [WATCHER]: firebase-debug.log was modified
[NX v22.6.4 Daemon Server] - 2026-04-10T15:12:07.981Z - [SYNC]: clearing sync generators cache due to file changes
Time taken for 'plugin worker 14736 code loading' 191.437ms
Time taken for 'plugin worker 26580 code loading' 188.968ms
[NX v22.6.4 Daemon Server] - 2026-04-10T15:12:08.165Z - Time taken for 'start-plugin-worker:nx/js/dependencies-and-lockfile' 246.6097999997437ms
[NX v22.6.4 Daemon Server] - 2026-04-10T15:12:08.165Z - Time taken for 'start-plugin-worker:nx/core/package-json' 239.47130000032485ms
Time taken for 'plugin worker 21072 code loading' 191.7458ms
[NX v22.6.4 Daemon Server] - 2026-04-10T15:12:08.187Z - Time taken for 'start-plugin-worker:nx/core/project-json' 253.40049999952316ms
[NX v22.6.4 Daemon Server] - 2026-04-10T15:12:08.289Z - Time taken for 'build-project-configs' 365.9941999996081ms
[NX v22.6.4 Daemon Server] - 2026-04-10T15:12:08.289Z - Time taken for 'createNodes:merge' 0.7443000003695488ms
[NX v22.6.4 Daemon Server] - 2026-04-10T15:12:08.289Z - Time taken for 'get-all-workspace-files' 0.09300000034272671ms
Time taken for 'nx/js/dependencies-and-lockfile:createNodes' 10.199099999999987ms
[NX v22.6.4 Daemon Server] - 2026-04-10T15:12:08.327Z - [WATCHER]: Processing file changes in outputs
[NX v22.6.4 Daemon Server] - 2026-04-10T15:12:08.327Z - [WATCHER]: firebase-debug.log was modified
[NX v22.6.4 Daemon Server] - 2026-04-10T15:12:08.327Z - [SYNC]: clearing sync generators cache due to file changes
[NX v22.6.4 Daemon Server] - 2026-04-10T15:12:08.473Z - [SYNC]: collect registered sync generators
[NX v22.6.4 Daemon Server] - 2026-04-10T15:12:08.473Z - [SYNC]: project graph hash is the same, not collecting task sync generators
[NX v22.6.4 Daemon Server] - 2026-04-10T15:12:08.473Z - [SYNC]: nx.json hash is the same, not collecting global sync generators
[NX v22.6.4 Daemon Server] - 2026-04-10T15:12:08.473Z - Serializing response for PROJECT_GRAPH_UPDATED message in json mode
[NX v22.6.4 Daemon Server] - 2026-04-10T15:12:08.475Z - Responding to PROJECT_GRAPH_UPDATED message
[NX v22.6.4 Daemon Server] - 2026-04-10T15:12:08.475Z - [REQUEST]: Responding to the client. Project graph updated
[NX v22.6.4 Daemon Server] - 2026-04-10T15:12:08.476Z - Time taken for 'total execution time for createProjectGraph()' 185.4339000005275ms
[NX v22.6.4 Daemon Server] - 2026-04-10T15:12:08.476Z - Time taken for 'createDependencies' 182.81010000035167ms
[NX v22.6.4 Daemon Server] - 2026-04-10T15:12:08.476Z - Time taken for 'nx/js/dependencies-and-lockfile:createDependencies' 182.69739999994636ms
[NX v22.6.4 Daemon Server] - 2026-04-10T15:12:08.476Z - Time taken for 'createMetadata' 0.016800000332295895ms
[NX v22.6.4 Daemon Server] - 2026-04-10T15:12:08.476Z - Time taken for 'serialize graph' 2.6123999999836087ms
[NX v22.6.4 Daemon Server] - 2026-04-10T15:12:08.477Z - Done responding to the client Project graph updated
[NX v22.6.4 Daemon Server] - 2026-04-10T15:12:08.477Z - Handled json message PROJECT_GRAPH_UPDATED. Handling time: 0. Response time: 4.
[NX v22.6.4 Daemon Client] - 2026-04-10T15:12:08.477Z - [Messenger] Received message, length: 633984
[NX v22.6.4 Daemon Server] - 2026-04-10T15:12:09.493Z - Established a connection. Number of open connections: 3
[NX v22.6.4 Daemon Server] - 2026-04-10T15:12:09.494Z - Closed a connection. Number of open connections: 2
[NX v22.6.4 Daemon Client] - 2026-04-10T15:12:09.493Z - [Messenger] Sending message type: GET_CONTEXT_FILE_DATA
[NX v22.6.4 Daemon Client] - 2026-04-10T15:12:09.494Z - [Messenger] Message sent
[NX v22.6.4 Daemon Server] - 2026-04-10T15:12:09.494Z - Received raw message of length 32
[NX v22.6.4 Daemon Server] - 2026-04-10T15:12:09.494Z - Received json message of type GET_CONTEXT_FILE_DATA
[NX v22.6.4 Daemon Server] - 2026-04-10T15:12:09.495Z - Serializing response for GET_CONTEXT_FILE_DATA message in json mode
[NX v22.6.4 Daemon Server] - 2026-04-10T15:12:09.495Z - Responding to GET_CONTEXT_FILE_DATA message
[NX v22.6.4 Daemon Server] - 2026-04-10T15:12:09.496Z - [REQUEST]: Responding to the client. handleContextFileData
[NX v22.6.4 Daemon Server] - 2026-04-10T15:12:09.496Z - Done responding to the client handleContextFileData
[NX v22.6.4 Daemon Server] - 2026-04-10T15:12:09.496Z - Handled json message GET_CONTEXT_FILE_DATA. Handling time: 1. Response time: 1.
[NX v22.6.4 Daemon Client] - 2026-04-10T15:12:09.496Z - [Messenger] Received message, length: 26992
[NX v22.6.4 Daemon Server] - 2026-04-10T15:12:09.657Z - Closed a connection. Number of open connections: 1
[NX v22.6.4 Daemon Client] - 2026-04-10T15:12:09.657Z - [ProjectGraphListener] Socket closed, triggering reconnection
[NX v22.6.4 Daemon Server] - 2026-04-10T15:12:09.659Z - Established a connection. Number of open connections: 2
[NX v22.6.4 Daemon Server] - 2026-04-10T15:12:09.659Z - Closed a connection. Number of open connections: 1
[NX v22.6.4 Daemon Client] - 2026-04-10T15:12:09.659Z - [Messenger] Setting up socket listeners
[NX v22.6.4 Daemon Server] - 2026-04-10T15:12:09.659Z - Established a connection. Number of open connections: 2
[NX v22.6.4 Daemon Client] - 2026-04-10T15:12:09.659Z - [Messenger] listen() complete
[NX v22.6.4 Daemon Client] - 2026-04-10T15:12:09.659Z - [Messenger] Sending message type: REGISTER_PROJECT_GRAPH_LISTENER
[NX v22.6.4 Daemon Client] - 2026-04-10T15:12:09.660Z - [Messenger] Message sent
[NX v22.6.4 Daemon Server] - 2026-04-10T15:12:09.661Z - Received raw message of length 42
[NX v22.6.4 Daemon Server] - 2026-04-10T15:12:09.661Z - Received json message of type REGISTER_PROJECT_GRAPH_LISTENER
[NX v22.6.4 Daemon Server] - 2026-04-10T15:12:11.905Z - [WATCHER]: functions/src/index.ts was modified
[NX v22.6.4 Daemon Server] - 2026-04-10T15:12:11.906Z - [SYNC]: clearing sync generators cache due to file changes
[NX v22.6.4 Daemon Server] - 2026-04-10T15:12:11.906Z - [WATCHER]: Processing file changes in outputs
[NX v22.6.4 Daemon Server] - 2026-04-10T15:12:14.396Z - [REQUEST]: Updated workspace context based on watched changes, recomputing project graph...
[NX v22.6.4 Daemon Server] - 2026-04-10T15:12:14.396Z - [REQUEST]: firebase-debug.log,functions/src/index.ts
[NX v22.6.4 Daemon Server] - 2026-04-10T15:12:14.396Z - [REQUEST]: 
[NX v22.6.4 Daemon Server] - 2026-04-10T15:12:14.418Z - Time taken for 'hash changed files from watcher' 12.171500000171363ms
[NX v22.6.4 Daemon Server] - 2026-04-10T15:12:14.460Z - [WATCHER]: Processing file changes in outputs
[NX v22.6.4 Daemon Server] - 2026-04-10T15:12:14.460Z - [WATCHER]: firebase-debug.log was modified
[NX v22.6.4 Daemon Server] - 2026-04-10T15:12:14.460Z - [SYNC]: clearing sync generators cache due to file changes
Time taken for 'plugin worker 16904 code loading' 162.4244ms
Time taken for 'plugin worker 30616 code loading' 168.2532ms
[NX v22.6.4 Daemon Server] - 2026-04-10T15:12:14.616Z - Time taken for 'start-plugin-worker:nx/js/dependencies-and-lockfile' 218.89790000021458ms
[NX v22.6.4 Daemon Server] - 2026-04-10T15:12:14.616Z - Time taken for 'start-plugin-worker:nx/core/package-json' 211.78760000038892ms
Time taken for 'plugin worker 33544 code loading' 166.46929999999998ms
[NX v22.6.4 Daemon Server] - 2026-04-10T15:12:14.631Z - Time taken for 'start-plugin-worker:nx/core/project-json' 219.9261999996379ms
[NX v22.6.4 Daemon Server] - 2026-04-10T15:12:14.742Z - Time taken for 'build-project-configs' 341.35510000027716ms
[NX v22.6.4 Daemon Server] - 2026-04-10T15:12:14.742Z - Time taken for 'createNodes:merge' 0.9088000003248453ms
[NX v22.6.4 Daemon Server] - 2026-04-10T15:12:14.742Z - Time taken for 'get-all-workspace-files' 0.03720000013709068ms
Time taken for 'nx/js/dependencies-and-lockfile:createNodes' 10.113ms
[NX v22.6.4 Daemon Server] - 2026-04-10T15:12:14.939Z - [SYNC]: collect registered sync generators
[NX v22.6.4 Daemon Server] - 2026-04-10T15:12:14.939Z - [SYNC]: project graph hash is the same, not collecting task sync generators
[NX v22.6.4 Daemon Server] - 2026-04-10T15:12:14.939Z - [SYNC]: nx.json hash is the same, not collecting global sync generators
[NX v22.6.4 Daemon Server] - 2026-04-10T15:12:14.939Z - Serializing response for PROJECT_GRAPH_UPDATED message in json mode
[NX v22.6.4 Daemon Server] - 2026-04-10T15:12:14.941Z - Responding to PROJECT_GRAPH_UPDATED message
[NX v22.6.4 Daemon Server] - 2026-04-10T15:12:14.941Z - [REQUEST]: Responding to the client. Project graph updated
[NX v22.6.4 Daemon Server] - 2026-04-10T15:12:14.941Z - Time taken for 'total execution time for createProjectGraph()' 198.1152000008151ms
[NX v22.6.4 Daemon Server] - 2026-04-10T15:12:14.941Z - Time taken for 'createDependencies' 195.5793999992311ms
[NX v22.6.4 Daemon Server] - 2026-04-10T15:12:14.941Z - Time taken for 'nx/js/dependencies-and-lockfile:createDependencies' 195.49149999953806ms
[NX v22.6.4 Daemon Server] - 2026-04-10T15:12:14.941Z - Time taken for 'createMetadata' 0.015200000256299973ms
[NX v22.6.4 Daemon Server] - 2026-04-10T15:12:14.941Z - Time taken for 'serialize graph' 2.1337000001221895ms
[NX v22.6.4 Daemon Server] - 2026-04-10T15:12:14.942Z - Done responding to the client Project graph updated
[NX v22.6.4 Daemon Server] - 2026-04-10T15:12:14.942Z - Handled json message PROJECT_GRAPH_UPDATED. Handling time: 0. Response time: 3.
[NX v22.6.4 Daemon Client] - 2026-04-10T15:12:14.942Z - [Messenger] Received message, length: 633984
[NX v22.6.4 Daemon Server] - 2026-04-10T15:12:15.537Z - [WATCHER]: firebase-debug.log was modified
[NX v22.6.4 Daemon Server] - 2026-04-10T15:12:15.537Z - [SYNC]: clearing sync generators cache due to file changes
[NX v22.6.4 Daemon Server] - 2026-04-10T15:12:15.538Z - [WATCHER]: Processing file changes in outputs
[NX v22.6.4 Daemon Server] - 2026-04-10T15:12:15.959Z - Established a connection. Number of open connections: 3
[NX v22.6.4 Daemon Client] - 2026-04-10T15:12:15.959Z - [Messenger] Sending message type: GET_CONTEXT_FILE_DATA
[NX v22.6.4 Daemon Server] - 2026-04-10T15:12:15.959Z - Closed a connection. Number of open connections: 2
[NX v22.6.4 Daemon Client] - 2026-04-10T15:12:15.959Z - [Messenger] Message sent
[NX v22.6.4 Daemon Server] - 2026-04-10T15:12:15.960Z - Received raw message of length 32
[NX v22.6.4 Daemon Server] - 2026-04-10T15:12:15.960Z - Received json message of type GET_CONTEXT_FILE_DATA
[NX v22.6.4 Daemon Server] - 2026-04-10T15:12:15.960Z - Serializing response for GET_CONTEXT_FILE_DATA message in json mode
[NX v22.6.4 Daemon Server] - 2026-04-10T15:12:15.960Z - Responding to GET_CONTEXT_FILE_DATA message
[NX v22.6.4 Daemon Server] - 2026-04-10T15:12:15.960Z - [REQUEST]: Responding to the client. handleContextFileData
[NX v22.6.4 Daemon Server] - 2026-04-10T15:12:15.960Z - Done responding to the client handleContextFileData
[NX v22.6.4 Daemon Server] - 2026-04-10T15:12:15.960Z - Handled json message GET_CONTEXT_FILE_DATA. Handling time: 0. Response time: 0.
[NX v22.6.4 Daemon Client] - 2026-04-10T15:12:15.960Z - [Messenger] Received message, length: 26993
[NX v22.6.4 Daemon Server] - 2026-04-10T15:12:16.158Z - Closed a connection. Number of open connections: 1
[NX v22.6.4 Daemon Client] - 2026-04-10T15:12:16.157Z - [ProjectGraphListener] Socket closed, triggering reconnection
[NX v22.6.4 Daemon Server] - 2026-04-10T15:12:16.159Z - Established a connection. Number of open connections: 2
[NX v22.6.4 Daemon Client] - 2026-04-10T15:12:16.159Z - [Messenger] Setting up socket listeners
[NX v22.6.4 Daemon Server] - 2026-04-10T15:12:16.159Z - Closed a connection. Number of open connections: 1
[NX v22.6.4 Daemon Server] - 2026-04-10T15:12:16.160Z - Established a connection. Number of open connections: 2
[NX v22.6.4 Daemon Client] - 2026-04-10T15:12:16.159Z - [Messenger] listen() complete
[NX v22.6.4 Daemon Client] - 2026-04-10T15:12:16.160Z - [Messenger] Sending message type: REGISTER_PROJECT_GRAPH_LISTENER
[NX v22.6.4 Daemon Client] - 2026-04-10T15:12:16.160Z - [Messenger] Message sent
[NX v22.6.4 Daemon Server] - 2026-04-10T15:12:16.161Z - Received raw message of length 42
[NX v22.6.4 Daemon Server] - 2026-04-10T15:12:16.161Z - Received json message of type REGISTER_PROJECT_GRAPH_LISTENER
[NX v22.6.4 Daemon Server] - 2026-04-10T15:12:17.060Z - [WATCHER]: Processing file changes in outputs
[NX v22.6.4 Daemon Server] - 2026-04-10T15:12:17.061Z - [WATCHER]: functions/src/index.ts was modified
[NX v22.6.4 Daemon Server] - 2026-04-10T15:12:17.061Z - [SYNC]: clearing sync generators cache due to file changes
[NX v22.6.4 Daemon Server] - 2026-04-10T15:12:20.876Z - [REQUEST]: Updated workspace context based on watched changes, recomputing project graph...
[NX v22.6.4 Daemon Server] - 2026-04-10T15:12:20.876Z - [REQUEST]: firebase-debug.log,functions/src/index.ts
[NX v22.6.4 Daemon Server] - 2026-04-10T15:12:20.876Z - [REQUEST]: 
[NX v22.6.4 Daemon Server] - 2026-04-10T15:12:20.898Z - Time taken for 'hash changed files from watcher' 8.932699999772012ms
[NX v22.6.4 Daemon Server] - 2026-04-10T15:12:20.930Z - [WATCHER]: Processing file changes in outputs
[NX v22.6.4 Daemon Server] - 2026-04-10T15:12:20.930Z - [WATCHER]: firebase-debug.log was modified
[NX v22.6.4 Daemon Server] - 2026-04-10T15:12:20.930Z - [SYNC]: clearing sync generators cache due to file changes
Time taken for 'plugin worker 19720 code loading' 161.126ms
[NX v22.6.4 Daemon Server] - 2026-04-10T15:12:21.083Z - Time taken for 'start-plugin-worker:nx/js/dependencies-and-lockfile' 204.61359999980778ms
[NX v22.6.4 Daemon Server] - 2026-04-10T15:12:21.083Z - Time taken for 'start-plugin-worker:nx/core/package-json' 197.8908999999985ms
Time taken for 'plugin worker 12516 code loading' 156.8093ms
Time taken for 'plugin worker 604 code loading' 155.6216ms
[NX v22.6.4 Daemon Server] - 2026-04-10T15:12:21.100Z - Time taken for 'start-plugin-worker:nx/core/project-json' 209.44909999985248ms
[NX v22.6.4 Daemon Server] - 2026-04-10T15:12:21.210Z - Time taken for 'build-project-configs' 327.04619999974966ms
[NX v22.6.4 Daemon Server] - 2026-04-10T15:12:21.210Z - Time taken for 'createNodes:merge' 0.7498999992385507ms
[NX v22.6.4 Daemon Server] - 2026-04-10T15:12:21.210Z - Time taken for 'get-all-workspace-files' 0.044999999925494194ms
Time taken for 'nx/js/dependencies-and-lockfile:createNodes' 10.807900000000018ms
[NX v22.6.4 Daemon Server] - 2026-04-10T15:12:21.408Z - [SYNC]: collect registered sync generators
[NX v22.6.4 Daemon Server] - 2026-04-10T15:12:21.409Z - [SYNC]: project graph hash is the same, not collecting task sync generators
[NX v22.6.4 Daemon Server] - 2026-04-10T15:12:21.409Z - [SYNC]: nx.json hash is the same, not collecting global sync generators
[NX v22.6.4 Daemon Server] - 2026-04-10T15:12:21.409Z - Serializing response for PROJECT_GRAPH_UPDATED message in json mode
[NX v22.6.4 Daemon Server] - 2026-04-10T15:12:21.411Z - Responding to PROJECT_GRAPH_UPDATED message
[NX v22.6.4 Daemon Server] - 2026-04-10T15:12:21.411Z - [REQUEST]: Responding to the client. Project graph updated
[NX v22.6.4 Daemon Server] - 2026-04-10T15:12:21.412Z - Time taken for 'total execution time for createProjectGraph()' 201.28280000016093ms
[NX v22.6.4 Daemon Server] - 2026-04-10T15:12:21.412Z - Time taken for 'createDependencies' 198.15840000007302ms
[NX v22.6.4 Daemon Server] - 2026-04-10T15:12:21.412Z - Time taken for 'nx/js/dependencies-and-lockfile:createDependencies' 198.07269999943674ms
[NX v22.6.4 Daemon Server] - 2026-04-10T15:12:21.412Z - Time taken for 'createMetadata' 0.012899999506771564ms
[NX v22.6.4 Daemon Server] - 2026-04-10T15:12:21.412Z - Time taken for 'serialize graph' 1.8254000004380941ms
[NX v22.6.4 Daemon Server] - 2026-04-10T15:12:21.413Z - Done responding to the client Project graph updated
[NX v22.6.4 Daemon Server] - 2026-04-10T15:12:21.413Z - Handled json message PROJECT_GRAPH_UPDATED. Handling time: 0. Response time: 4.
[NX v22.6.4 Daemon Client] - 2026-04-10T15:12:21.413Z - [Messenger] Received message, length: 633984
[NX v22.6.4 Daemon Server] - 2026-04-10T15:12:22.425Z - Established a connection. Number of open connections: 3
[NX v22.6.4 Daemon Client] - 2026-04-10T15:12:22.425Z - [Messenger] Sending message type: GET_CONTEXT_FILE_DATA
[NX v22.6.4 Daemon Server] - 2026-04-10T15:12:22.425Z - Closed a connection. Number of open connections: 2
[NX v22.6.4 Daemon Client] - 2026-04-10T15:12:22.425Z - [Messenger] Message sent
[NX v22.6.4 Daemon Server] - 2026-04-10T15:12:22.425Z - Received raw message of length 32
[NX v22.6.4 Daemon Server] - 2026-04-10T15:12:22.426Z - Received json message of type GET_CONTEXT_FILE_DATA
[NX v22.6.4 Daemon Server] - 2026-04-10T15:12:22.426Z - Serializing response for GET_CONTEXT_FILE_DATA message in json mode
[NX v22.6.4 Daemon Server] - 2026-04-10T15:12:22.426Z - Responding to GET_CONTEXT_FILE_DATA message
[NX v22.6.4 Daemon Server] - 2026-04-10T15:12:22.426Z - [REQUEST]: Responding to the client. handleContextFileData
[NX v22.6.4 Daemon Client] - 2026-04-10T15:12:22.426Z - [Messenger] Received message, length: 26993
[NX v22.6.4 Daemon Server] - 2026-04-10T15:12:22.427Z - Done responding to the client handleContextFileData
[NX v22.6.4 Daemon Server] - 2026-04-10T15:12:22.428Z - Handled json message GET_CONTEXT_FILE_DATA. Handling time: 0. Response time: 2.
[NX v22.6.4 Daemon Server] - 2026-04-10T15:12:22.612Z - Closed a connection. Number of open connections: 1
[NX v22.6.4 Daemon Client] - 2026-04-10T15:12:22.612Z - [ProjectGraphListener] Socket closed, triggering reconnection
[NX v22.6.4 Daemon Server] - 2026-04-10T15:12:22.613Z - Established a connection. Number of open connections: 2
[NX v22.6.4 Daemon Server] - 2026-04-10T15:12:22.613Z - Closed a connection. Number of open connections: 1
[NX v22.6.4 Daemon Server] - 2026-04-10T15:12:22.614Z - Established a connection. Number of open connections: 2
[NX v22.6.4 Daemon Client] - 2026-04-10T15:12:22.613Z - [Messenger] Setting up socket listeners
[NX v22.6.4 Daemon Client] - 2026-04-10T15:12:22.614Z - [Messenger] listen() complete
[NX v22.6.4 Daemon Client] - 2026-04-10T15:12:22.614Z - [Messenger] Sending message type: REGISTER_PROJECT_GRAPH_LISTENER
[NX v22.6.4 Daemon Client] - 2026-04-10T15:12:22.614Z - [Messenger] Message sent
[NX v22.6.4 Daemon Server] - 2026-04-10T15:12:22.615Z - Received raw message of length 42
[NX v22.6.4 Daemon Server] - 2026-04-10T15:12:22.615Z - Received json message of type REGISTER_PROJECT_GRAPH_LISTENER
[NX v22.6.4 Daemon Server] - 2026-04-10T15:12:24.396Z - [WATCHER]: Processing file changes in outputs
[NX v22.6.4 Daemon Server] - 2026-04-10T15:12:24.397Z - [WATCHER]: firebase-debug.log was modified
[NX v22.6.4 Daemon Server] - 2026-04-10T15:12:24.397Z - [SYNC]: clearing sync generators cache due to file changes
[NX v22.6.4 Daemon Server] - 2026-04-10T15:12:27.337Z - [REQUEST]: Updated workspace context based on watched changes, recomputing project graph...
[NX v22.6.4 Daemon Server] - 2026-04-10T15:12:27.337Z - [REQUEST]: firebase-debug.log
[NX v22.6.4 Daemon Server] - 2026-04-10T15:12:27.337Z - [REQUEST]: 
[NX v22.6.4 Daemon Server] - 2026-04-10T15:12:27.360Z - Time taken for 'hash changed files from watcher' 0.5098000001162291ms
Time taken for 'plugin worker 13368 code loading' 166.2916ms
[NX v22.6.4 Daemon Server] - 2026-04-10T15:12:27.555Z - Time taken for 'start-plugin-worker:nx/js/dependencies-and-lockfile' 217.29209999926388ms
Time taken for 'plugin worker 34760 code loading' 165.5888ms
Time taken for 'plugin worker 1736 code loading' 159.0666ms
[NX v22.6.4 Daemon Server] - 2026-04-10T15:12:27.572Z - Time taken for 'start-plugin-worker:nx/core/package-json' 227.95000000018626ms
[NX v22.6.4 Daemon Server] - 2026-04-10T15:12:27.572Z - Time taken for 'start-plugin-worker:nx/core/project-json' 219.69610000029206ms
[NX v22.6.4 Daemon Server] - 2026-04-10T15:12:27.679Z - Time taken for 'build-project-configs' 336.04999999981374ms
[NX v22.6.4 Daemon Server] - 2026-04-10T15:12:27.679Z - Time taken for 'createNodes:merge' 0.7587999999523163ms
[NX v22.6.4 Daemon Server] - 2026-04-10T15:12:27.679Z - Time taken for 'get-all-workspace-files' 0.033200000412762165ms
Time taken for 'nx/js/dependencies-and-lockfile:createNodes' 10.013499999999965ms
[NX v22.6.4 Daemon Server] - 2026-04-10T15:12:27.696Z - [SYNC]: collect registered sync generators
[NX v22.6.4 Daemon Server] - 2026-04-10T15:12:27.697Z - [SYNC]: project graph hash is the same, not collecting task sync generators
[NX v22.6.4 Daemon Server] - 2026-04-10T15:12:27.697Z - [SYNC]: nx.json hash is the same, not collecting global sync generators
[NX v22.6.4 Daemon Server] - 2026-04-10T15:12:27.697Z - Serializing response for PROJECT_GRAPH_UPDATED message in json mode
[NX v22.6.4 Daemon Server] - 2026-04-10T15:12:27.699Z - Responding to PROJECT_GRAPH_UPDATED message
[NX v22.6.4 Daemon Server] - 2026-04-10T15:12:27.699Z - [REQUEST]: Responding to the client. Project graph updated
[NX v22.6.4 Daemon Server] - 2026-04-10T15:12:27.699Z - Time taken for 'total execution time for createProjectGraph()' 20.23809999972582ms
[NX v22.6.4 Daemon Server] - 2026-04-10T15:12:27.699Z - Time taken for 'createDependencies' 16.9812000002712ms
[NX v22.6.4 Daemon Server] - 2026-04-10T15:12:27.699Z - Time taken for 'nx/js/dependencies-and-lockfile:createDependencies' 16.872300000861287ms
[NX v22.6.4 Daemon Server] - 2026-04-10T15:12:27.699Z - Time taken for 'createMetadata' 0.013000000268220901ms
[NX v22.6.4 Daemon Server] - 2026-04-10T15:12:27.699Z - Time taken for 'serialize graph' 1.9940999997779727ms
[NX v22.6.4 Daemon Server] - 2026-04-10T15:12:27.700Z - Done responding to the client Project graph updated
[NX v22.6.4 Daemon Client] - 2026-04-10T15:12:27.700Z - [Messenger] Received message, length: 633984
[NX v22.6.4 Daemon Server] - 2026-04-10T15:12:27.700Z - Handled json message PROJECT_GRAPH_UPDATED. Handling time: 0. Response time: 3.
[NX v22.6.4 Daemon Server] - 2026-04-10T15:12:28.712Z - Established a connection. Number of open connections: 3
[NX v22.6.4 Daemon Client] - 2026-04-10T15:12:28.712Z - [Messenger] Sending message type: GET_CONTEXT_FILE_DATA
[NX v22.6.4 Daemon Server] - 2026-04-10T15:12:28.713Z - Closed a connection. Number of open connections: 2
[NX v22.6.4 Daemon Client] - 2026-04-10T15:12:28.713Z - [Messenger] Message sent
[NX v22.6.4 Daemon Server] - 2026-04-10T15:12:28.713Z - Received raw message of length 32
[NX v22.6.4 Daemon Server] - 2026-04-10T15:12:28.713Z - Received json message of type GET_CONTEXT_FILE_DATA
[NX v22.6.4 Daemon Server] - 2026-04-10T15:12:28.714Z - Serializing response for GET_CONTEXT_FILE_DATA message in json mode
[NX v22.6.4 Daemon Server] - 2026-04-10T15:12:28.714Z - Responding to GET_CONTEXT_FILE_DATA message
[NX v22.6.4 Daemon Server] - 2026-04-10T15:12:28.714Z - [REQUEST]: Responding to the client. handleContextFileData
[NX v22.6.4 Daemon Server] - 2026-04-10T15:12:28.714Z - Done responding to the client handleContextFileData
[NX v22.6.4 Daemon Server] - 2026-04-10T15:12:28.714Z - Handled json message GET_CONTEXT_FILE_DATA. Handling time: 1. Response time: 0.
[NX v22.6.4 Daemon Client] - 2026-04-10T15:12:28.714Z - [Messenger] Received message, length: 26993
[NX v22.6.4 Daemon Server] - 2026-04-10T15:12:28.879Z - Closed a connection. Number of open connections: 1
[NX v22.6.4 Daemon Client] - 2026-04-10T15:12:28.879Z - [ProjectGraphListener] Socket closed, triggering reconnection
[NX v22.6.4 Daemon Server] - 2026-04-10T15:12:28.880Z - Established a connection. Number of open connections: 2
[NX v22.6.4 Daemon Server] - 2026-04-10T15:12:28.880Z - Closed a connection. Number of open connections: 1
[NX v22.6.4 Daemon Client] - 2026-04-10T15:12:28.880Z - [Messenger] Setting up socket listeners
[NX v22.6.4 Daemon Client] - 2026-04-10T15:12:28.880Z - [Messenger] listen() complete
[NX v22.6.4 Daemon Client] - 2026-04-10T15:12:28.881Z - [Messenger] Sending message type: REGISTER_PROJECT_GRAPH_LISTENER
[NX v22.6.4 Daemon Client] - 2026-04-10T15:12:28.881Z - [Messenger] Message sent
[NX v22.6.4 Daemon Server] - 2026-04-10T15:12:28.881Z - Established a connection. Number of open connections: 2
[NX v22.6.4 Daemon Server] - 2026-04-10T15:12:28.881Z - Received raw message of length 42
[NX v22.6.4 Daemon Server] - 2026-04-10T15:12:28.882Z - Received json message of type REGISTER_PROJECT_GRAPH_LISTENER
[NX v22.6.4 Daemon Server] - 2026-04-10T15:12:48.396Z - [WATCHER]: functions/firebase-debug.log was created or restored
[NX v22.6.4 Daemon Server] - 2026-04-10T15:12:48.397Z - [SYNC]: clearing sync generators cache due to file changes
[NX v22.6.4 Daemon Server] - 2026-04-10T15:12:48.397Z - [WATCHER]: Processing file changes in outputs
[NX v22.6.4 Daemon Server] - 2026-04-10T15:12:48.523Z - [REQUEST]: Updated workspace context based on watched changes, recomputing project graph...
[NX v22.6.4 Daemon Server] - 2026-04-10T15:12:48.523Z - [REQUEST]: functions/firebase-debug.log
[NX v22.6.4 Daemon Server] - 2026-04-10T15:12:48.523Z - [REQUEST]: 
[NX v22.6.4 Daemon Server] - 2026-04-10T15:12:48.546Z - Time taken for 'hash changed files from watcher' 16.746600000187755ms
Time taken for 'plugin worker 36208 code loading' 162.5361ms
[NX v22.6.4 Daemon Server] - 2026-04-10T15:12:48.737Z - Time taken for 'start-plugin-worker:nx/js/dependencies-and-lockfile' 213.27089999988675ms
[NX v22.6.4 Daemon Server] - 2026-04-10T15:12:48.737Z - Time taken for 'start-plugin-worker:nx/core/package-json' 207.28780000004917ms
Time taken for 'plugin worker 6340 code loading' 153.6617ms
Time taken for 'plugin worker 11240 code loading' 162.0042ms
[NX v22.6.4 Daemon Server] - 2026-04-10T15:12:48.769Z - Time taken for 'start-plugin-worker:nx/core/project-json' 230.45029999967664ms
[NX v22.6.4 Daemon Server] - 2026-04-10T15:12:48.861Z - Time taken for 'build-project-configs' 333.1518000001088ms
[NX v22.6.4 Daemon Server] - 2026-04-10T15:12:48.861Z - Time taken for 'createNodes:merge' 0.8660000003874302ms
[NX v22.6.4 Daemon Server] - 2026-04-10T15:12:48.861Z - Time taken for 'get-all-workspace-files' 0.03129999991506338ms
Time taken for 'nx/js/dependencies-and-lockfile:createNodes' 8.971499999999992ms
[NX v22.6.4 Daemon Server] - 2026-04-10T15:12:48.878Z - [SYNC]: collect registered sync generators
[NX v22.6.4 Daemon Server] - 2026-04-10T15:12:48.878Z - [SYNC]: project graph hash is the same, not collecting task sync generators
[NX v22.6.4 Daemon Server] - 2026-04-10T15:12:48.878Z - [SYNC]: nx.json hash is the same, not collecting global sync generators
[NX v22.6.4 Daemon Server] - 2026-04-10T15:12:48.878Z - Serializing response for PROJECT_GRAPH_UPDATED message in json mode
[NX v22.6.4 Daemon Server] - 2026-04-10T15:12:48.880Z - Responding to PROJECT_GRAPH_UPDATED message
[NX v22.6.4 Daemon Server] - 2026-04-10T15:12:48.880Z - [REQUEST]: Responding to the client. Project graph updated
[NX v22.6.4 Daemon Server] - 2026-04-10T15:12:48.881Z - Time taken for 'total execution time for createProjectGraph()' 18.802099999971688ms
[NX v22.6.4 Daemon Server] - 2026-04-10T15:12:48.881Z - Time taken for 'createDependencies' 16.266200000420213ms
[NX v22.6.4 Daemon Server] - 2026-04-10T15:12:48.881Z - Time taken for 'nx/js/dependencies-and-lockfile:createDependencies' 16.19440000038594ms
[NX v22.6.4 Daemon Server] - 2026-04-10T15:12:48.881Z - Time taken for 'createMetadata' 0.01269999984651804ms
[NX v22.6.4 Daemon Server] - 2026-04-10T15:12:48.881Z - Time taken for 'serialize graph' 1.8227999992668629ms
[NX v22.6.4 Daemon Server] - 2026-04-10T15:12:48.882Z - Done responding to the client Project graph updated
[NX v22.6.4 Daemon Server] - 2026-04-10T15:12:48.882Z - Handled json message PROJECT_GRAPH_UPDATED. Handling time: 0. Response time: 4.
[NX v22.6.4 Daemon Client] - 2026-04-10T15:12:48.882Z - [Messenger] Received message, length: 633984
[NX v22.6.4 Daemon Server] - 2026-04-10T15:12:49.891Z - Established a connection. Number of open connections: 3
[NX v22.6.4 Daemon Client] - 2026-04-10T15:12:49.892Z - [Messenger] Sending message type: GET_CONTEXT_FILE_DATA
[NX v22.6.4 Daemon Server] - 2026-04-10T15:12:49.891Z - Closed a connection. Number of open connections: 2
[NX v22.6.4 Daemon Client] - 2026-04-10T15:12:49.892Z - [Messenger] Message sent
[NX v22.6.4 Daemon Server] - 2026-04-10T15:12:49.892Z - Received raw message of length 32
[NX v22.6.4 Daemon Server] - 2026-04-10T15:12:49.892Z - Received json message of type GET_CONTEXT_FILE_DATA
[NX v22.6.4 Daemon Server] - 2026-04-10T15:12:49.893Z - Serializing response for GET_CONTEXT_FILE_DATA message in json mode
[NX v22.6.4 Daemon Server] - 2026-04-10T15:12:49.893Z - Responding to GET_CONTEXT_FILE_DATA message
[NX v22.6.4 Daemon Server] - 2026-04-10T15:12:49.893Z - [REQUEST]: Responding to the client. handleContextFileData
[NX v22.6.4 Daemon Client] - 2026-04-10T15:12:49.894Z - [Messenger] Received message, length: 27062
[NX v22.6.4 Daemon Server] - 2026-04-10T15:12:49.895Z - Done responding to the client handleContextFileData
[NX v22.6.4 Daemon Server] - 2026-04-10T15:12:49.895Z - Handled json message GET_CONTEXT_FILE_DATA. Handling time: 1. Response time: 2.
[NX v22.6.4 Daemon Server] - 2026-04-10T15:12:50.069Z - Closed a connection. Number of open connections: 1
[NX v22.6.4 Daemon Client] - 2026-04-10T15:12:50.069Z - [ProjectGraphListener] Socket closed, triggering reconnection
[NX v22.6.4 Daemon Server] - 2026-04-10T15:12:50.070Z - Established a connection. Number of open connections: 2
[NX v22.6.4 Daemon Server] - 2026-04-10T15:12:50.071Z - Closed a connection. Number of open connections: 1
[NX v22.6.4 Daemon Server] - 2026-04-10T15:12:50.071Z - Established a connection. Number of open connections: 2
[NX v22.6.4 Daemon Client] - 2026-04-10T15:12:50.071Z - [Messenger] Setting up socket listeners
[NX v22.6.4 Daemon Client] - 2026-04-10T15:12:50.071Z - [Messenger] listen() complete
[NX v22.6.4 Daemon Client] - 2026-04-10T15:12:50.072Z - [Messenger] Sending message type: REGISTER_PROJECT_GRAPH_LISTENER
[NX v22.6.4 Daemon Client] - 2026-04-10T15:12:50.072Z - [Messenger] Message sent
[NX v22.6.4 Daemon Server] - 2026-04-10T15:12:50.072Z - Received raw message of length 42
[NX v22.6.4 Daemon Server] - 2026-04-10T15:12:50.072Z - Received json message of type REGISTER_PROJECT_GRAPH_LISTENER
[NX v22.6.4 Daemon Server] - 2026-04-10T15:12:56.058Z - [WATCHER]: Processing file changes in outputs
[NX v22.6.4 Daemon Server] - 2026-04-10T15:12:56.058Z - [WATCHER]: functions/firebase-debug.log was deleted
[NX v22.6.4 Daemon Server] - 2026-04-10T15:12:56.058Z - [SYNC]: clearing sync generators cache due to file changes
[NX v22.6.4 Daemon Server] - 2026-04-10T15:12:56.260Z - [REQUEST]: Updated workspace context based on watched changes, recomputing project graph...
[NX v22.6.4 Daemon Server] - 2026-04-10T15:12:56.260Z - [REQUEST]: 
[NX v22.6.4 Daemon Server] - 2026-04-10T15:12:56.260Z - [REQUEST]: functions/firebase-debug.log
[NX v22.6.4 Daemon Server] - 2026-04-10T15:12:56.281Z - Time taken for 'hash changed files from watcher' 0.3564999997615814ms
Time taken for 'plugin worker 10984 code loading' 164.0331ms
Time taken for 'plugin worker 34968 code loading' 158.51680000000002ms
Time taken for 'plugin worker 28700 code loading' 154.9722ms
[NX v22.6.4 Daemon Server] - 2026-04-10T15:12:56.479Z - Time taken for 'start-plugin-worker:nx/js/dependencies-and-lockfile' 218.23589999973774ms
[NX v22.6.4 Daemon Server] - 2026-04-10T15:12:56.479Z - Time taken for 'start-plugin-worker:nx/core/package-json' 212.0524000003934ms
[NX v22.6.4 Daemon Server] - 2026-04-10T15:12:56.479Z - Time taken for 'start-plugin-worker:nx/core/project-json' 204.61120000015944ms
[NX v22.6.4 Daemon Server] - 2026-04-10T15:12:56.597Z - Time taken for 'build-project-configs' 331.30040000006557ms
[NX v22.6.4 Daemon Server] - 2026-04-10T15:12:56.597Z - Time taken for 'createNodes:merge' 0.7457999996840954ms
[NX v22.6.4 Daemon Server] - 2026-04-10T15:12:56.597Z - Time taken for 'get-all-workspace-files' 0.03349999990314245ms
Time taken for 'nx/js/dependencies-and-lockfile:createNodes' 9.765199999999993ms
[NX v22.6.4 Daemon Server] - 2026-04-10T15:12:56.612Z - [SYNC]: collect registered sync generators
[NX v22.6.4 Daemon Server] - 2026-04-10T15:12:56.612Z - [SYNC]: project graph hash is the same, not collecting task sync generators
[NX v22.6.4 Daemon Server] - 2026-04-10T15:12:56.612Z - [SYNC]: nx.json hash is the same, not collecting global sync generators
[NX v22.6.4 Daemon Server] - 2026-04-10T15:12:56.612Z - Serializing response for PROJECT_GRAPH_UPDATED message in json mode
[NX v22.6.4 Daemon Server] - 2026-04-10T15:12:56.614Z - Responding to PROJECT_GRAPH_UPDATED message
[NX v22.6.4 Daemon Server] - 2026-04-10T15:12:56.614Z - [REQUEST]: Responding to the client. Project graph updated
[NX v22.6.4 Daemon Server] - 2026-04-10T15:12:56.615Z - Time taken for 'total execution time for createProjectGraph()' 17.753200000151992ms
[NX v22.6.4 Daemon Server] - 2026-04-10T15:12:56.615Z - Time taken for 'createDependencies' 14.544999999925494ms
[NX v22.6.4 Daemon Server] - 2026-04-10T15:12:56.615Z - Time taken for 'nx/js/dependencies-and-lockfile:createDependencies' 14.454199999570847ms
[NX v22.6.4 Daemon Server] - 2026-04-10T15:12:56.615Z - Time taken for 'createMetadata' 0.019299999810755253ms
[NX v22.6.4 Daemon Server] - 2026-04-10T15:12:56.615Z - Time taken for 'serialize graph' 1.8703000005334616ms
[NX v22.6.4 Daemon Server] - 2026-04-10T15:12:56.616Z - Done responding to the client Project graph updated
[NX v22.6.4 Daemon Server] - 2026-04-10T15:12:56.616Z - Handled json message PROJECT_GRAPH_UPDATED. Handling time: 0. Response time: 4.
[NX v22.6.4 Daemon Client] - 2026-04-10T15:12:56.616Z - [Messenger] Received message, length: 633984
[NX v22.6.4 Daemon Server] - 2026-04-10T15:12:57.636Z - Established a connection. Number of open connections: 3
[NX v22.6.4 Daemon Server] - 2026-04-10T15:12:57.636Z - Closed a connection. Number of open connections: 2
[NX v22.6.4 Daemon Client] - 2026-04-10T15:12:57.636Z - [Messenger] Sending message type: GET_CONTEXT_FILE_DATA
[NX v22.6.4 Daemon Client] - 2026-04-10T15:12:57.637Z - [Messenger] Message sent
[NX v22.6.4 Daemon Server] - 2026-04-10T15:12:57.637Z - Received raw message of length 32
[NX v22.6.4 Daemon Server] - 2026-04-10T15:12:57.637Z - Received json message of type GET_CONTEXT_FILE_DATA
[NX v22.6.4 Daemon Server] - 2026-04-10T15:12:57.637Z - Serializing response for GET_CONTEXT_FILE_DATA message in json mode
[NX v22.6.4 Daemon Server] - 2026-04-10T15:12:57.638Z - Responding to GET_CONTEXT_FILE_DATA message
[NX v22.6.4 Daemon Server] - 2026-04-10T15:12:57.638Z - [REQUEST]: Responding to the client. handleContextFileData
[NX v22.6.4 Daemon Server] - 2026-04-10T15:12:57.638Z - Done responding to the client handleContextFileData
[NX v22.6.4 Daemon Server] - 2026-04-10T15:12:57.638Z - Handled json message GET_CONTEXT_FILE_DATA. Handling time: 0. Response time: 1.
[NX v22.6.4 Daemon Client] - 2026-04-10T15:12:57.639Z - [Messenger] Received message, length: 26993
[NX v22.6.4 Daemon Server] - 2026-04-10T15:12:57.807Z - Closed a connection. Number of open connections: 1
[NX v22.6.4 Daemon Client] - 2026-04-10T15:12:57.808Z - [ProjectGraphListener] Socket closed, triggering reconnection
[NX v22.6.4 Daemon Server] - 2026-04-10T15:12:57.809Z - Established a connection. Number of open connections: 2
[NX v22.6.4 Daemon Server] - 2026-04-10T15:12:57.809Z - Closed a connection. Number of open connections: 1
[NX v22.6.4 Daemon Server] - 2026-04-10T15:12:57.809Z - Established a connection. Number of open connections: 2
[NX v22.6.4 Daemon Client] - 2026-04-10T15:12:57.810Z - [Messenger] Setting up socket listeners
[NX v22.6.4 Daemon Client] - 2026-04-10T15:12:57.810Z - [Messenger] listen() complete
[NX v22.6.4 Daemon Client] - 2026-04-10T15:12:57.810Z - [Messenger] Sending message type: REGISTER_PROJECT_GRAPH_LISTENER
[NX v22.6.4 Daemon Client] - 2026-04-10T15:12:57.811Z - [Messenger] Message sent
[NX v22.6.4 Daemon Server] - 2026-04-10T15:12:57.811Z - Received raw message of length 42
[NX v22.6.4 Daemon Server] - 2026-04-10T15:12:57.811Z - Received json message of type REGISTER_PROJECT_GRAPH_LISTENER
[NX v22.6.4 Daemon Server] - 2026-04-10T15:13:17.571Z - [WATCHER]: functions/src/index.ts was modified
[NX v22.6.4 Daemon Server] - 2026-04-10T15:13:17.572Z - [SYNC]: clearing sync generators cache due to file changes
[NX v22.6.4 Daemon Server] - 2026-04-10T15:13:17.572Z - [WATCHER]: Processing file changes in outputs
[NX v22.6.4 Daemon Server] - 2026-04-10T15:13:17.975Z - [REQUEST]: Updated workspace context based on watched changes, recomputing project graph...
[NX v22.6.4 Daemon Server] - 2026-04-10T15:13:17.975Z - [REQUEST]: functions/src/index.ts
[NX v22.6.4 Daemon Server] - 2026-04-10T15:13:17.975Z - [REQUEST]: 
[NX v22.6.4 Daemon Server] - 2026-04-10T15:13:18.001Z - Time taken for 'hash changed files from watcher' 0.4429000001400709ms
[NX v22.6.4 Daemon Server] - 2026-04-10T15:13:18.194Z - Time taken for 'start-plugin-worker:nx/js/dependencies-and-lockfile' 217.02509999927133ms
[NX v22.6.4 Daemon Server] - 2026-04-10T15:13:18.194Z - Time taken for 'start-plugin-worker:nx/core/package-json' 208.06300000008196ms
Time taken for 'plugin worker 37564 code loading' 168.7299ms
Time taken for 'plugin worker 31884 code loading' 163.5732ms
Time taken for 'plugin worker 16860 code loading' 165.3271ms
[NX v22.6.4 Daemon Server] - 2026-04-10T15:13:18.207Z - Time taken for 'start-plugin-worker:nx/core/project-json' 213.43240000028163ms
[NX v22.6.4 Daemon Server] - 2026-04-10T15:13:18.312Z - Time taken for 'build-project-configs' 331.1396000003442ms
[NX v22.6.4 Daemon Server] - 2026-04-10T15:13:18.313Z - Time taken for 'createNodes:merge' 0.7852000007405877ms
[NX v22.6.4 Daemon Server] - 2026-04-10T15:13:18.313Z - Time taken for 'get-all-workspace-files' 0.08700000029057264ms
Time taken for 'nx/js/dependencies-and-lockfile:createNodes' 8.80419999999998ms
[NX v22.6.4 Daemon Server] - 2026-04-10T15:13:18.499Z - [SYNC]: collect registered sync generators
[NX v22.6.4 Daemon Server] - 2026-04-10T15:13:18.499Z - [SYNC]: project graph hash is the same, not collecting task sync generators
[NX v22.6.4 Daemon Server] - 2026-04-10T15:13:18.499Z - [SYNC]: nx.json hash is the same, not collecting global sync generators
[NX v22.6.4 Daemon Server] - 2026-04-10T15:13:18.499Z - Serializing response for PROJECT_GRAPH_UPDATED message in json mode
[NX v22.6.4 Daemon Server] - 2026-04-10T15:13:18.501Z - Responding to PROJECT_GRAPH_UPDATED message
[NX v22.6.4 Daemon Server] - 2026-04-10T15:13:18.501Z - [REQUEST]: Responding to the client. Project graph updated
[NX v22.6.4 Daemon Server] - 2026-04-10T15:13:18.501Z - Time taken for 'total execution time for createProjectGraph()' 188.7788000004366ms
[NX v22.6.4 Daemon Server] - 2026-04-10T15:13:18.501Z - Time taken for 'createDependencies' 185.48099999967963ms
[NX v22.6.4 Daemon Server] - 2026-04-10T15:13:18.501Z - Time taken for 'nx/js/dependencies-and-lockfile:createDependencies' 185.39680000022054ms
[NX v22.6.4 Daemon Server] - 2026-04-10T15:13:18.501Z - Time taken for 'createMetadata' 0.011800000444054604ms
[NX v22.6.4 Daemon Server] - 2026-04-10T15:13:18.501Z - Time taken for 'serialize graph' 2.0328999999910593ms
[NX v22.6.4 Daemon Server] - 2026-04-10T15:13:18.502Z - Done responding to the client Project graph updated
[NX v22.6.4 Daemon Server] - 2026-04-10T15:13:18.502Z - Handled json message PROJECT_GRAPH_UPDATED. Handling time: 0. Response time: 3.
[NX v22.6.4 Daemon Client] - 2026-04-10T15:13:18.503Z - [Messenger] Received message, length: 633984
[NX v22.6.4 Daemon Server] - 2026-04-10T15:13:19.321Z - [WATCHER]: Processing file changes in outputs
[NX v22.6.4 Daemon Server] - 2026-04-10T15:13:19.321Z - [WATCHER]: functions/firebase-debug.log was created or restored
[NX v22.6.4 Daemon Server] - 2026-04-10T15:13:19.322Z - [SYNC]: clearing sync generators cache due to file changes
[NX v22.6.4 Daemon Server] - 2026-04-10T15:13:19.382Z - [WATCHER]: functions/firebase-debug.log was modified
[NX v22.6.4 Daemon Server] - 2026-04-10T15:13:19.382Z - [SYNC]: clearing sync generators cache due to file changes
[NX v22.6.4 Daemon Server] - 2026-04-10T15:13:19.382Z - [WATCHER]: Processing file changes in outputs
[NX v22.6.4 Daemon Server] - 2026-04-10T15:13:19.437Z - [REQUEST]: Updated workspace context based on watched changes, recomputing project graph...
[NX v22.6.4 Daemon Server] - 2026-04-10T15:13:19.437Z - [REQUEST]: functions/firebase-debug.log
[NX v22.6.4 Daemon Server] - 2026-04-10T15:13:19.437Z - [REQUEST]: 
[NX v22.6.4 Daemon Server] - 2026-04-10T15:13:19.460Z - Time taken for 'hash changed files from watcher' 6.493200000375509ms
[NX v22.6.4 Daemon Server] - 2026-04-10T15:13:19.461Z - [WATCHER]: 0 file(s) created or restored, 0 file(s) modified, 0 file(s) deleted
[NX v22.6.4 Daemon Server] - 2026-04-10T15:13:19.511Z - Established a connection. Number of open connections: 3
[NX v22.6.4 Daemon Server] - 2026-04-10T15:13:19.511Z - Closed a connection. Number of open connections: 2
[NX v22.6.4 Daemon Client] - 2026-04-10T15:13:19.511Z - [Messenger] Sending message type: GET_CONTEXT_FILE_DATA
[NX v22.6.4 Daemon Client] - 2026-04-10T15:13:19.512Z - [Messenger] Message sent
[NX v22.6.4 Daemon Server] - 2026-04-10T15:13:19.512Z - Received raw message of length 32
[NX v22.6.4 Daemon Server] - 2026-04-10T15:13:19.512Z - Received json message of type GET_CONTEXT_FILE_DATA
[NX v22.6.4 Daemon Server] - 2026-04-10T15:13:19.513Z - Serializing response for GET_CONTEXT_FILE_DATA message in json mode
[NX v22.6.4 Daemon Server] - 2026-04-10T15:13:19.513Z - Responding to GET_CONTEXT_FILE_DATA message
[NX v22.6.4 Daemon Server] - 2026-04-10T15:13:19.513Z - [REQUEST]: Responding to the client. handleContextFileData
[NX v22.6.4 Daemon Client] - 2026-04-10T15:13:19.513Z - [Messenger] Received message, length: 27062
[NX v22.6.4 Daemon Server] - 2026-04-10T15:13:19.514Z - Done responding to the client handleContextFileData
[NX v22.6.4 Daemon Server] - 2026-04-10T15:13:19.514Z - Handled json message GET_CONTEXT_FILE_DATA. Handling time: 1. Response time: 1.
[NX v22.6.4 Daemon Server] - 2026-04-10T15:13:19.586Z - [WATCHER]: Processing file changes in outputs
[NX v22.6.4 Daemon Server] - 2026-04-10T15:13:19.587Z - [WATCHER]: functions/firebase-debug.log was deleted
[NX v22.6.4 Daemon Server] - 2026-04-10T15:13:19.587Z - [SYNC]: clearing sync generators cache due to file changes
[NX v22.6.4 Daemon Server] - 2026-04-10T15:13:19.665Z - [REQUEST]: Updated workspace context based on watched changes, recomputing project graph...
[NX v22.6.4 Daemon Server] - 2026-04-10T15:13:19.665Z - [REQUEST]: 
[NX v22.6.4 Daemon Server] - 2026-04-10T15:13:19.665Z - [REQUEST]: functions/firebase-debug.log
[NX v22.6.4 Daemon Server] - 2026-04-10T15:13:19.667Z - Time taken for 'hash changed files from watcher' 0.31620000023394823ms
Time taken for 'plugin worker 3396 code loading' 189.3528ms
Time taken for 'plugin worker 12840 code loading' 185.95420000000001ms
[NX v22.6.4 Daemon Server] - 2026-04-10T15:13:19.676Z - Time taken for 'start-plugin-worker:nx/js/dependencies-and-lockfile' 237.32629999984056ms
[NX v22.6.4 Daemon Server] - 2026-04-10T15:13:19.676Z - Time taken for 'start-plugin-worker:nx/core/package-json' 231.1784999994561ms
Time taken for 'plugin worker 13428 code loading' 186.0312ms
[NX v22.6.4 Daemon Server] - 2026-04-10T15:13:19.688Z - Time taken for 'start-plugin-worker:nx/core/project-json' 235.48760000057518ms
[NX v22.6.4 Daemon Server] - 2026-04-10T15:13:19.738Z - Closed a connection. Number of open connections: 1
[NX v22.6.4 Daemon Client] - 2026-04-10T15:13:19.739Z - [ProjectGraphListener] Socket closed, triggering reconnection
[NX v22.6.4 Daemon Server] - 2026-04-10T15:13:19.740Z - Established a connection. Number of open connections: 2
[NX v22.6.4 Daemon Server] - 2026-04-10T15:13:19.741Z - Closed a connection. Number of open connections: 1
[NX v22.6.4 Daemon Client] - 2026-04-10T15:13:19.741Z - [Messenger] Setting up socket listeners
[NX v22.6.4 Daemon Server] - 2026-04-10T15:13:19.741Z - Established a connection. Number of open connections: 2
[NX v22.6.4 Daemon Client] - 2026-04-10T15:13:19.741Z - [Messenger] listen() complete
[NX v22.6.4 Daemon Client] - 2026-04-10T15:13:19.742Z - [Messenger] Sending message type: REGISTER_PROJECT_GRAPH_LISTENER
[NX v22.6.4 Daemon Client] - 2026-04-10T15:13:19.742Z - [Messenger] Message sent
[NX v22.6.4 Daemon Server] - 2026-04-10T15:13:19.742Z - Received raw message of length 42
[NX v22.6.4 Daemon Server] - 2026-04-10T15:13:19.742Z - Received json message of type REGISTER_PROJECT_GRAPH_LISTENER
Time taken for 'nx/core/package-json:createNodes' 1.0593000000000075ms
Time taken for 'nx/core/package-json:createNodes' 1.227800000000002ms
Time taken for 'nx/core/project-json:createNodes' 0.6918000000000006ms
[NX v22.6.4 Daemon Server] - 2026-04-10T15:13:19.809Z - Time taken for 'build-project-configs' 142.48760000057518ms
[NX v22.6.4 Daemon Server] - 2026-04-10T15:13:19.809Z - Time taken for 'createNodes:merge' 0.793499999679625ms
Time taken for 'nx/js/dependencies-and-lockfile:createNodes' 7.206700000000012ms
Time taken for 'nx/js/dependencies-and-lockfile:createNodes' 7.299800000000005ms
[NX v22.6.4 Daemon Server] - 2026-04-10T15:13:19.817Z - Time taken for 'build-project-configs' 146.11530000064522ms
[NX v22.6.4 Daemon Server] - 2026-04-10T15:13:19.817Z - Time taken for 'createNodes:merge' 0.7072999998927116ms
[NX v22.6.4 Daemon Server] - 2026-04-10T15:13:19.817Z - Time taken for 'get-all-workspace-files' 0.0328999999910593ms
[NX v22.6.4 Daemon Server] - 2026-04-10T15:13:19.830Z - [SYNC]: collect registered sync generators
[NX v22.6.4 Daemon Server] - 2026-04-10T15:13:19.831Z - [SYNC]: project graph hash is the same, not collecting task sync generators
[NX v22.6.4 Daemon Server] - 2026-04-10T15:13:19.831Z - [SYNC]: nx.json hash is the same, not collecting global sync generators
[NX v22.6.4 Daemon Server] - 2026-04-10T15:13:19.831Z - Serializing response for PROJECT_GRAPH_UPDATED message in json mode
[NX v22.6.4 Daemon Server] - 2026-04-10T15:13:19.832Z - Responding to PROJECT_GRAPH_UPDATED message
[NX v22.6.4 Daemon Server] - 2026-04-10T15:13:19.832Z - [REQUEST]: Responding to the client. Project graph updated
[NX v22.6.4 Daemon Server] - 2026-04-10T15:13:19.833Z - [SYNC]: collect registered sync generators
[NX v22.6.4 Daemon Server] - 2026-04-10T15:13:19.833Z - [SYNC]: project graph hash is the same, not collecting task sync generators
[NX v22.6.4 Daemon Server] - 2026-04-10T15:13:19.833Z - [SYNC]: nx.json hash is the same, not collecting global sync generators
[NX v22.6.4 Daemon Server] - 2026-04-10T15:13:19.833Z - Serializing response for PROJECT_GRAPH_UPDATED message in json mode
[NX v22.6.4 Daemon Client] - 2026-04-10T15:13:19.834Z - [Messenger] Received message, length: 633984
[NX v22.6.4 Daemon Server] - 2026-04-10T15:13:19.835Z - Responding to PROJECT_GRAPH_UPDATED message
[NX v22.6.4 Daemon Server] - 2026-04-10T15:13:19.835Z - [REQUEST]: Responding to the client. Project graph updated
[NX v22.6.4 Daemon Server] - 2026-04-10T15:13:19.835Z - Time taken for 'total execution time for createProjectGraph()' 15.418500000610948ms
[NX v22.6.4 Daemon Server] - 2026-04-10T15:13:19.835Z - Time taken for 'createDependencies' 12.590699999593198ms
[NX v22.6.4 Daemon Server] - 2026-04-10T15:13:19.835Z - Time taken for 'nx/js/dependencies-and-lockfile:createDependencies' 12.512900000438094ms
[NX v22.6.4 Daemon Server] - 2026-04-10T15:13:19.835Z - Time taken for 'createMetadata' 0.012000000104308128ms
[NX v22.6.4 Daemon Server] - 2026-04-10T15:13:19.835Z - Time taken for 'serialize graph' 1.833700000308454ms
[NX v22.6.4 Daemon Server] - 2026-04-10T15:13:19.838Z - Done responding to the client Project graph updated
[NX v22.6.4 Daemon Server] - 2026-04-10T15:13:19.838Z - Handled json message PROJECT_GRAPH_UPDATED. Handling time: 0. Response time: 7.
[NX v22.6.4 Daemon Server] - 2026-04-10T15:13:19.838Z - Done responding to the client Project graph updated
[NX v22.6.4 Daemon Server] - 2026-04-10T15:13:19.839Z - Handled json message PROJECT_GRAPH_UPDATED. Handling time: 0. Response time: 6.
[NX v22.6.4 Daemon Client] - 2026-04-10T15:13:19.840Z - [Messenger] Received message, length: 633984
[NX v22.6.4 Daemon Server] - 2026-04-10T15:13:20.854Z - Established a connection. Number of open connections: 3
[NX v22.6.4 Daemon Client] - 2026-04-10T15:13:20.854Z - [Messenger] Sending message type: GET_CONTEXT_FILE_DATA
[NX v22.6.4 Daemon Server] - 2026-04-10T15:13:20.854Z - Closed a connection. Number of open connections: 2
[NX v22.6.4 Daemon Client] - 2026-04-10T15:13:20.855Z - [Messenger] Message sent
[NX v22.6.4 Daemon Server] - 2026-04-10T15:13:20.855Z - Received raw message of length 32
[NX v22.6.4 Daemon Server] - 2026-04-10T15:13:20.855Z - Received json message of type GET_CONTEXT_FILE_DATA
[NX v22.6.4 Daemon Server] - 2026-04-10T15:13:20.855Z - Serializing response for GET_CONTEXT_FILE_DATA message in json mode
[NX v22.6.4 Daemon Server] - 2026-04-10T15:13:20.855Z - Responding to GET_CONTEXT_FILE_DATA message
[NX v22.6.4 Daemon Server] - 2026-04-10T15:13:20.855Z - [REQUEST]: Responding to the client. handleContextFileData
[NX v22.6.4 Daemon Server] - 2026-04-10T15:13:20.856Z - Done responding to the client handleContextFileData
[NX v22.6.4 Daemon Server] - 2026-04-10T15:13:20.856Z - Handled json message GET_CONTEXT_FILE_DATA. Handling time: 0. Response time: 1.
[NX v22.6.4 Daemon Client] - 2026-04-10T15:13:20.856Z - [Messenger] Received message, length: 26993
[NX v22.6.4 Daemon Server] - 2026-04-10T15:13:21.013Z - Closed a connection. Number of open connections: 1
[NX v22.6.4 Daemon Client] - 2026-04-10T15:13:21.013Z - [ProjectGraphListener] Socket closed, triggering reconnection
[NX v22.6.4 Daemon Server] - 2026-04-10T15:13:21.015Z - Established a connection. Number of open connections: 2
[NX v22.6.4 Daemon Client] - 2026-04-10T15:13:21.015Z - [Messenger] Setting up socket listeners
[NX v22.6.4 Daemon Server] - 2026-04-10T15:13:21.015Z - Closed a connection. Number of open connections: 1
[NX v22.6.4 Daemon Server] - 2026-04-10T15:13:21.015Z - Established a connection. Number of open connections: 2
[NX v22.6.4 Daemon Client] - 2026-04-10T15:13:21.016Z - [Messenger] listen() complete
[NX v22.6.4 Daemon Client] - 2026-04-10T15:13:21.016Z - [Messenger] Sending message type: REGISTER_PROJECT_GRAPH_LISTENER
[NX v22.6.4 Daemon Client] - 2026-04-10T15:13:21.016Z - [Messenger] Message sent
[NX v22.6.4 Daemon Server] - 2026-04-10T15:13:21.016Z - Received raw message of length 42
[NX v22.6.4 Daemon Server] - 2026-04-10T15:13:21.016Z - Received json message of type REGISTER_PROJECT_GRAPH_LISTENER
[NX v22.6.4 Daemon Server] - 2026-04-10T15:13:28.356Z - [WATCHER]: functions/firebase-debug.log was created or restored
[NX v22.6.4 Daemon Server] - 2026-04-10T15:13:28.358Z - [SYNC]: clearing sync generators cache due to file changes
[NX v22.6.4 Daemon Server] - 2026-04-10T15:13:28.358Z - [WATCHER]: Processing file changes in outputs
[NX v22.6.4 Daemon Server] - 2026-04-10T15:13:28.417Z - [WATCHER]: Processing file changes in outputs
[NX v22.6.4 Daemon Server] - 2026-04-10T15:13:28.417Z - [WATCHER]: functions/firebase-debug.log was modified
[NX v22.6.4 Daemon Server] - 2026-04-10T15:13:28.417Z - [SYNC]: clearing sync generators cache due to file changes
[NX v22.6.4 Daemon Server] - 2026-04-10T15:13:28.478Z - [REQUEST]: Updated workspace context based on watched changes, recomputing project graph...
[NX v22.6.4 Daemon Server] - 2026-04-10T15:13:28.478Z - [REQUEST]: functions/firebase-debug.log
[NX v22.6.4 Daemon Server] - 2026-04-10T15:13:28.478Z - [REQUEST]: 
[NX v22.6.4 Daemon Server] - 2026-04-10T15:13:28.499Z - Time taken for 'hash changed files from watcher' 11.850300000049174ms
Time taken for 'plugin worker 6792 code loading' 147.2415ms
Time taken for 'plugin worker 27848 code loading' 147.4656ms
[NX v22.6.4 Daemon Server] - 2026-04-10T15:13:28.679Z - Time taken for 'start-plugin-worker:nx/js/dependencies-and-lockfile' 198.72329999972135ms
[NX v22.6.4 Daemon Server] - 2026-04-10T15:13:28.679Z - Time taken for 'start-plugin-worker:nx/core/package-json' 192.8795999996364ms
Time taken for 'plugin worker 11924 code loading' 143.907ms
[NX v22.6.4 Daemon Server] - 2026-04-10T15:13:28.699Z - Time taken for 'start-plugin-worker:nx/core/project-json' 206.93570000026375ms
[NX v22.6.4 Daemon Server] - 2026-04-10T15:13:28.790Z - Time taken for 'build-project-configs' 306.1436999998987ms
[NX v22.6.4 Daemon Server] - 2026-04-10T15:13:28.790Z - Time taken for 'createNodes:merge' 0.6661999998614192ms
[NX v22.6.4 Daemon Server] - 2026-04-10T15:13:28.790Z - Time taken for 'get-all-workspace-files' 0.029500000178813934ms
Time taken for 'nx/js/dependencies-and-lockfile:createNodes' 8.444899999999961ms
[NX v22.6.4 Daemon Server] - 2026-04-10T15:13:28.806Z - [SYNC]: collect registered sync generators
[NX v22.6.4 Daemon Server] - 2026-04-10T15:13:28.806Z - [SYNC]: project graph hash is the same, not collecting task sync generators
[NX v22.6.4 Daemon Server] - 2026-04-10T15:13:28.806Z - [SYNC]: nx.json hash is the same, not collecting global sync generators
[NX v22.6.4 Daemon Server] - 2026-04-10T15:13:28.806Z - Serializing response for PROJECT_GRAPH_UPDATED message in json mode
[NX v22.6.4 Daemon Server] - 2026-04-10T15:13:28.808Z - Responding to PROJECT_GRAPH_UPDATED message
[NX v22.6.4 Daemon Server] - 2026-04-10T15:13:28.808Z - [REQUEST]: Responding to the client. Project graph updated
[NX v22.6.4 Daemon Server] - 2026-04-10T15:13:28.808Z - Time taken for 'total execution time for createProjectGraph()' 17.800800000317395ms
[NX v22.6.4 Daemon Server] - 2026-04-10T15:13:28.808Z - Time taken for 'createDependencies' 15.279199999757111ms
[NX v22.6.4 Daemon Server] - 2026-04-10T15:13:28.808Z - Time taken for 'nx/js/dependencies-and-lockfile:createDependencies' 15.1933000003919ms
[NX v22.6.4 Daemon Server] - 2026-04-10T15:13:28.808Z - Time taken for 'createMetadata' 0.013000000268220901ms
[NX v22.6.4 Daemon Server] - 2026-04-10T15:13:28.808Z - Time taken for 'serialize graph' 1.8958000000566244ms
[NX v22.6.4 Daemon Server] - 2026-04-10T15:13:28.809Z - Done responding to the client Project graph updated
[NX v22.6.4 Daemon Server] - 2026-04-10T15:13:28.809Z - Handled json message PROJECT_GRAPH_UPDATED. Handling time: 0. Response time: 3.
[NX v22.6.4 Daemon Client] - 2026-04-10T15:13:28.809Z - [Messenger] Received message, length: 633984
[NX v22.6.4 Daemon Server] - 2026-04-10T15:13:29.823Z - Established a connection. Number of open connections: 3
[NX v22.6.4 Daemon Client] - 2026-04-10T15:13:29.824Z - [Messenger] Sending message type: GET_CONTEXT_FILE_DATA
[NX v22.6.4 Daemon Server] - 2026-04-10T15:13:29.824Z - Closed a connection. Number of open connections: 2
[NX v22.6.4 Daemon Client] - 2026-04-10T15:13:29.824Z - [Messenger] Message sent
[NX v22.6.4 Daemon Server] - 2026-04-10T15:13:29.825Z - Received raw message of length 32
[NX v22.6.4 Daemon Server] - 2026-04-10T15:13:29.825Z - Received json message of type GET_CONTEXT_FILE_DATA
[NX v22.6.4 Daemon Server] - 2026-04-10T15:13:29.825Z - Serializing response for GET_CONTEXT_FILE_DATA message in json mode
[NX v22.6.4 Daemon Server] - 2026-04-10T15:13:29.826Z - Responding to GET_CONTEXT_FILE_DATA message
[NX v22.6.4 Daemon Server] - 2026-04-10T15:13:29.826Z - [REQUEST]: Responding to the client. handleContextFileData
[NX v22.6.4 Daemon Server] - 2026-04-10T15:13:29.826Z - Done responding to the client handleContextFileData
[NX v22.6.4 Daemon Server] - 2026-04-10T15:13:29.826Z - Handled json message GET_CONTEXT_FILE_DATA. Handling time: 0. Response time: 1.
[NX v22.6.4 Daemon Client] - 2026-04-10T15:13:29.826Z - [Messenger] Received message, length: 27063
[NX v22.6.4 Daemon Server] - 2026-04-10T15:13:29.986Z - Closed a connection. Number of open connections: 1
[NX v22.6.4 Daemon Client] - 2026-04-10T15:13:29.989Z - [ProjectGraphListener] Socket closed, triggering reconnection
[NX v22.6.4 Daemon Server] - 2026-04-10T15:13:29.990Z - Established a connection. Number of open connections: 2
[NX v22.6.4 Daemon Server] - 2026-04-10T15:13:29.990Z - Closed a connection. Number of open connections: 1
[NX v22.6.4 Daemon Client] - 2026-04-10T15:13:29.991Z - [Messenger] Setting up socket listeners
[NX v22.6.4 Daemon Server] - 2026-04-10T15:13:29.991Z - Established a connection. Number of open connections: 2
[NX v22.6.4 Daemon Client] - 2026-04-10T15:13:29.991Z - [Messenger] listen() complete
[NX v22.6.4 Daemon Client] - 2026-04-10T15:13:29.991Z - [Messenger] Sending message type: REGISTER_PROJECT_GRAPH_LISTENER
[NX v22.6.4 Daemon Client] - 2026-04-10T15:13:29.992Z - [Messenger] Message sent
[NX v22.6.4 Daemon Server] - 2026-04-10T15:13:29.992Z - Received raw message of length 42
[NX v22.6.4 Daemon Server] - 2026-04-10T15:13:29.992Z - Received json message of type REGISTER_PROJECT_GRAPH_LISTENER
[NX v22.6.4 Daemon Server] - 2026-04-10T15:13:39.573Z - [WATCHER]: Processing file changes in outputs
[NX v22.6.4 Daemon Server] - 2026-04-10T15:13:40.448Z - [WATCHER]: Processing file changes in outputs
[NX v22.6.4 Daemon Server] - 2026-04-10T15:13:40.448Z - [WATCHER]: functions/firebase-debug.log was deleted
[NX v22.6.4 Daemon Server] - 2026-04-10T15:13:40.448Z - [SYNC]: clearing sync generators cache due to file changes
[NX v22.6.4 Daemon Server] - 2026-04-10T15:13:40.649Z - [REQUEST]: Updated workspace context based on watched changes, recomputing project graph...
[NX v22.6.4 Daemon Server] - 2026-04-10T15:13:40.649Z - [REQUEST]: 
[NX v22.6.4 Daemon Server] - 2026-04-10T15:13:40.649Z - [REQUEST]: functions/firebase-debug.log
[NX v22.6.4 Daemon Server] - 2026-04-10T15:13:40.671Z - Time taken for 'hash changed files from watcher' 0.2601000005379319ms
Time taken for 'plugin worker 15168 code loading' 162.5474ms
Time taken for 'plugin worker 35520 code loading' 156.2514ms
Time taken for 'plugin worker 32224 code loading' 155.0208ms
[NX v22.6.4 Daemon Server] - 2026-04-10T15:13:40.868Z - Time taken for 'start-plugin-worker:nx/js/dependencies-and-lockfile' 217.24600000027567ms
[NX v22.6.4 Daemon Server] - 2026-04-10T15:13:40.868Z - Time taken for 'start-plugin-worker:nx/core/package-json' 210.8342000003904ms
[NX v22.6.4 Daemon Server] - 2026-04-10T15:13:40.868Z - Time taken for 'start-plugin-worker:nx/core/project-json' 204.10929999966174ms
[NX v22.6.4 Daemon Server] - 2026-04-10T15:13:40.986Z - Time taken for 'build-project-configs' 330.6649000002071ms
[NX v22.6.4 Daemon Server] - 2026-04-10T15:13:40.986Z - Time taken for 'createNodes:merge' 0.6904999995604157ms
[NX v22.6.4 Daemon Server] - 2026-04-10T15:13:40.986Z - Time taken for 'get-all-workspace-files' 0.03060000017285347ms
Time taken for 'nx/js/dependencies-and-lockfile:createNodes' 7.759999999999991ms
[NX v22.6.4 Daemon Server] - 2026-04-10T15:13:40.997Z - [SYNC]: collect registered sync generators
[NX v22.6.4 Daemon Server] - 2026-04-10T15:13:40.998Z - [SYNC]: project graph hash is the same, not collecting task sync generators
[NX v22.6.4 Daemon Server] - 2026-04-10T15:13:40.998Z - [SYNC]: nx.json hash is the same, not collecting global sync generators
[NX v22.6.4 Daemon Server] - 2026-04-10T15:13:40.998Z - Serializing response for PROJECT_GRAPH_UPDATED message in json mode
[NX v22.6.4 Daemon Server] - 2026-04-10T15:13:41.000Z - Responding to PROJECT_GRAPH_UPDATED message
[NX v22.6.4 Daemon Server] - 2026-04-10T15:13:41.000Z - [REQUEST]: Responding to the client. Project graph updated
[NX v22.6.4 Daemon Server] - 2026-04-10T15:13:41.001Z - Time taken for 'total execution time for createProjectGraph()' 13.736200000159442ms
[NX v22.6.4 Daemon Server] - 2026-04-10T15:13:41.001Z - Time taken for 'createDependencies' 11.185800000093877ms
[NX v22.6.4 Daemon Server] - 2026-04-10T15:13:41.001Z - Time taken for 'nx/js/dependencies-and-lockfile:createDependencies' 11.10899999924004ms
[NX v22.6.4 Daemon Server] - 2026-04-10T15:13:41.001Z - Time taken for 'createMetadata' 0.012600000016391277ms
[NX v22.6.4 Daemon Server] - 2026-04-10T15:13:41.001Z - Time taken for 'serialize graph' 1.8763000005856156ms
[NX v22.6.4 Daemon Server] - 2026-04-10T15:13:41.001Z - Done responding to the client Project graph updated
[NX v22.6.4 Daemon Server] - 2026-04-10T15:13:41.002Z - Handled json message PROJECT_GRAPH_UPDATED. Handling time: 0. Response time: 4.
[NX v22.6.4 Daemon Client] - 2026-04-10T15:13:41.002Z - [Messenger] Received message, length: 633984
[NX v22.6.4 Daemon Server] - 2026-04-10T15:13:42.011Z - Established a connection. Number of open connections: 3
[NX v22.6.4 Daemon Client] - 2026-04-10T15:13:42.012Z - [Messenger] Sending message type: GET_CONTEXT_FILE_DATA
[NX v22.6.4 Daemon Server] - 2026-04-10T15:13:42.012Z - Closed a connection. Number of open connections: 2
[NX v22.6.4 Daemon Client] - 2026-04-10T15:13:42.012Z - [Messenger] Message sent
[NX v22.6.4 Daemon Server] - 2026-04-10T15:13:42.013Z - Received raw message of length 32
[NX v22.6.4 Daemon Server] - 2026-04-10T15:13:42.013Z - Received json message of type GET_CONTEXT_FILE_DATA
[NX v22.6.4 Daemon Server] - 2026-04-10T15:13:42.013Z - Serializing response for GET_CONTEXT_FILE_DATA message in json mode
[NX v22.6.4 Daemon Server] - 2026-04-10T15:13:42.013Z - Responding to GET_CONTEXT_FILE_DATA message
[NX v22.6.4 Daemon Server] - 2026-04-10T15:13:42.013Z - [REQUEST]: Responding to the client. handleContextFileData
[NX v22.6.4 Daemon Server] - 2026-04-10T15:13:42.014Z - Done responding to the client handleContextFileData
[NX v22.6.4 Daemon Server] - 2026-04-10T15:13:42.014Z - Handled json message GET_CONTEXT_FILE_DATA. Handling time: 0. Response time: 1.
[NX v22.6.4 Daemon Client] - 2026-04-10T15:13:42.014Z - [Messenger] Received message, length: 26993
[NX v22.6.4 Daemon Server] - 2026-04-10T15:13:42.221Z - Closed a connection. Number of open connections: 1
[NX v22.6.4 Daemon Client] - 2026-04-10T15:13:42.222Z - [ProjectGraphListener] Socket closed, triggering reconnection
[NX v22.6.4 Daemon Server] - 2026-04-10T15:13:42.223Z - Established a connection. Number of open connections: 2
[NX v22.6.4 Daemon Server] - 2026-04-10T15:13:42.223Z - Closed a connection. Number of open connections: 1
[NX v22.6.4 Daemon Client] - 2026-04-10T15:13:42.223Z - [Messenger] Setting up socket listeners
[NX v22.6.4 Daemon Server] - 2026-04-10T15:13:42.223Z - Established a connection. Number of open connections: 2
[NX v22.6.4 Daemon Client] - 2026-04-10T15:13:42.224Z - [Messenger] listen() complete
[NX v22.6.4 Daemon Client] - 2026-04-10T15:13:42.224Z - [Messenger] Sending message type: REGISTER_PROJECT_GRAPH_LISTENER
[NX v22.6.4 Daemon Client] - 2026-04-10T15:13:42.224Z - [Messenger] Message sent
[NX v22.6.4 Daemon Server] - 2026-04-10T15:13:42.224Z - Received raw message of length 42
[NX v22.6.4 Daemon Server] - 2026-04-10T15:13:42.224Z - Received json message of type REGISTER_PROJECT_GRAPH_LISTENER
[NX v22.6.4 Daemon Server] - 2026-04-10T15:14:38.624Z - [WATCHER]: Processing file changes in outputs
[NX v22.6.4 Daemon Server] - 2026-04-10T15:14:38.624Z - [WATCHER]: firebase-debug.log was modified
[NX v22.6.4 Daemon Server] - 2026-04-10T15:14:38.624Z - [SYNC]: clearing sync generators cache due to file changes
[NX v22.6.4 Daemon Server] - 2026-04-10T15:14:39.030Z - [REQUEST]: Updated workspace context based on watched changes, recomputing project graph...
[NX v22.6.4 Daemon Server] - 2026-04-10T15:14:39.030Z - [REQUEST]: firebase-debug.log
[NX v22.6.4 Daemon Server] - 2026-04-10T15:14:39.030Z - [REQUEST]: 
[NX v22.6.4 Daemon Server] - 2026-04-10T15:14:39.053Z - Time taken for 'hash changed files from watcher' 0.5126000000163913ms
Time taken for 'plugin worker 22868 code loading' 158.6513ms
[NX v22.6.4 Daemon Server] - 2026-04-10T15:14:39.235Z - Time taken for 'start-plugin-worker:nx/js/dependencies-and-lockfile' 202.39770000055432ms
Time taken for 'plugin worker 2988 code loading' 155.299ms
Time taken for 'plugin worker 11048 code loading' 154.2402ms
[NX v22.6.4 Daemon Server] - 2026-04-10T15:14:39.250Z - Time taken for 'start-plugin-worker:nx/core/package-json' 211.1661000000313ms
[NX v22.6.4 Daemon Server] - 2026-04-10T15:14:39.250Z - Time taken for 'start-plugin-worker:nx/core/project-json' 202.8374999994412ms
[NX v22.6.4 Daemon Server] - 2026-04-10T15:14:39.348Z - Time taken for 'build-project-configs' 312.31790000014007ms
[NX v22.6.4 Daemon Server] - 2026-04-10T15:14:39.348Z - Time taken for 'createNodes:merge' 0.7376000005751848ms
[NX v22.6.4 Daemon Server] - 2026-04-10T15:14:39.348Z - Time taken for 'get-all-workspace-files' 0.03340000007301569ms
Time taken for 'nx/js/dependencies-and-lockfile:createNodes' 9.168000000000006ms
[NX v22.6.4 Daemon Server] - 2026-04-10T15:14:39.365Z - [SYNC]: collect registered sync generators
[NX v22.6.4 Daemon Server] - 2026-04-10T15:14:39.365Z - [SYNC]: project graph hash is the same, not collecting task sync generators
[NX v22.6.4 Daemon Server] - 2026-04-10T15:14:39.365Z - [SYNC]: nx.json hash is the same, not collecting global sync generators
[NX v22.6.4 Daemon Server] - 2026-04-10T15:14:39.365Z - Serializing response for PROJECT_GRAPH_UPDATED message in json mode
[NX v22.6.4 Daemon Server] - 2026-04-10T15:14:39.367Z - Responding to PROJECT_GRAPH_UPDATED message
[NX v22.6.4 Daemon Server] - 2026-04-10T15:14:39.367Z - [REQUEST]: Responding to the client. Project graph updated
[NX v22.6.4 Daemon Server] - 2026-04-10T15:14:39.368Z - Time taken for 'total execution time for createProjectGraph()' 18.57479999959469ms
[NX v22.6.4 Daemon Server] - 2026-04-10T15:14:39.368Z - Time taken for 'createDependencies' 16.12829999998212ms
[NX v22.6.4 Daemon Server] - 2026-04-10T15:14:39.368Z - Time taken for 'nx/js/dependencies-and-lockfile:createDependencies' 16.059000000357628ms
[NX v22.6.4 Daemon Server] - 2026-04-10T15:14:39.368Z - Time taken for 'createMetadata' 0.011800000444054604ms
[NX v22.6.4 Daemon Server] - 2026-04-10T15:14:39.368Z - Time taken for 'serialize graph' 1.8408000003546476ms
[NX v22.6.4 Daemon Server] - 2026-04-10T15:14:39.368Z - Done responding to the client Project graph updated
[NX v22.6.4 Daemon Server] - 2026-04-10T15:14:39.368Z - Handled json message PROJECT_GRAPH_UPDATED. Handling time: 0. Response time: 3.
[NX v22.6.4 Daemon Client] - 2026-04-10T15:14:39.368Z - [Messenger] Received message, length: 633984
[NX v22.6.4 Daemon Server] - 2026-04-10T15:14:40.389Z - Established a connection. Number of open connections: 3
[NX v22.6.4 Daemon Client] - 2026-04-10T15:14:40.389Z - [Messenger] Sending message type: GET_CONTEXT_FILE_DATA
[NX v22.6.4 Daemon Server] - 2026-04-10T15:14:40.390Z - Closed a connection. Number of open connections: 2
[NX v22.6.4 Daemon Client] - 2026-04-10T15:14:40.389Z - [Messenger] Message sent
[NX v22.6.4 Daemon Server] - 2026-04-10T15:14:40.390Z - Received raw message of length 32
[NX v22.6.4 Daemon Server] - 2026-04-10T15:14:40.390Z - Received json message of type GET_CONTEXT_FILE_DATA
[NX v22.6.4 Daemon Server] - 2026-04-10T15:14:40.392Z - Serializing response for GET_CONTEXT_FILE_DATA message in json mode
[NX v22.6.4 Daemon Server] - 2026-04-10T15:14:40.392Z - Responding to GET_CONTEXT_FILE_DATA message
[NX v22.6.4 Daemon Server] - 2026-04-10T15:14:40.392Z - [REQUEST]: Responding to the client. handleContextFileData
[NX v22.6.4 Daemon Server] - 2026-04-10T15:14:40.392Z - Done responding to the client handleContextFileData
[NX v22.6.4 Daemon Server] - 2026-04-10T15:14:40.392Z - Handled json message GET_CONTEXT_FILE_DATA. Handling time: 1. Response time: 0.
[NX v22.6.4 Daemon Client] - 2026-04-10T15:14:40.392Z - [Messenger] Received message, length: 26993
[NX v22.6.4 Daemon Server] - 2026-04-10T15:14:40.597Z - Closed a connection. Number of open connections: 1
[NX v22.6.4 Daemon Client] - 2026-04-10T15:14:40.597Z - [ProjectGraphListener] Socket closed, triggering reconnection
[NX v22.6.4 Daemon Server] - 2026-04-10T15:14:40.599Z - Established a connection. Number of open connections: 2
[NX v22.6.4 Daemon Server] - 2026-04-10T15:14:40.599Z - Closed a connection. Number of open connections: 1
[NX v22.6.4 Daemon Client] - 2026-04-10T15:14:40.598Z - [Messenger] Setting up socket listeners
[NX v22.6.4 Daemon Server] - 2026-04-10T15:14:40.599Z - Established a connection. Number of open connections: 2
[NX v22.6.4 Daemon Client] - 2026-04-10T15:14:40.599Z - [Messenger] listen() complete
[NX v22.6.4 Daemon Client] - 2026-04-10T15:14:40.599Z - [Messenger] Sending message type: REGISTER_PROJECT_GRAPH_LISTENER
[NX v22.6.4 Daemon Client] - 2026-04-10T15:14:40.599Z - [Messenger] Message sent
[NX v22.6.4 Daemon Server] - 2026-04-10T15:14:40.600Z - Received raw message of length 42
[NX v22.6.4 Daemon Server] - 2026-04-10T15:14:40.600Z - Received json message of type REGISTER_PROJECT_GRAPH_LISTENER
[NX v22.6.4 Daemon Server] - 2026-04-10T15:14:48.491Z - [WATCHER]: Processing file changes in outputs
[NX v22.6.4 Daemon Server] - 2026-04-10T15:14:48.491Z - [WATCHER]: functions/.eslintrc.js was modified
[NX v22.6.4 Daemon Server] - 2026-04-10T15:14:48.492Z - [SYNC]: clearing sync generators cache due to file changes
[NX v22.6.4 Daemon Server] - 2026-04-10T15:14:49.306Z - [REQUEST]: Updated workspace context based on watched changes, recomputing project graph...
[NX v22.6.4 Daemon Server] - 2026-04-10T15:14:49.306Z - [REQUEST]: functions/.eslintrc.js
[NX v22.6.4 Daemon Server] - 2026-04-10T15:14:49.306Z - [REQUEST]: 
[NX v22.6.4 Daemon Server] - 2026-04-10T15:14:49.330Z - Time taken for 'hash changed files from watcher' 0.5516999997198582ms
Time taken for 'plugin worker 25112 code loading' 176.41840000000002ms
[NX v22.6.4 Daemon Server] - 2026-04-10T15:14:49.532Z - Time taken for 'start-plugin-worker:nx/js/dependencies-and-lockfile' 225.24530000053346ms
Time taken for 'plugin worker 33132 code loading' 174.40560000000002ms
Time taken for 'plugin worker 23540 code loading' 173.40460000000002ms
[NX v22.6.4 Daemon Server] - 2026-04-10T15:14:49.552Z - Time taken for 'start-plugin-worker:nx/core/package-json' 237.96540000010282ms
[NX v22.6.4 Daemon Server] - 2026-04-10T15:14:49.552Z - Time taken for 'start-plugin-worker:nx/core/project-json' 230.63329999987036ms
[NX v22.6.4 Daemon Server] - 2026-04-10T15:14:49.663Z - Time taken for 'build-project-configs' 351.02539999969304ms
[NX v22.6.4 Daemon Server] - 2026-04-10T15:14:49.664Z - Time taken for 'createNodes:merge' 0.7916000001132488ms
[NX v22.6.4 Daemon Server] - 2026-04-10T15:14:49.664Z - Time taken for 'get-all-workspace-files' 0.03870000038295984ms
Time taken for 'nx/js/dependencies-and-lockfile:createNodes' 10.831399999999974ms
[NX v22.6.4 Daemon Server] - 2026-04-10T15:14:49.685Z - [SYNC]: collect registered sync generators
[NX v22.6.4 Daemon Server] - 2026-04-10T15:14:49.686Z - [SYNC]: project graph hash is the same, not collecting task sync generators
[NX v22.6.4 Daemon Server] - 2026-04-10T15:14:49.686Z - [SYNC]: nx.json hash is the same, not collecting global sync generators
[NX v22.6.4 Daemon Server] - 2026-04-10T15:14:49.686Z - Serializing response for PROJECT_GRAPH_UPDATED message in json mode
[NX v22.6.4 Daemon Server] - 2026-04-10T15:14:49.688Z - Responding to PROJECT_GRAPH_UPDATED message
[NX v22.6.4 Daemon Server] - 2026-04-10T15:14:49.688Z - [REQUEST]: Responding to the client. Project graph updated
[NX v22.6.4 Daemon Server] - 2026-04-10T15:14:49.689Z - Time taken for 'total execution time for createProjectGraph()' 25.0339999999851ms
[NX v22.6.4 Daemon Server] - 2026-04-10T15:14:49.689Z - Time taken for 'createDependencies' 21.79839999973774ms
[NX v22.6.4 Daemon Server] - 2026-04-10T15:14:49.689Z - Time taken for 'nx/js/dependencies-and-lockfile:createDependencies' 21.708000000566244ms
[NX v22.6.4 Daemon Server] - 2026-04-10T15:14:49.689Z - Time taken for 'createMetadata' 0.016699999570846558ms
[NX v22.6.4 Daemon Server] - 2026-04-10T15:14:49.689Z - Time taken for 'serialize graph' 2.0194000005722046ms
[NX v22.6.4 Daemon Client] - 2026-04-10T15:14:49.689Z - [Messenger] Received message, length: 633984
[NX v22.6.4 Daemon Server] - 2026-04-10T15:14:49.690Z - Done responding to the client Project graph updated
[NX v22.6.4 Daemon Server] - 2026-04-10T15:14:49.690Z - Handled json message PROJECT_GRAPH_UPDATED. Handling time: 0. Response time: 4.
[NX v22.6.4 Daemon Server] - 2026-04-10T15:14:50.708Z - Established a connection. Number of open connections: 3
[NX v22.6.4 Daemon Client] - 2026-04-10T15:14:50.707Z - [Messenger] Sending message type: GET_CONTEXT_FILE_DATA
[NX v22.6.4 Daemon Server] - 2026-04-10T15:14:50.708Z - Closed a connection. Number of open connections: 2
[NX v22.6.4 Daemon Client] - 2026-04-10T15:14:50.708Z - [Messenger] Message sent
[NX v22.6.4 Daemon Server] - 2026-04-10T15:14:50.708Z - Received raw message of length 32
[NX v22.6.4 Daemon Server] - 2026-04-10T15:14:50.708Z - Received json message of type GET_CONTEXT_FILE_DATA
[NX v22.6.4 Daemon Server] - 2026-04-10T15:14:50.709Z - Serializing response for GET_CONTEXT_FILE_DATA message in json mode
[NX v22.6.4 Daemon Server] - 2026-04-10T15:14:50.709Z - Responding to GET_CONTEXT_FILE_DATA message
[NX v22.6.4 Daemon Server] - 2026-04-10T15:14:50.709Z - [REQUEST]: Responding to the client. handleContextFileData
[NX v22.6.4 Daemon Server] - 2026-04-10T15:14:50.709Z - Done responding to the client handleContextFileData
[NX v22.6.4 Daemon Server] - 2026-04-10T15:14:50.709Z - Handled json message GET_CONTEXT_FILE_DATA. Handling time: 1. Response time: 0.
[NX v22.6.4 Daemon Client] - 2026-04-10T15:14:50.709Z - [Messenger] Received message, length: 26993
[NX v22.6.4 Daemon Server] - 2026-04-10T15:14:50.898Z - Closed a connection. Number of open connections: 1
[NX v22.6.4 Daemon Client] - 2026-04-10T15:14:50.898Z - [ProjectGraphListener] Socket closed, triggering reconnection
[NX v22.6.4 Daemon Server] - 2026-04-10T15:14:50.900Z - Established a connection. Number of open connections: 2
[NX v22.6.4 Daemon Server] - 2026-04-10T15:14:50.901Z - Closed a connection. Number of open connections: 1
[NX v22.6.4 Daemon Server] - 2026-04-10T15:14:50.901Z - Established a connection. Number of open connections: 2
[NX v22.6.4 Daemon Client] - 2026-04-10T15:14:50.900Z - [Messenger] Setting up socket listeners
[NX v22.6.4 Daemon Client] - 2026-04-10T15:14:50.901Z - [Messenger] listen() complete
[NX v22.6.4 Daemon Client] - 2026-04-10T15:14:50.901Z - [Messenger] Sending message type: REGISTER_PROJECT_GRAPH_LISTENER
[NX v22.6.4 Daemon Client] - 2026-04-10T15:14:50.901Z - [Messenger] Message sent
[NX v22.6.4 Daemon Server] - 2026-04-10T15:14:50.902Z - Received raw message of length 42
[NX v22.6.4 Daemon Server] - 2026-04-10T15:14:50.902Z - Received json message of type REGISTER_PROJECT_GRAPH_LISTENER
[NX v22.6.4 Daemon Server] - 2026-04-10T15:17:35.549Z - [WATCHER]: functions/firebase-debug.log was created or restored
[NX v22.6.4 Daemon Server] - 2026-04-10T15:17:35.549Z - [SYNC]: clearing sync generators cache due to file changes
[NX v22.6.4 Daemon Server] - 2026-04-10T15:17:35.549Z - [WATCHER]: Processing file changes in outputs
[NX v22.6.4 Daemon Server] - 2026-04-10T15:17:35.613Z - [WATCHER]: functions/firebase-debug.log was modified
[NX v22.6.4 Daemon Server] - 2026-04-10T15:17:35.613Z - [SYNC]: clearing sync generators cache due to file changes
[NX v22.6.4 Daemon Server] - 2026-04-10T15:17:35.613Z - [WATCHER]: Processing file changes in outputs
[NX v22.6.4 Daemon Server] - 2026-04-10T15:17:35.669Z - [REQUEST]: Updated workspace context based on watched changes, recomputing project graph...
[NX v22.6.4 Daemon Server] - 2026-04-10T15:17:35.669Z - [REQUEST]: functions/firebase-debug.log
[NX v22.6.4 Daemon Server] - 2026-04-10T15:17:35.669Z - [REQUEST]: 
[NX v22.6.4 Daemon Server] - 2026-04-10T15:17:35.692Z - Time taken for 'hash changed files from watcher' 12.526399999856949ms
Time taken for 'plugin worker 24224 code loading' 148.883ms
Time taken for 'plugin worker 21336 code loading' 154.4527ms
Time taken for 'plugin worker 35136 code loading' 161.1079ms
[NX v22.6.4 Daemon Server] - 2026-04-10T15:17:35.875Z - Time taken for 'start-plugin-worker:nx/js/dependencies-and-lockfile' 203.68350000027567ms
[NX v22.6.4 Daemon Server] - 2026-04-10T15:17:35.875Z - Time taken for 'start-plugin-worker:nx/core/package-json' 196.71670000068843ms
[NX v22.6.4 Daemon Server] - 2026-04-10T15:17:35.875Z - Time taken for 'start-plugin-worker:nx/core/project-json' 189.59080000035465ms
[NX v22.6.4 Daemon Server] - 2026-04-10T15:17:35.989Z - Time taken for 'build-project-configs' 314.2499000001699ms
[NX v22.6.4 Daemon Server] - 2026-04-10T15:17:35.989Z - Time taken for 'createNodes:merge' 0.6962999999523163ms
[NX v22.6.4 Daemon Server] - 2026-04-10T15:17:35.989Z - Time taken for 'get-all-workspace-files' 0.031300000846385956ms
Time taken for 'nx/js/dependencies-and-lockfile:createNodes' 8.054100000000005ms
[NX v22.6.4 Daemon Server] - 2026-04-10T15:17:36.005Z - [SYNC]: collect registered sync generators
[NX v22.6.4 Daemon Server] - 2026-04-10T15:17:36.005Z - [SYNC]: project graph hash is the same, not collecting task sync generators
[NX v22.6.4 Daemon Server] - 2026-04-10T15:17:36.005Z - [SYNC]: nx.json hash is the same, not collecting global sync generators
[NX v22.6.4 Daemon Server] - 2026-04-10T15:17:36.005Z - Serializing response for PROJECT_GRAPH_UPDATED message in json mode
[NX v22.6.4 Daemon Server] - 2026-04-10T15:17:36.007Z - Responding to PROJECT_GRAPH_UPDATED message
[NX v22.6.4 Daemon Server] - 2026-04-10T15:17:36.007Z - [REQUEST]: Responding to the client. Project graph updated
[NX v22.6.4 Daemon Server] - 2026-04-10T15:17:36.007Z - Time taken for 'total execution time for createProjectGraph()' 17.551400000229478ms
[NX v22.6.4 Daemon Server] - 2026-04-10T15:17:36.007Z - Time taken for 'createDependencies' 15.089599999599159ms
[NX v22.6.4 Daemon Server] - 2026-04-10T15:17:36.007Z - Time taken for 'nx/js/dependencies-and-lockfile:createDependencies' 15.0246000001207ms
[NX v22.6.4 Daemon Server] - 2026-04-10T15:17:36.007Z - Time taken for 'createMetadata' 0.014299999922513962ms
[NX v22.6.4 Daemon Server] - 2026-04-10T15:17:36.007Z - Time taken for 'serialize graph' 1.7383000003173947ms
[NX v22.6.4 Daemon Server] - 2026-04-10T15:17:36.007Z - Done responding to the client Project graph updated
[NX v22.6.4 Daemon Server] - 2026-04-10T15:17:36.007Z - Handled json message PROJECT_GRAPH_UPDATED. Handling time: 0. Response time: 2.
[NX v22.6.4 Daemon Client] - 2026-04-10T15:17:36.008Z - [Messenger] Received message, length: 633984
[NX v22.6.4 Daemon Server] - 2026-04-10T15:17:37.015Z - Established a connection. Number of open connections: 3
[NX v22.6.4 Daemon Client] - 2026-04-10T15:17:37.015Z - [Messenger] Sending message type: GET_CONTEXT_FILE_DATA
[NX v22.6.4 Daemon Server] - 2026-04-10T15:17:37.015Z - Closed a connection. Number of open connections: 2
[NX v22.6.4 Daemon Client] - 2026-04-10T15:17:37.016Z - [Messenger] Message sent
[NX v22.6.4 Daemon Server] - 2026-04-10T15:17:37.016Z - Received raw message of length 32
[NX v22.6.4 Daemon Server] - 2026-04-10T15:17:37.016Z - Received json message of type GET_CONTEXT_FILE_DATA
[NX v22.6.4 Daemon Server] - 2026-04-10T15:17:37.017Z - Serializing response for GET_CONTEXT_FILE_DATA message in json mode
[NX v22.6.4 Daemon Server] - 2026-04-10T15:17:37.017Z - Responding to GET_CONTEXT_FILE_DATA message
[NX v22.6.4 Daemon Server] - 2026-04-10T15:17:37.017Z - [REQUEST]: Responding to the client. handleContextFileData
[NX v22.6.4 Daemon Server] - 2026-04-10T15:17:37.017Z - Done responding to the client handleContextFileData
[NX v22.6.4 Daemon Server] - 2026-04-10T15:17:37.017Z - Handled json message GET_CONTEXT_FILE_DATA. Handling time: 1. Response time: 0.
[NX v22.6.4 Daemon Client] - 2026-04-10T15:17:37.018Z - [Messenger] Received message, length: 27062
[NX v22.6.4 Daemon Server] - 2026-04-10T15:17:37.212Z - Closed a connection. Number of open connections: 1
[NX v22.6.4 Daemon Client] - 2026-04-10T15:17:37.213Z - [ProjectGraphListener] Socket closed, triggering reconnection
[NX v22.6.4 Daemon Server] - 2026-04-10T15:17:37.214Z - Established a connection. Number of open connections: 2
[NX v22.6.4 Daemon Server] - 2026-04-10T15:17:37.214Z - Closed a connection. Number of open connections: 1
[NX v22.6.4 Daemon Client] - 2026-04-10T15:17:37.215Z - [Messenger] Setting up socket listeners
[NX v22.6.4 Daemon Server] - 2026-04-10T15:17:37.214Z - Established a connection. Number of open connections: 2
[NX v22.6.4 Daemon Client] - 2026-04-10T15:17:37.215Z - [Messenger] listen() complete
[NX v22.6.4 Daemon Client] - 2026-04-10T15:17:37.215Z - [Messenger] Sending message type: REGISTER_PROJECT_GRAPH_LISTENER
[NX v22.6.4 Daemon Client] - 2026-04-10T15:17:37.215Z - [Messenger] Message sent
[NX v22.6.4 Daemon Server] - 2026-04-10T15:17:37.215Z - Received raw message of length 42
[NX v22.6.4 Daemon Server] - 2026-04-10T15:17:37.215Z - Received json message of type REGISTER_PROJECT_GRAPH_LISTENER
[NX v22.6.4 Daemon Server] - 2026-04-10T15:17:43.526Z - [WATCHER]: functions/firebase-debug.log was deleted
[NX v22.6.4 Daemon Server] - 2026-04-10T15:17:43.526Z - [SYNC]: clearing sync generators cache due to file changes
[NX v22.6.4 Daemon Server] - 2026-04-10T15:17:43.526Z - [WATCHER]: Processing file changes in outputs
[NX v22.6.4 Daemon Server] - 2026-04-10T15:17:43.731Z - [REQUEST]: Updated workspace context based on watched changes, recomputing project graph...
[NX v22.6.4 Daemon Server] - 2026-04-10T15:17:43.731Z - [REQUEST]: 
[NX v22.6.4 Daemon Server] - 2026-04-10T15:17:43.731Z - [REQUEST]: functions/firebase-debug.log
[NX v22.6.4 Daemon Server] - 2026-04-10T15:17:43.757Z - Time taken for 'hash changed files from watcher' 1.153299999423325ms
Time taken for 'plugin worker 20508 code loading' 144.394ms
Time taken for 'plugin worker 19284 code loading' 141.6549ms
[NX v22.6.4 Daemon Server] - 2026-04-10T15:17:43.929Z - Time taken for 'start-plugin-worker:nx/js/dependencies-and-lockfile' 195.19859999977052ms
[NX v22.6.4 Daemon Server] - 2026-04-10T15:17:43.929Z - Time taken for 'start-plugin-worker:nx/core/package-json' 185.85210000071675ms
Time taken for 'plugin worker 33172 code loading' 139.29389999999998ms
[NX v22.6.4 Daemon Server] - 2026-04-10T15:17:43.949Z - Time taken for 'start-plugin-worker:nx/core/project-json' 197.76640000008047ms
[NX v22.6.4 Daemon Server] - 2026-04-10T15:17:44.042Z - Time taken for 'build-project-configs' 304.9708000002429ms
[NX v22.6.4 Daemon Server] - 2026-04-10T15:17:44.043Z - Time taken for 'createNodes:merge' 0.6775000002235174ms
[NX v22.6.4 Daemon Server] - 2026-04-10T15:17:44.043Z - Time taken for 'get-all-workspace-files' 0.028200000524520874ms
Time taken for 'nx/js/dependencies-and-lockfile:createNodes' 8.29359999999997ms
[NX v22.6.4 Daemon Server] - 2026-04-10T15:17:44.054Z - [SYNC]: collect registered sync generators
[NX v22.6.4 Daemon Server] - 2026-04-10T15:17:44.054Z - [SYNC]: project graph hash is the same, not collecting task sync generators
[NX v22.6.4 Daemon Server] - 2026-04-10T15:17:44.054Z - [SYNC]: nx.json hash is the same, not collecting global sync generators
[NX v22.6.4 Daemon Server] - 2026-04-10T15:17:44.054Z - Serializing response for PROJECT_GRAPH_UPDATED message in json mode
[NX v22.6.4 Daemon Server] - 2026-04-10T15:17:44.056Z - Responding to PROJECT_GRAPH_UPDATED message
[NX v22.6.4 Daemon Server] - 2026-04-10T15:17:44.056Z - [REQUEST]: Responding to the client. Project graph updated
[NX v22.6.4 Daemon Server] - 2026-04-10T15:17:44.056Z - Time taken for 'total execution time for createProjectGraph()' 13.177299999631941ms
[NX v22.6.4 Daemon Server] - 2026-04-10T15:17:44.056Z - Time taken for 'createDependencies' 10.834699999541044ms
[NX v22.6.4 Daemon Server] - 2026-04-10T15:17:44.056Z - Time taken for 'nx/js/dependencies-and-lockfile:createDependencies' 10.776700000278652ms
[NX v22.6.4 Daemon Server] - 2026-04-10T15:17:44.056Z - Time taken for 'createMetadata' 0.010900000110268593ms
[NX v22.6.4 Daemon Server] - 2026-04-10T15:17:44.056Z - Time taken for 'serialize graph' 1.740400000475347ms
[NX v22.6.4 Daemon Server] - 2026-04-10T15:17:44.057Z - Done responding to the client Project graph updated
[NX v22.6.4 Daemon Server] - 2026-04-10T15:17:44.057Z - Handled json message PROJECT_GRAPH_UPDATED. Handling time: 0. Response time: 3.
[NX v22.6.4 Daemon Client] - 2026-04-10T15:17:44.057Z - [Messenger] Received message, length: 633984
[NX v22.6.4 Daemon Server] - 2026-04-10T15:17:45.070Z - Established a connection. Number of open connections: 3
[NX v22.6.4 Daemon Client] - 2026-04-10T15:17:45.071Z - [Messenger] Sending message type: GET_CONTEXT_FILE_DATA
[NX v22.6.4 Daemon Server] - 2026-04-10T15:17:45.071Z - Closed a connection. Number of open connections: 2
[NX v22.6.4 Daemon Client] - 2026-04-10T15:17:45.071Z - [Messenger] Message sent
[NX v22.6.4 Daemon Server] - 2026-04-10T15:17:45.071Z - Received raw message of length 32
[NX v22.6.4 Daemon Server] - 2026-04-10T15:17:45.071Z - Received json message of type GET_CONTEXT_FILE_DATA
[NX v22.6.4 Daemon Server] - 2026-04-10T15:17:45.072Z - Serializing response for GET_CONTEXT_FILE_DATA message in json mode
[NX v22.6.4 Daemon Server] - 2026-04-10T15:17:45.072Z - Responding to GET_CONTEXT_FILE_DATA message
[NX v22.6.4 Daemon Server] - 2026-04-10T15:17:45.072Z - [REQUEST]: Responding to the client. handleContextFileData
[NX v22.6.4 Daemon Server] - 2026-04-10T15:17:45.072Z - Done responding to the client handleContextFileData
[NX v22.6.4 Daemon Server] - 2026-04-10T15:17:45.072Z - Handled json message GET_CONTEXT_FILE_DATA. Handling time: 1. Response time: 0.
[NX v22.6.4 Daemon Client] - 2026-04-10T15:17:45.073Z - [Messenger] Received message, length: 26993
[NX v22.6.4 Daemon Server] - 2026-04-10T15:17:45.263Z - Closed a connection. Number of open connections: 1
[NX v22.6.4 Daemon Client] - 2026-04-10T15:17:45.263Z - [ProjectGraphListener] Socket closed, triggering reconnection
[NX v22.6.4 Daemon Server] - 2026-04-10T15:17:45.264Z - Established a connection. Number of open connections: 2
[NX v22.6.4 Daemon Server] - 2026-04-10T15:17:45.264Z - Closed a connection. Number of open connections: 1
[NX v22.6.4 Daemon Client] - 2026-04-10T15:17:45.265Z - [Messenger] Setting up socket listeners
[NX v22.6.4 Daemon Server] - 2026-04-10T15:17:45.264Z - Established a connection. Number of open connections: 2
[NX v22.6.4 Daemon Client] - 2026-04-10T15:17:45.265Z - [Messenger] listen() complete
[NX v22.6.4 Daemon Client] - 2026-04-10T15:17:45.265Z - [Messenger] Sending message type: REGISTER_PROJECT_GRAPH_LISTENER
[NX v22.6.4 Daemon Client] - 2026-04-10T15:17:45.266Z - [Messenger] Message sent
[NX v22.6.4 Daemon Server] - 2026-04-10T15:17:45.266Z - Received raw message of length 42
[NX v22.6.4 Daemon Server] - 2026-04-10T15:17:45.266Z - Received json message of type REGISTER_PROJECT_GRAPH_LISTENER
[NX v22.6.4 Daemon Server] - 2026-04-10T15:17:49.269Z - [WATCHER]: Processing file changes in outputs
[NX v22.6.4 Daemon Server] - 2026-04-10T15:17:49.269Z - [WATCHER]: functions/.eslintrc.js was modified
[NX v22.6.4 Daemon Server] - 2026-04-10T15:17:49.269Z - [SYNC]: clearing sync generators cache due to file changes
[NX v22.6.4 Daemon Server] - 2026-04-10T15:17:49.677Z - [REQUEST]: Updated workspace context based on watched changes, recomputing project graph...
[NX v22.6.4 Daemon Server] - 2026-04-10T15:17:49.677Z - [REQUEST]: functions/.eslintrc.js
[NX v22.6.4 Daemon Server] - 2026-04-10T15:17:49.677Z - [REQUEST]: 
[NX v22.6.4 Daemon Server] - 2026-04-10T15:17:49.699Z - Time taken for 'hash changed files from watcher' 0.9073999999091029ms
Time taken for 'plugin worker 10616 code loading' 150.0205ms
Time taken for 'plugin worker 1576 code loading' 146.807ms
[NX v22.6.4 Daemon Server] - 2026-04-10T15:17:49.873Z - Time taken for 'start-plugin-worker:nx/js/dependencies-and-lockfile' 194.72690000012517ms
[NX v22.6.4 Daemon Server] - 2026-04-10T15:17:49.873Z - Time taken for 'start-plugin-worker:nx/core/package-json' 188.92969999928027ms
Time taken for 'plugin worker 38532 code loading' 151.2952ms
[NX v22.6.4 Daemon Server] - 2026-04-10T15:17:49.886Z - Time taken for 'start-plugin-worker:nx/core/project-json' 194.63320000004023ms
[NX v22.6.4 Daemon Server] - 2026-04-10T15:17:49.987Z - Time taken for 'build-project-configs' 304.7704999996349ms
[NX v22.6.4 Daemon Server] - 2026-04-10T15:17:49.987Z - Time taken for 'createNodes:merge' 0.7576999999582767ms
[NX v22.6.4 Daemon Server] - 2026-04-10T15:17:49.987Z - Time taken for 'get-all-workspace-files' 0.0542000001296401ms
Time taken for 'nx/js/dependencies-and-lockfile:createNodes' 8.40300000000002ms
[NX v22.6.4 Daemon Server] - 2026-04-10T15:17:50.004Z - [SYNC]: collect registered sync generators
[NX v22.6.4 Daemon Server] - 2026-04-10T15:17:50.004Z - [SYNC]: project graph hash is the same, not collecting task sync generators
[NX v22.6.4 Daemon Server] - 2026-04-10T15:17:50.004Z - [SYNC]: nx.json hash is the same, not collecting global sync generators
[NX v22.6.4 Daemon Server] - 2026-04-10T15:17:50.004Z - Serializing response for PROJECT_GRAPH_UPDATED message in json mode
[NX v22.6.4 Daemon Server] - 2026-04-10T15:17:50.006Z - Responding to PROJECT_GRAPH_UPDATED message
[NX v22.6.4 Daemon Server] - 2026-04-10T15:17:50.006Z - [REQUEST]: Responding to the client. Project graph updated
[NX v22.6.4 Daemon Server] - 2026-04-10T15:17:50.006Z - Time taken for 'total execution time for createProjectGraph()' 19.014700000174344ms
[NX v22.6.4 Daemon Server] - 2026-04-10T15:17:50.006Z - Time taken for 'createDependencies' 16.288100000470877ms
[NX v22.6.4 Daemon Server] - 2026-04-10T15:17:50.006Z - Time taken for 'nx/js/dependencies-and-lockfile:createDependencies' 16.223500000312924ms
[NX v22.6.4 Daemon Server] - 2026-04-10T15:17:50.006Z - Time taken for 'createMetadata' 0.013000000268220901ms
[NX v22.6.4 Daemon Server] - 2026-04-10T15:17:50.006Z - Time taken for 'serialize graph' 1.778299999423325ms
[NX v22.6.4 Daemon Server] - 2026-04-10T15:17:50.007Z - Done responding to the client Project graph updated
[NX v22.6.4 Daemon Server] - 2026-04-10T15:17:50.007Z - Handled json message PROJECT_GRAPH_UPDATED. Handling time: 0. Response time: 3.
[NX v22.6.4 Daemon Client] - 2026-04-10T15:17:50.008Z - [Messenger] Received message, length: 633984
[NX v22.6.4 Daemon Server] - 2026-04-10T15:17:51.019Z - Established a connection. Number of open connections: 3
[NX v22.6.4 Daemon Client] - 2026-04-10T15:17:51.020Z - [Messenger] Sending message type: GET_CONTEXT_FILE_DATA
[NX v22.6.4 Daemon Server] - 2026-04-10T15:17:51.019Z - Closed a connection. Number of open connections: 2
[NX v22.6.4 Daemon Client] - 2026-04-10T15:17:51.020Z - [Messenger] Message sent
[NX v22.6.4 Daemon Server] - 2026-04-10T15:17:51.022Z - Received raw message of length 32
[NX v22.6.4 Daemon Server] - 2026-04-10T15:17:51.022Z - Received json message of type GET_CONTEXT_FILE_DATA
[NX v22.6.4 Daemon Server] - 2026-04-10T15:17:51.023Z - Serializing response for GET_CONTEXT_FILE_DATA message in json mode
[NX v22.6.4 Daemon Server] - 2026-04-10T15:17:51.023Z - Responding to GET_CONTEXT_FILE_DATA message
[NX v22.6.4 Daemon Server] - 2026-04-10T15:17:51.023Z - [REQUEST]: Responding to the client. handleContextFileData
[NX v22.6.4 Daemon Server] - 2026-04-10T15:17:51.023Z - Done responding to the client handleContextFileData
[NX v22.6.4 Daemon Server] - 2026-04-10T15:17:51.023Z - Handled json message GET_CONTEXT_FILE_DATA. Handling time: 1. Response time: 0.
[NX v22.6.4 Daemon Client] - 2026-04-10T15:17:51.024Z - [Messenger] Received message, length: 26993
[NX v22.6.4 Daemon Server] - 2026-04-10T15:17:51.191Z - Closed a connection. Number of open connections: 1
[NX v22.6.4 Daemon Client] - 2026-04-10T15:17:51.192Z - [ProjectGraphListener] Socket closed, triggering reconnection
[NX v22.6.4 Daemon Server] - 2026-04-10T15:17:51.193Z - Established a connection. Number of open connections: 2
[NX v22.6.4 Daemon Server] - 2026-04-10T15:17:51.193Z - Closed a connection. Number of open connections: 1
[NX v22.6.4 Daemon Server] - 2026-04-10T15:17:51.194Z - Established a connection. Number of open connections: 2
[NX v22.6.4 Daemon Client] - 2026-04-10T15:17:51.194Z - [Messenger] Setting up socket listeners
[NX v22.6.4 Daemon Client] - 2026-04-10T15:17:51.194Z - [Messenger] listen() complete
[NX v22.6.4 Daemon Client] - 2026-04-10T15:17:51.195Z - [Messenger] Sending message type: REGISTER_PROJECT_GRAPH_LISTENER
[NX v22.6.4 Daemon Client] - 2026-04-10T15:17:51.195Z - [Messenger] Message sent
[NX v22.6.4 Daemon Server] - 2026-04-10T15:17:51.195Z - Received raw message of length 42
[NX v22.6.4 Daemon Server] - 2026-04-10T15:17:51.195Z - Received json message of type REGISTER_PROJECT_GRAPH_LISTENER
[NX v22.6.4 Daemon Server] - 2026-04-10T15:17:53.981Z - [WATCHER]: Processing file changes in outputs
[NX v22.6.4 Daemon Server] - 2026-04-10T15:17:53.982Z - [WATCHER]: functions/firebase-debug.log was created or restored
[NX v22.6.4 Daemon Server] - 2026-04-10T15:17:53.982Z - [SYNC]: clearing sync generators cache due to file changes
[NX v22.6.4 Daemon Server] - 2026-04-10T15:17:54.103Z - [REQUEST]: Updated workspace context based on watched changes, recomputing project graph...
[NX v22.6.4 Daemon Server] - 2026-04-10T15:17:54.103Z - [REQUEST]: functions/firebase-debug.log
[NX v22.6.4 Daemon Server] - 2026-04-10T15:17:54.103Z - [REQUEST]: 
[NX v22.6.4 Daemon Server] - 2026-04-10T15:17:54.122Z - Time taken for 'hash changed files from watcher' 10.749900000169873ms
Time taken for 'plugin worker 3724 code loading' 148.4767ms
Time taken for 'plugin worker 18512 code loading' 151.4669ms
Time taken for 'plugin worker 30060 code loading' 147.0264ms
[NX v22.6.4 Daemon Server] - 2026-04-10T15:17:54.302Z - Time taken for 'start-plugin-worker:nx/js/dependencies-and-lockfile' 197.78249999973923ms
[NX v22.6.4 Daemon Server] - 2026-04-10T15:17:54.302Z - Time taken for 'start-plugin-worker:nx/core/package-json' 192.31469999998808ms
[NX v22.6.4 Daemon Server] - 2026-04-10T15:17:54.302Z - Time taken for 'start-plugin-worker:nx/core/project-json' 186.78060000017285ms
[NX v22.6.4 Daemon Server] - 2026-04-10T15:17:54.413Z - Time taken for 'build-project-configs' 304.7233999995515ms
[NX v22.6.4 Daemon Server] - 2026-04-10T15:17:54.413Z - Time taken for 'createNodes:merge' 0.6583999991416931ms
[NX v22.6.4 Daemon Server] - 2026-04-10T15:17:54.413Z - Time taken for 'get-all-workspace-files' 0.08469999954104424ms
Time taken for 'nx/js/dependencies-and-lockfile:createNodes' 8.033600000000035ms
[NX v22.6.4 Daemon Server] - 2026-04-10T15:17:54.429Z - [SYNC]: collect registered sync generators
[NX v22.6.4 Daemon Server] - 2026-04-10T15:17:54.429Z - [SYNC]: project graph hash is the same, not collecting task sync generators
[NX v22.6.4 Daemon Server] - 2026-04-10T15:17:54.429Z - [SYNC]: nx.json hash is the same, not collecting global sync generators
[NX v22.6.4 Daemon Server] - 2026-04-10T15:17:54.429Z - Serializing response for PROJECT_GRAPH_UPDATED message in json mode
[NX v22.6.4 Daemon Server] - 2026-04-10T15:17:54.431Z - Responding to PROJECT_GRAPH_UPDATED message
[NX v22.6.4 Daemon Server] - 2026-04-10T15:17:54.431Z - [REQUEST]: Responding to the client. Project graph updated
[NX v22.6.4 Daemon Server] - 2026-04-10T15:17:54.432Z - Time taken for 'total execution time for createProjectGraph()' 17.890100000426173ms
[NX v22.6.4 Daemon Server] - 2026-04-10T15:17:54.432Z - Time taken for 'createDependencies' 15.3047999991104ms
[NX v22.6.4 Daemon Server] - 2026-04-10T15:17:54.432Z - Time taken for 'nx/js/dependencies-and-lockfile:createDependencies' 15.223400000482798ms
[NX v22.6.4 Daemon Server] - 2026-04-10T15:17:54.432Z - Time taken for 'createMetadata' 0.011500000022351742ms
[NX v22.6.4 Daemon Server] - 2026-04-10T15:17:54.432Z - Time taken for 'serialize graph' 1.8306999998167157ms
[NX v22.6.4 Daemon Server] - 2026-04-10T15:17:54.433Z - Done responding to the client Project graph updated
[NX v22.6.4 Daemon Server] - 2026-04-10T15:17:54.433Z - Handled json message PROJECT_GRAPH_UPDATED. Handling time: 0. Response time: 4.
[NX v22.6.4 Daemon Client] - 2026-04-10T15:17:54.433Z - [Messenger] Received message, length: 633984
[NX v22.6.4 Daemon Server] - 2026-04-10T15:17:55.438Z - Established a connection. Number of open connections: 3
[NX v22.6.4 Daemon Client] - 2026-04-10T15:17:55.439Z - [Messenger] Sending message type: GET_CONTEXT_FILE_DATA
[NX v22.6.4 Daemon Server] - 2026-04-10T15:17:55.439Z - Closed a connection. Number of open connections: 2
[NX v22.6.4 Daemon Client] - 2026-04-10T15:17:55.439Z - [Messenger] Message sent
[NX v22.6.4 Daemon Server] - 2026-04-10T15:17:55.440Z - Received raw message of length 32
[NX v22.6.4 Daemon Server] - 2026-04-10T15:17:55.440Z - Received json message of type GET_CONTEXT_FILE_DATA
[NX v22.6.4 Daemon Server] - 2026-04-10T15:17:55.440Z - Serializing response for GET_CONTEXT_FILE_DATA message in json mode
[NX v22.6.4 Daemon Server] - 2026-04-10T15:17:55.441Z - Responding to GET_CONTEXT_FILE_DATA message
[NX v22.6.4 Daemon Server] - 2026-04-10T15:17:55.441Z - [REQUEST]: Responding to the client. handleContextFileData
[NX v22.6.4 Daemon Server] - 2026-04-10T15:17:55.441Z - Done responding to the client handleContextFileData
[NX v22.6.4 Daemon Server] - 2026-04-10T15:17:55.441Z - Handled json message GET_CONTEXT_FILE_DATA. Handling time: 0. Response time: 1.
[NX v22.6.4 Daemon Client] - 2026-04-10T15:17:55.441Z - [Messenger] Received message, length: 27063
[NX v22.6.4 Daemon Server] - 2026-04-10T15:17:55.603Z - Closed a connection. Number of open connections: 1
[NX v22.6.4 Daemon Client] - 2026-04-10T15:17:55.603Z - [ProjectGraphListener] Socket closed, triggering reconnection
[NX v22.6.4 Daemon Server] - 2026-04-10T15:17:55.604Z - Established a connection. Number of open connections: 2
[NX v22.6.4 Daemon Server] - 2026-04-10T15:17:55.604Z - Closed a connection. Number of open connections: 1
[NX v22.6.4 Daemon Client] - 2026-04-10T15:17:55.604Z - [Messenger] Setting up socket listeners
[NX v22.6.4 Daemon Server] - 2026-04-10T15:17:55.604Z - Established a connection. Number of open connections: 2
[NX v22.6.4 Daemon Client] - 2026-04-10T15:17:55.605Z - [Messenger] listen() complete
[NX v22.6.4 Daemon Client] - 2026-04-10T15:17:55.605Z - [Messenger] Sending message type: REGISTER_PROJECT_GRAPH_LISTENER
[NX v22.6.4 Daemon Client] - 2026-04-10T15:17:55.605Z - [Messenger] Message sent
[NX v22.6.4 Daemon Server] - 2026-04-10T15:17:55.605Z - Received raw message of length 42
[NX v22.6.4 Daemon Server] - 2026-04-10T15:17:55.605Z - Received json message of type REGISTER_PROJECT_GRAPH_LISTENER
[NX v22.6.4 Daemon Server] - 2026-04-10T15:18:04.825Z - [WATCHER]: Processing file changes in outputs
[NX v22.6.4 Daemon Server] - 2026-04-10T15:18:05.713Z - [WATCHER]: Processing file changes in outputs
[NX v22.6.4 Daemon Server] - 2026-04-10T15:18:05.713Z - [WATCHER]: functions/firebase-debug.log was deleted
[NX v22.6.4 Daemon Server] - 2026-04-10T15:18:05.713Z - [SYNC]: clearing sync generators cache due to file changes
[NX v22.6.4 Daemon Server] - 2026-04-10T15:18:05.914Z - [REQUEST]: Updated workspace context based on watched changes, recomputing project graph...
[NX v22.6.4 Daemon Server] - 2026-04-10T15:18:05.914Z - [REQUEST]: 
[NX v22.6.4 Daemon Server] - 2026-04-10T15:18:05.914Z - [REQUEST]: functions/firebase-debug.log
[NX v22.6.4 Daemon Server] - 2026-04-10T15:18:05.936Z - Time taken for 'hash changed files from watcher' 0.3598999995738268ms
Time taken for 'plugin worker 30580 code loading' 156.79059999999998ms
[NX v22.6.4 Daemon Server] - 2026-04-10T15:18:06.117Z - Time taken for 'start-plugin-worker:nx/js/dependencies-and-lockfile' 201.45240000076592ms
Time taken for 'plugin worker 9492 code loading' 158.23250000000002ms
Time taken for 'plugin worker 13116 code loading' 157.71699999999998ms
[NX v22.6.4 Daemon Server] - 2026-04-10T15:18:06.128Z - Time taken for 'start-plugin-worker:nx/core/package-json' 205.65990000031888ms
[NX v22.6.4 Daemon Server] - 2026-04-10T15:18:06.149Z - Time taken for 'start-plugin-worker:nx/core/project-json' 220.24569999985397ms
Time taken for 'nx/js/dependencies-and-lockfile:createNodes' 9.062400000000025ms
[NX v22.6.4 Daemon Server] - 2026-04-10T15:18:06.242Z - Time taken for 'build-project-configs' 322.7220999998972ms
[NX v22.6.4 Daemon Server] - 2026-04-10T15:18:06.242Z - Time taken for 'createNodes:merge' 0.646200000308454ms
[NX v22.6.4 Daemon Server] - 2026-04-10T15:18:06.242Z - Time taken for 'get-all-workspace-files' 0.02879999950528145ms
[NX v22.6.4 Daemon Server] - 2026-04-10T15:18:06.254Z - [SYNC]: collect registered sync generators
[NX v22.6.4 Daemon Server] - 2026-04-10T15:18:06.254Z - [SYNC]: project graph hash is the same, not collecting task sync generators
[NX v22.6.4 Daemon Server] - 2026-04-10T15:18:06.254Z - [SYNC]: nx.json hash is the same, not collecting global sync generators
[NX v22.6.4 Daemon Server] - 2026-04-10T15:18:06.254Z - Serializing response for PROJECT_GRAPH_UPDATED message in json mode
[NX v22.6.4 Daemon Server] - 2026-04-10T15:18:06.256Z - Responding to PROJECT_GRAPH_UPDATED message
[NX v22.6.4 Daemon Server] - 2026-04-10T15:18:06.256Z - [REQUEST]: Responding to the client. Project graph updated
[NX v22.6.4 Daemon Server] - 2026-04-10T15:18:06.256Z - Time taken for 'total execution time for createProjectGraph()' 13.614299999549985ms
[NX v22.6.4 Daemon Server] - 2026-04-10T15:18:06.256Z - Time taken for 'createDependencies' 11.254399999976158ms
[NX v22.6.4 Daemon Server] - 2026-04-10T15:18:06.256Z - Time taken for 'nx/js/dependencies-and-lockfile:createDependencies' 11.19719999935478ms
[NX v22.6.4 Daemon Server] - 2026-04-10T15:18:06.256Z - Time taken for 'createMetadata' 0.0139999995008111ms
[NX v22.6.4 Daemon Server] - 2026-04-10T15:18:06.256Z - Time taken for 'serialize graph' 1.8530000001192093ms
[NX v22.6.4 Daemon Server] - 2026-04-10T15:18:06.257Z - Done responding to the client Project graph updated
[NX v22.6.4 Daemon Server] - 2026-04-10T15:18:06.257Z - Handled json message PROJECT_GRAPH_UPDATED. Handling time: 0. Response time: 3.
[NX v22.6.4 Daemon Client] - 2026-04-10T15:18:06.258Z - [Messenger] Received message, length: 633984
[NX v22.6.4 Daemon Server] - 2026-04-10T15:18:07.274Z - Established a connection. Number of open connections: 3
[NX v22.6.4 Daemon Client] - 2026-04-10T15:18:07.275Z - [Messenger] Sending message type: GET_CONTEXT_FILE_DATA
[NX v22.6.4 Daemon Server] - 2026-04-10T15:18:07.274Z - Closed a connection. Number of open connections: 2
[NX v22.6.4 Daemon Client] - 2026-04-10T15:18:07.275Z - [Messenger] Message sent
[NX v22.6.4 Daemon Server] - 2026-04-10T15:18:07.275Z - Received raw message of length 32
[NX v22.6.4 Daemon Server] - 2026-04-10T15:18:07.275Z - Received json message of type GET_CONTEXT_FILE_DATA
[NX v22.6.4 Daemon Server] - 2026-04-10T15:18:07.275Z - Serializing response for GET_CONTEXT_FILE_DATA message in json mode
[NX v22.6.4 Daemon Server] - 2026-04-10T15:18:07.275Z - Responding to GET_CONTEXT_FILE_DATA message
[NX v22.6.4 Daemon Server] - 2026-04-10T15:18:07.275Z - [REQUEST]: Responding to the client. handleContextFileData
[NX v22.6.4 Daemon Server] - 2026-04-10T15:18:07.275Z - Done responding to the client handleContextFileData
[NX v22.6.4 Daemon Server] - 2026-04-10T15:18:07.276Z - Handled json message GET_CONTEXT_FILE_DATA. Handling time: 0. Response time: 1.
[NX v22.6.4 Daemon Client] - 2026-04-10T15:18:07.276Z - [Messenger] Received message, length: 26993
[NX v22.6.4 Daemon Server] - 2026-04-10T15:18:07.487Z - Closed a connection. Number of open connections: 1
[NX v22.6.4 Daemon Client] - 2026-04-10T15:18:07.487Z - [ProjectGraphListener] Socket closed, triggering reconnection
[NX v22.6.4 Daemon Server] - 2026-04-10T15:18:07.488Z - Established a connection. Number of open connections: 2
[NX v22.6.4 Daemon Server] - 2026-04-10T15:18:07.489Z - Closed a connection. Number of open connections: 1
[NX v22.6.4 Daemon Client] - 2026-04-10T15:18:07.489Z - [Messenger] Setting up socket listeners
[NX v22.6.4 Daemon Server] - 2026-04-10T15:18:07.489Z - Established a connection. Number of open connections: 2
[NX v22.6.4 Daemon Client] - 2026-04-10T15:18:07.489Z - [Messenger] listen() complete
[NX v22.6.4 Daemon Client] - 2026-04-10T15:18:07.489Z - [Messenger] Sending message type: REGISTER_PROJECT_GRAPH_LISTENER
[NX v22.6.4 Daemon Client] - 2026-04-10T15:18:07.490Z - [Messenger] Message sent
[NX v22.6.4 Daemon Server] - 2026-04-10T15:18:07.490Z - Received raw message of length 42
[NX v22.6.4 Daemon Server] - 2026-04-10T15:18:07.490Z - Received json message of type REGISTER_PROJECT_GRAPH_LISTENER
[NX v22.6.4 Daemon Server] - 2026-04-10T15:18:38.044Z - [WATCHER]: Processing file changes in outputs
[NX v22.6.4 Daemon Server] - 2026-04-10T15:18:38.045Z - [WATCHER]: firebase-debug.log was modified
[NX v22.6.4 Daemon Server] - 2026-04-10T15:18:38.045Z - [SYNC]: clearing sync generators cache due to file changes
[NX v22.6.4 Daemon Server] - 2026-04-10T15:18:38.447Z - [REQUEST]: Updated workspace context based on watched changes, recomputing project graph...
[NX v22.6.4 Daemon Server] - 2026-04-10T15:18:38.447Z - [REQUEST]: firebase-debug.log
[NX v22.6.4 Daemon Server] - 2026-04-10T15:18:38.447Z - [REQUEST]: 
[NX v22.6.4 Daemon Server] - 2026-04-10T15:18:38.472Z - Time taken for 'hash changed files from watcher' 0.5416999999433756ms
Time taken for 'plugin worker 14164 code loading' 161.5712ms
Time taken for 'plugin worker 32620 code loading' 160.66140000000001ms
[NX v22.6.4 Daemon Server] - 2026-04-10T15:18:38.662Z - Time taken for 'start-plugin-worker:nx/js/dependencies-and-lockfile' 213.63609999977052ms
[NX v22.6.4 Daemon Server] - 2026-04-10T15:18:38.662Z - Time taken for 'start-plugin-worker:nx/core/package-json' 206.27920000068843ms
Time taken for 'plugin worker 20448 code loading' 157.69899999999998ms
[NX v22.6.4 Daemon Server] - 2026-04-10T15:18:38.684Z - Time taken for 'start-plugin-worker:nx/core/project-json' 220.05139999929816ms
[NX v22.6.4 Daemon Server] - 2026-04-10T15:18:38.782Z - Time taken for 'build-project-configs' 329.5794000001624ms
[NX v22.6.4 Daemon Server] - 2026-04-10T15:18:38.782Z - Time taken for 'createNodes:merge' 0.6492999996989965ms
[NX v22.6.4 Daemon Server] - 2026-04-10T15:18:38.782Z - Time taken for 'get-all-workspace-files' 0.03000000026077032ms
Time taken for 'nx/js/dependencies-and-lockfile:createNodes' 8.81450000000001ms
[NX v22.6.4 Daemon Server] - 2026-04-10T15:18:38.799Z - [SYNC]: collect registered sync generators
[NX v22.6.4 Daemon Server] - 2026-04-10T15:18:38.800Z - [SYNC]: project graph hash is the same, not collecting task sync generators
[NX v22.6.4 Daemon Server] - 2026-04-10T15:18:38.800Z - [SYNC]: nx.json hash is the same, not collecting global sync generators
[NX v22.6.4 Daemon Server] - 2026-04-10T15:18:38.800Z - Serializing response for PROJECT_GRAPH_UPDATED message in json mode
[NX v22.6.4 Daemon Server] - 2026-04-10T15:18:38.802Z - Responding to PROJECT_GRAPH_UPDATED message
[NX v22.6.4 Daemon Server] - 2026-04-10T15:18:38.802Z - [REQUEST]: Responding to the client. Project graph updated
[NX v22.6.4 Daemon Server] - 2026-04-10T15:18:38.802Z - Time taken for 'total execution time for createProjectGraph()' 19.720999999903142ms
[NX v22.6.4 Daemon Server] - 2026-04-10T15:18:38.802Z - Time taken for 'createDependencies' 16.822200000286102ms
[NX v22.6.4 Daemon Server] - 2026-04-10T15:18:38.802Z - Time taken for 'nx/js/dependencies-and-lockfile:createDependencies' 16.731100000441074ms
[NX v22.6.4 Daemon Server] - 2026-04-10T15:18:38.802Z - Time taken for 'createMetadata' 0.016700000502169132ms
[NX v22.6.4 Daemon Server] - 2026-04-10T15:18:38.802Z - Time taken for 'serialize graph' 1.884599999524653ms
[NX v22.6.4 Daemon Server] - 2026-04-10T15:18:38.802Z - Done responding to the client Project graph updated
[NX v22.6.4 Daemon Server] - 2026-04-10T15:18:38.802Z - Handled json message PROJECT_GRAPH_UPDATED. Handling time: 0. Response time: 2.
[NX v22.6.4 Daemon Client] - 2026-04-10T15:18:38.803Z - [Messenger] Received message, length: 633984
[NX v22.6.4 Daemon Server] - 2026-04-10T15:18:39.820Z - Established a connection. Number of open connections: 3
[NX v22.6.4 Daemon Client] - 2026-04-10T15:18:39.820Z - [Messenger] Sending message type: GET_CONTEXT_FILE_DATA
[NX v22.6.4 Daemon Server] - 2026-04-10T15:18:39.820Z - Closed a connection. Number of open connections: 2
[NX v22.6.4 Daemon Client] - 2026-04-10T15:18:39.821Z - [Messenger] Message sent
[NX v22.6.4 Daemon Server] - 2026-04-10T15:18:39.821Z - Received raw message of length 32
[NX v22.6.4 Daemon Server] - 2026-04-10T15:18:39.821Z - Received json message of type GET_CONTEXT_FILE_DATA
[NX v22.6.4 Daemon Server] - 2026-04-10T15:18:39.822Z - Serializing response for GET_CONTEXT_FILE_DATA message in json mode
[NX v22.6.4 Daemon Server] - 2026-04-10T15:18:39.822Z - Responding to GET_CONTEXT_FILE_DATA message
[NX v22.6.4 Daemon Server] - 2026-04-10T15:18:39.822Z - [REQUEST]: Responding to the client. handleContextFileData
[NX v22.6.4 Daemon Server] - 2026-04-10T15:18:39.823Z - Done responding to the client handleContextFileData
[NX v22.6.4 Daemon Server] - 2026-04-10T15:18:39.823Z - Handled json message GET_CONTEXT_FILE_DATA. Handling time: 1. Response time: 1.
[NX v22.6.4 Daemon Client] - 2026-04-10T15:18:39.823Z - [Messenger] Received message, length: 26992
[NX v22.6.4 Daemon Server] - 2026-04-10T15:18:40.007Z - Closed a connection. Number of open connections: 1
[NX v22.6.4 Daemon Client] - 2026-04-10T15:18:40.007Z - [ProjectGraphListener] Socket closed, triggering reconnection
[NX v22.6.4 Daemon Server] - 2026-04-10T15:18:40.009Z - Established a connection. Number of open connections: 2
[NX v22.6.4 Daemon Server] - 2026-04-10T15:18:40.009Z - Closed a connection. Number of open connections: 1
[NX v22.6.4 Daemon Server] - 2026-04-10T15:18:40.009Z - Established a connection. Number of open connections: 2
[NX v22.6.4 Daemon Client] - 2026-04-10T15:18:40.009Z - [Messenger] Setting up socket listeners
[NX v22.6.4 Daemon Client] - 2026-04-10T15:18:40.009Z - [Messenger] listen() complete
[NX v22.6.4 Daemon Client] - 2026-04-10T15:18:40.010Z - [Messenger] Sending message type: REGISTER_PROJECT_GRAPH_LISTENER
[NX v22.6.4 Daemon Client] - 2026-04-10T15:18:40.010Z - [Messenger] Message sent
[NX v22.6.4 Daemon Server] - 2026-04-10T15:18:40.010Z - Received raw message of length 42
[NX v22.6.4 Daemon Server] - 2026-04-10T15:18:40.011Z - Received json message of type REGISTER_PROJECT_GRAPH_LISTENER
[NX v22.6.4 Daemon Server] - 2026-04-10T15:20:07.993Z - [WATCHER]: functions/package.json was modified
[NX v22.6.4 Daemon Server] - 2026-04-10T15:20:07.993Z - [SYNC]: clearing sync generators cache due to file changes
[NX v22.6.4 Daemon Server] - 2026-04-10T15:20:07.993Z - [WATCHER]: Processing file changes in outputs
[NX v22.6.4 Daemon Server] - 2026-04-10T15:20:08.119Z - [WATCHER]: Processing file changes in outputs
[NX v22.6.4 Daemon Server] - 2026-04-10T15:20:08.119Z - [WATCHER]: functions/package-lock.json was modified
[NX v22.6.4 Daemon Server] - 2026-04-10T15:20:08.119Z - [SYNC]: clearing sync generators cache due to file changes
[NX v22.6.4 Daemon Server] - 2026-04-10T15:20:08.807Z - [REQUEST]: Updated workspace context based on watched changes, recomputing project graph...
[NX v22.6.4 Daemon Server] - 2026-04-10T15:20:08.807Z - [REQUEST]: functions/package.json,functions/package-lock.json
[NX v22.6.4 Daemon Server] - 2026-04-10T15:20:08.807Z - [REQUEST]: 
[NX v22.6.4 Daemon Server] - 2026-04-10T15:20:08.829Z - Time taken for 'hash changed files from watcher' 0.707799999974668ms
Time taken for 'plugin worker 29160 code loading' 167.8377ms
[NX v22.6.4 Daemon Server] - 2026-04-10T15:20:09.021Z - Time taken for 'start-plugin-worker:nx/js/dependencies-and-lockfile' 212.7344000004232ms
Time taken for 'plugin worker 12444 code loading' 165.1397ms
Time taken for 'plugin worker 35964 code loading' 160.8798ms
[NX v22.6.4 Daemon Server] - 2026-04-10T15:20:09.042Z - Time taken for 'start-plugin-worker:nx/core/package-json' 227.60309999994934ms
[NX v22.6.4 Daemon Server] - 2026-04-10T15:20:09.042Z - Time taken for 'start-plugin-worker:nx/core/project-json' 220.64460000023246ms
[NX v22.6.4 Daemon Server] - 2026-04-10T15:20:09.142Z - Time taken for 'build-project-configs' 329.58499999996275ms
[NX v22.6.4 Daemon Server] - 2026-04-10T15:20:09.142Z - Time taken for 'createNodes:merge' 1.0472999997437ms
[NX v22.6.4 Daemon Server] - 2026-04-10T15:20:09.142Z - Time taken for 'get-all-workspace-files' 0.03159999940544367ms
Time taken for 'nx/js/dependencies-and-lockfile:createNodes' 9.550299999999993ms
[NX v22.6.4 Daemon Server] - 2026-04-10T15:20:09.159Z - [SYNC]: collect registered sync generators
[NX v22.6.4 Daemon Server] - 2026-04-10T15:20:09.160Z - [SYNC]: project graph hash is the same, not collecting task sync generators
[NX v22.6.4 Daemon Server] - 2026-04-10T15:20:09.160Z - [SYNC]: nx.json hash is the same, not collecting global sync generators
[NX v22.6.4 Daemon Server] - 2026-04-10T15:20:09.160Z - Serializing response for PROJECT_GRAPH_UPDATED message in json mode
[NX v22.6.4 Daemon Server] - 2026-04-10T15:20:09.162Z - Responding to PROJECT_GRAPH_UPDATED message
[NX v22.6.4 Daemon Server] - 2026-04-10T15:20:09.162Z - [REQUEST]: Responding to the client. Project graph updated
[NX v22.6.4 Daemon Server] - 2026-04-10T15:20:09.162Z - Time taken for 'total execution time for createProjectGraph()' 19.502100000157952ms
[NX v22.6.4 Daemon Server] - 2026-04-10T15:20:09.162Z - Time taken for 'createDependencies' 16.902999999932945ms
[NX v22.6.4 Daemon Server] - 2026-04-10T15:20:09.162Z - Time taken for 'nx/js/dependencies-and-lockfile:createDependencies' 16.83059999998659ms
[NX v22.6.4 Daemon Server] - 2026-04-10T15:20:09.162Z - Time taken for 'createMetadata' 0.013000000268220901ms
[NX v22.6.4 Daemon Server] - 2026-04-10T15:20:09.162Z - Time taken for 'serialize graph' 1.9110000003129244ms
[NX v22.6.4 Daemon Server] - 2026-04-10T15:20:09.163Z - Done responding to the client Project graph updated
[NX v22.6.4 Daemon Server] - 2026-04-10T15:20:09.163Z - Handled json message PROJECT_GRAPH_UPDATED. Handling time: 0. Response time: 3.
[NX v22.6.4 Daemon Client] - 2026-04-10T15:20:09.163Z - [Messenger] Received message, length: 633984
[NX v22.6.4 Daemon Server] - 2026-04-10T15:20:10.188Z - Established a connection. Number of open connections: 3
[NX v22.6.4 Daemon Client] - 2026-04-10T15:20:10.188Z - [Messenger] Sending message type: GET_CONTEXT_FILE_DATA
[NX v22.6.4 Daemon Server] - 2026-04-10T15:20:10.188Z - Closed a connection. Number of open connections: 2
[NX v22.6.4 Daemon Client] - 2026-04-10T15:20:10.189Z - [Messenger] Message sent
[NX v22.6.4 Daemon Server] - 2026-04-10T15:20:10.189Z - Received raw message of length 32
[NX v22.6.4 Daemon Server] - 2026-04-10T15:20:10.189Z - Received json message of type GET_CONTEXT_FILE_DATA
[NX v22.6.4 Daemon Server] - 2026-04-10T15:20:10.190Z - Serializing response for GET_CONTEXT_FILE_DATA message in json mode
[NX v22.6.4 Daemon Server] - 2026-04-10T15:20:10.190Z - Responding to GET_CONTEXT_FILE_DATA message
[NX v22.6.4 Daemon Server] - 2026-04-10T15:20:10.190Z - [REQUEST]: Responding to the client. handleContextFileData
[NX v22.6.4 Daemon Server] - 2026-04-10T15:20:10.190Z - Done responding to the client handleContextFileData
[NX v22.6.4 Daemon Server] - 2026-04-10T15:20:10.190Z - Handled json message GET_CONTEXT_FILE_DATA. Handling time: 1. Response time: 0.
[NX v22.6.4 Daemon Client] - 2026-04-10T15:20:10.190Z - [Messenger] Received message, length: 26992
[NX v22.6.4 Daemon Server] - 2026-04-10T15:20:10.390Z - Closed a connection. Number of open connections: 1
[NX v22.6.4 Daemon Client] - 2026-04-10T15:20:10.389Z - [ProjectGraphListener] Socket closed, triggering reconnection
[NX v22.6.4 Daemon Server] - 2026-04-10T15:20:10.391Z - Established a connection. Number of open connections: 2
[NX v22.6.4 Daemon Server] - 2026-04-10T15:20:10.391Z - Closed a connection. Number of open connections: 1
[NX v22.6.4 Daemon Server] - 2026-04-10T15:20:10.392Z - Established a connection. Number of open connections: 2
[NX v22.6.4 Daemon Client] - 2026-04-10T15:20:10.391Z - [Messenger] Setting up socket listeners
[NX v22.6.4 Daemon Client] - 2026-04-10T15:20:10.392Z - [Messenger] listen() complete
[NX v22.6.4 Daemon Client] - 2026-04-10T15:20:10.392Z - [Messenger] Sending message type: REGISTER_PROJECT_GRAPH_LISTENER
[NX v22.6.4 Daemon Client] - 2026-04-10T15:20:10.392Z - [Messenger] Message sent
[NX v22.6.4 Daemon Server] - 2026-04-10T15:20:10.393Z - Received raw message of length 42
[NX v22.6.4 Daemon Server] - 2026-04-10T15:20:10.393Z - Received json message of type REGISTER_PROJECT_GRAPH_LISTENER
[NX v22.6.4 Daemon Server] - 2026-04-10T15:20:25.208Z - [WATCHER]: Processing file changes in outputs
[NX v22.6.4 Daemon Server] - 2026-04-10T15:20:25.209Z - [WATCHER]: functions/firebase-debug.log was created or restored
[NX v22.6.4 Daemon Server] - 2026-04-10T15:20:25.209Z - [SYNC]: clearing sync generators cache due to file changes
[NX v22.6.4 Daemon Server] - 2026-04-10T15:20:25.335Z - [REQUEST]: Updated workspace context based on watched changes, recomputing project graph...
[NX v22.6.4 Daemon Server] - 2026-04-10T15:20:25.335Z - [REQUEST]: functions/firebase-debug.log
[NX v22.6.4 Daemon Server] - 2026-04-10T15:20:25.335Z - [REQUEST]: 
[NX v22.6.4 Daemon Server] - 2026-04-10T15:20:25.355Z - Time taken for 'hash changed files from watcher' 16.58860000036657ms
Time taken for 'plugin worker 17632 code loading' 148.05949999999999ms
Time taken for 'plugin worker 17392 code loading' 141.65879999999999ms
Time taken for 'plugin worker 19296 code loading' 144.0268ms
[NX v22.6.4 Daemon Server] - 2026-04-10T15:20:25.532Z - Time taken for 'start-plugin-worker:nx/js/dependencies-and-lockfile' 196.0207000002265ms
[NX v22.6.4 Daemon Server] - 2026-04-10T15:20:25.532Z - Time taken for 'start-plugin-worker:nx/core/package-json' 190.63069999963045ms
[NX v22.6.4 Daemon Server] - 2026-04-10T15:20:25.532Z - Time taken for 'start-plugin-worker:nx/core/project-json' 183.97790000028908ms
[NX v22.6.4 Daemon Server] - 2026-04-10T15:20:25.640Z - Time taken for 'build-project-configs' 300.15430000051856ms
[NX v22.6.4 Daemon Server] - 2026-04-10T15:20:25.640Z - Time taken for 'createNodes:merge' 0.6727999998256564ms
[NX v22.6.4 Daemon Server] - 2026-04-10T15:20:25.640Z - Time taken for 'get-all-workspace-files' 0.030500000342726707ms
Time taken for 'nx/js/dependencies-and-lockfile:createNodes' 8.092899999999986ms
[NX v22.6.4 Daemon Server] - 2026-04-10T15:20:25.656Z - [SYNC]: collect registered sync generators
[NX v22.6.4 Daemon Server] - 2026-04-10T15:20:25.656Z - [SYNC]: project graph hash is the same, not collecting task sync generators
[NX v22.6.4 Daemon Server] - 2026-04-10T15:20:25.656Z - [SYNC]: nx.json hash is the same, not collecting global sync generators
[NX v22.6.4 Daemon Server] - 2026-04-10T15:20:25.656Z - Serializing response for PROJECT_GRAPH_UPDATED message in json mode
[NX v22.6.4 Daemon Server] - 2026-04-10T15:20:25.658Z - Responding to PROJECT_GRAPH_UPDATED message
[NX v22.6.4 Daemon Server] - 2026-04-10T15:20:25.658Z - [REQUEST]: Responding to the client. Project graph updated
[NX v22.6.4 Daemon Server] - 2026-04-10T15:20:25.658Z - Time taken for 'total execution time for createProjectGraph()' 17.186099999584258ms
[NX v22.6.4 Daemon Server] - 2026-04-10T15:20:25.658Z - Time taken for 'createDependencies' 14.803700000047684ms
[NX v22.6.4 Daemon Server] - 2026-04-10T15:20:25.658Z - Time taken for 'nx/js/dependencies-and-lockfile:createDependencies' 14.744699999690056ms
[NX v22.6.4 Daemon Server] - 2026-04-10T15:20:25.658Z - Time taken for 'createMetadata' 0.011599999852478504ms
[NX v22.6.4 Daemon Server] - 2026-04-10T15:20:25.658Z - Time taken for 'serialize graph' 1.773199999704957ms
[NX v22.6.4 Daemon Server] - 2026-04-10T15:20:25.658Z - Done responding to the client Project graph updated
[NX v22.6.4 Daemon Server] - 2026-04-10T15:20:25.658Z - Handled json message PROJECT_GRAPH_UPDATED. Handling time: 0. Response time: 2.
[NX v22.6.4 Daemon Client] - 2026-04-10T15:20:25.659Z - [Messenger] Received message, length: 633984
[NX v22.6.4 Daemon Server] - 2026-04-10T15:20:26.676Z - Established a connection. Number of open connections: 3
[NX v22.6.4 Daemon Client] - 2026-04-10T15:20:26.675Z - [Messenger] Sending message type: GET_CONTEXT_FILE_DATA
[NX v22.6.4 Daemon Server] - 2026-04-10T15:20:26.676Z - Closed a connection. Number of open connections: 2
[NX v22.6.4 Daemon Client] - 2026-04-10T15:20:26.676Z - [Messenger] Message sent
[NX v22.6.4 Daemon Server] - 2026-04-10T15:20:26.676Z - Received raw message of length 32
[NX v22.6.4 Daemon Server] - 2026-04-10T15:20:26.677Z - Received json message of type GET_CONTEXT_FILE_DATA
[NX v22.6.4 Daemon Server] - 2026-04-10T15:20:26.677Z - Serializing response for GET_CONTEXT_FILE_DATA message in json mode
[NX v22.6.4 Daemon Server] - 2026-04-10T15:20:26.677Z - Responding to GET_CONTEXT_FILE_DATA message
[NX v22.6.4 Daemon Server] - 2026-04-10T15:20:26.677Z - [REQUEST]: Responding to the client. handleContextFileData
[NX v22.6.4 Daemon Server] - 2026-04-10T15:20:26.677Z - Done responding to the client handleContextFileData
[NX v22.6.4 Daemon Server] - 2026-04-10T15:20:26.677Z - Handled json message GET_CONTEXT_FILE_DATA. Handling time: 0. Response time: 0.
[NX v22.6.4 Daemon Client] - 2026-04-10T15:20:26.677Z - [Messenger] Received message, length: 27062
[NX v22.6.4 Daemon Server] - 2026-04-10T15:20:26.858Z - Closed a connection. Number of open connections: 1
[NX v22.6.4 Daemon Client] - 2026-04-10T15:20:26.858Z - [ProjectGraphListener] Socket closed, triggering reconnection
[NX v22.6.4 Daemon Server] - 2026-04-10T15:20:26.859Z - Established a connection. Number of open connections: 2
[NX v22.6.4 Daemon Server] - 2026-04-10T15:20:26.860Z - Closed a connection. Number of open connections: 1
[NX v22.6.4 Daemon Client] - 2026-04-10T15:20:26.859Z - [Messenger] Setting up socket listeners
[NX v22.6.4 Daemon Server] - 2026-04-10T15:20:26.860Z - Established a connection. Number of open connections: 2
[NX v22.6.4 Daemon Client] - 2026-04-10T15:20:26.860Z - [Messenger] listen() complete
[NX v22.6.4 Daemon Client] - 2026-04-10T15:20:26.860Z - [Messenger] Sending message type: REGISTER_PROJECT_GRAPH_LISTENER
[NX v22.6.4 Daemon Client] - 2026-04-10T15:20:26.860Z - [Messenger] Message sent
[NX v22.6.4 Daemon Server] - 2026-04-10T15:20:26.861Z - Received raw message of length 42
[NX v22.6.4 Daemon Server] - 2026-04-10T15:20:26.861Z - Received json message of type REGISTER_PROJECT_GRAPH_LISTENER
[NX v22.6.4 Daemon Server] - 2026-04-10T15:20:35.752Z - [WATCHER]: Processing file changes in outputs
[NX v22.6.4 Daemon Server] - 2026-04-10T15:22:21.777Z - [WATCHER]: firebase-debug.log was modified
[NX v22.6.4 Daemon Server] - 2026-04-10T15:22:21.777Z - [SYNC]: clearing sync generators cache due to file changes
[NX v22.6.4 Daemon Server] - 2026-04-10T15:22:21.777Z - [WATCHER]: Processing file changes in outputs
[NX v22.6.4 Daemon Server] - 2026-04-10T15:22:21.994Z - [REQUEST]: Updated workspace context based on watched changes, recomputing project graph...
[NX v22.6.4 Daemon Server] - 2026-04-10T15:22:21.994Z - [REQUEST]: firebase-debug.log
[NX v22.6.4 Daemon Server] - 2026-04-10T15:22:21.994Z - [REQUEST]: 
[NX v22.6.4 Daemon Server] - 2026-04-10T15:22:22.017Z - Time taken for 'hash changed files from watcher' 13.45230000000447ms
Time taken for 'plugin worker 12132 code loading' 205.8973ms
[NX v22.6.4 Daemon Server] - 2026-04-10T15:22:22.263Z - Time taken for 'start-plugin-worker:nx/js/dependencies-and-lockfile' 268.01729999948293ms
[NX v22.6.4 Daemon Server] - 2026-04-10T15:22:22.263Z - Time taken for 'start-plugin-worker:nx/core/package-json' 260.93500000052154ms
Time taken for 'plugin worker 16324 code loading' 208.2339ms
Time taken for 'plugin worker 10656 code loading' 204.3436ms
[NX v22.6.4 Daemon Server] - 2026-04-10T15:22:22.280Z - Time taken for 'start-plugin-worker:nx/core/project-json' 269.7538999998942ms
[NX v22.6.4 Daemon Server] - 2026-04-10T15:22:22.386Z - Time taken for 'build-project-configs' 386.87749999947846ms
[NX v22.6.4 Daemon Server] - 2026-04-10T15:22:22.386Z - Time taken for 'createNodes:merge' 0.7338000005111098ms
[NX v22.6.4 Daemon Server] - 2026-04-10T15:22:22.386Z - Time taken for 'get-all-workspace-files' 0.03239999990910292ms
Time taken for 'nx/js/dependencies-and-lockfile:createNodes' 9.250299999999982ms
[NX v22.6.4 Daemon Server] - 2026-04-10T15:22:22.404Z - [SYNC]: collect registered sync generators
[NX v22.6.4 Daemon Server] - 2026-04-10T15:22:22.404Z - [SYNC]: project graph hash is the same, not collecting task sync generators
[NX v22.6.4 Daemon Server] - 2026-04-10T15:22:22.404Z - [SYNC]: nx.json hash is the same, not collecting global sync generators
[NX v22.6.4 Daemon Server] - 2026-04-10T15:22:22.404Z - Serializing response for PROJECT_GRAPH_UPDATED message in json mode
[NX v22.6.4 Daemon Server] - 2026-04-10T15:22:22.406Z - Responding to PROJECT_GRAPH_UPDATED message
[NX v22.6.4 Daemon Server] - 2026-04-10T15:22:22.406Z - [REQUEST]: Responding to the client. Project graph updated
[NX v22.6.4 Daemon Server] - 2026-04-10T15:22:22.406Z - Time taken for 'total execution time for createProjectGraph()' 19.674300000071526ms
[NX v22.6.4 Daemon Server] - 2026-04-10T15:22:22.406Z - Time taken for 'createDependencies' 17.135000000707805ms
[NX v22.6.4 Daemon Server] - 2026-04-10T15:22:22.407Z - Time taken for 'nx/js/dependencies-and-lockfile:createDependencies' 17.067400000058115ms
[NX v22.6.4 Daemon Server] - 2026-04-10T15:22:22.407Z - Time taken for 'createMetadata' 0.011899999342858791ms
[NX v22.6.4 Daemon Server] - 2026-04-10T15:22:22.407Z - Time taken for 'serialize graph' 1.985700000077486ms
[NX v22.6.4 Daemon Server] - 2026-04-10T15:22:22.407Z - Done responding to the client Project graph updated
[NX v22.6.4 Daemon Server] - 2026-04-10T15:22:22.407Z - Handled json message PROJECT_GRAPH_UPDATED. Handling time: 0. Response time: 3.
[NX v22.6.4 Daemon Client] - 2026-04-10T15:22:22.409Z - [Messenger] Received message, length: 633984
[NX v22.6.4 Daemon Server] - 2026-04-10T15:22:23.424Z - Established a connection. Number of open connections: 3
[NX v22.6.4 Daemon Client] - 2026-04-10T15:22:23.424Z - [Messenger] Sending message type: GET_CONTEXT_FILE_DATA
[NX v22.6.4 Daemon Server] - 2026-04-10T15:22:23.424Z - Closed a connection. Number of open connections: 2
[NX v22.6.4 Daemon Client] - 2026-04-10T15:22:23.425Z - [Messenger] Message sent
[NX v22.6.4 Daemon Server] - 2026-04-10T15:22:23.425Z - Received raw message of length 32
[NX v22.6.4 Daemon Server] - 2026-04-10T15:22:23.425Z - Received json message of type GET_CONTEXT_FILE_DATA
[NX v22.6.4 Daemon Server] - 2026-04-10T15:22:23.426Z - Serializing response for GET_CONTEXT_FILE_DATA message in json mode
[NX v22.6.4 Daemon Server] - 2026-04-10T15:22:23.426Z - Responding to GET_CONTEXT_FILE_DATA message
[NX v22.6.4 Daemon Server] - 2026-04-10T15:22:23.426Z - [REQUEST]: Responding to the client. handleContextFileData
[NX v22.6.4 Daemon Server] - 2026-04-10T15:22:23.426Z - Done responding to the client handleContextFileData
[NX v22.6.4 Daemon Server] - 2026-04-10T15:22:23.426Z - Handled json message GET_CONTEXT_FILE_DATA. Handling time: 1. Response time: 0.
[NX v22.6.4 Daemon Client] - 2026-04-10T15:22:23.426Z - [Messenger] Received message, length: 27062
[NX v22.6.4 Daemon Server] - 2026-04-10T15:22:23.630Z - Closed a connection. Number of open connections: 1
[NX v22.6.4 Daemon Client] - 2026-04-10T15:22:23.631Z - [ProjectGraphListener] Socket closed, triggering reconnection
[NX v22.6.4 Daemon Server] - 2026-04-10T15:22:23.632Z - Established a connection. Number of open connections: 2
[NX v22.6.4 Daemon Server] - 2026-04-10T15:22:23.632Z - Closed a connection. Number of open connections: 1
[NX v22.6.4 Daemon Server] - 2026-04-10T15:22:23.632Z - Established a connection. Number of open connections: 2
[NX v22.6.4 Daemon Client] - 2026-04-10T15:22:23.632Z - [Messenger] Setting up socket listeners
[NX v22.6.4 Daemon Client] - 2026-04-10T15:22:23.633Z - [Messenger] listen() complete
[NX v22.6.4 Daemon Client] - 2026-04-10T15:22:23.633Z - [Messenger] Sending message type: REGISTER_PROJECT_GRAPH_LISTENER
[NX v22.6.4 Daemon Client] - 2026-04-10T15:22:23.633Z - [Messenger] Message sent
[NX v22.6.4 Daemon Server] - 2026-04-10T15:22:23.633Z - Received raw message of length 42
[NX v22.6.4 Daemon Server] - 2026-04-10T15:22:23.633Z - Received json message of type REGISTER_PROJECT_GRAPH_LISTENER
[NX v22.6.4 Daemon Server] - 2026-04-10T15:22:55.706Z - [WATCHER]: functions/firebase-debug.log was deleted
[NX v22.6.4 Daemon Server] - 2026-04-10T15:22:55.706Z - [SYNC]: clearing sync generators cache due to file changes
[NX v22.6.4 Daemon Server] - 2026-04-10T15:22:55.706Z - [WATCHER]: Processing file changes in outputs
[NX v22.6.4 Daemon Server] - 2026-04-10T15:22:56.114Z - [REQUEST]: Updated workspace context based on watched changes, recomputing project graph...
[NX v22.6.4 Daemon Server] - 2026-04-10T15:22:56.114Z - [REQUEST]: 
[NX v22.6.4 Daemon Server] - 2026-04-10T15:22:56.114Z - [REQUEST]: functions/firebase-debug.log
[NX v22.6.4 Daemon Server] - 2026-04-10T15:22:56.134Z - Time taken for 'hash changed files from watcher' 0.27230000030249357ms
Time taken for 'plugin worker 16664 code loading' 178.2159ms
[NX v22.6.4 Daemon Server] - 2026-04-10T15:22:56.343Z - Time taken for 'start-plugin-worker:nx/core/package-json' 221.1110000004992ms
Time taken for 'plugin worker 38060 code loading' 188.7367ms
Time taken for 'plugin worker 19920 code loading' 181.5804ms
[NX v22.6.4 Daemon Server] - 2026-04-10T15:22:56.356Z - Time taken for 'start-plugin-worker:nx/js/dependencies-and-lockfile' 241.0161000005901ms
[NX v22.6.4 Daemon Server] - 2026-04-10T15:22:56.356Z - Time taken for 'start-plugin-worker:nx/core/project-json' 228.1182000003755ms
[NX v22.6.4 Daemon Server] - 2026-04-10T15:22:56.487Z - Time taken for 'build-project-configs' 368.2653000000864ms
[NX v22.6.4 Daemon Server] - 2026-04-10T15:22:56.487Z - Time taken for 'createNodes:merge' 0.8734999997541308ms
[NX v22.6.4 Daemon Server] - 2026-04-10T15:22:56.487Z - Time taken for 'get-all-workspace-files' 0.06930000055581331ms
Time taken for 'nx/js/dependencies-and-lockfile:createNodes' 10.072400000000016ms
[NX v22.6.4 Daemon Server] - 2026-04-10T15:22:56.502Z - [SYNC]: collect registered sync generators
[NX v22.6.4 Daemon Server] - 2026-04-10T15:22:56.502Z - [SYNC]: project graph hash is the same, not collecting task sync generators
[NX v22.6.4 Daemon Server] - 2026-04-10T15:22:56.502Z - [SYNC]: nx.json hash is the same, not collecting global sync generators
[NX v22.6.4 Daemon Server] - 2026-04-10T15:22:56.502Z - Serializing response for PROJECT_GRAPH_UPDATED message in json mode
[NX v22.6.4 Daemon Server] - 2026-04-10T15:22:56.504Z - Responding to PROJECT_GRAPH_UPDATED message
[NX v22.6.4 Daemon Server] - 2026-04-10T15:22:56.504Z - [REQUEST]: Responding to the client. Project graph updated
[NX v22.6.4 Daemon Server] - 2026-04-10T15:22:56.505Z - Time taken for 'total execution time for createProjectGraph()' 16.886700000613928ms
[NX v22.6.4 Daemon Server] - 2026-04-10T15:22:56.505Z - Time taken for 'createDependencies' 13.984299999661744ms
[NX v22.6.4 Daemon Server] - 2026-04-10T15:22:56.505Z - Time taken for 'nx/js/dependencies-and-lockfile:createDependencies' 13.90059999935329ms
[NX v22.6.4 Daemon Server] - 2026-04-10T15:22:56.505Z - Time taken for 'createMetadata' 0.01640000008046627ms
[NX v22.6.4 Daemon Server] - 2026-04-10T15:22:56.505Z - Time taken for 'serialize graph' 2.102500000037253ms
[NX v22.6.4 Daemon Server] - 2026-04-10T15:22:56.505Z - Done responding to the client Project graph updated
[NX v22.6.4 Daemon Server] - 2026-04-10T15:22:56.505Z - Handled json message PROJECT_GRAPH_UPDATED. Handling time: 0. Response time: 3.
[NX v22.6.4 Daemon Client] - 2026-04-10T15:22:56.506Z - [Messenger] Received message, length: 633984
[NX v22.6.4 Daemon Server] - 2026-04-10T15:22:57.512Z - Established a connection. Number of open connections: 3
[NX v22.6.4 Daemon Client] - 2026-04-10T15:22:57.513Z - [Messenger] Sending message type: GET_CONTEXT_FILE_DATA
[NX v22.6.4 Daemon Server] - 2026-04-10T15:22:57.512Z - Closed a connection. Number of open connections: 2
[NX v22.6.4 Daemon Client] - 2026-04-10T15:22:57.513Z - [Messenger] Message sent
[NX v22.6.4 Daemon Server] - 2026-04-10T15:22:57.514Z - Received raw message of length 32
[NX v22.6.4 Daemon Server] - 2026-04-10T15:22:57.514Z - Received json message of type GET_CONTEXT_FILE_DATA
[NX v22.6.4 Daemon Server] - 2026-04-10T15:22:57.514Z - Serializing response for GET_CONTEXT_FILE_DATA message in json mode
[NX v22.6.4 Daemon Server] - 2026-04-10T15:22:57.514Z - Responding to GET_CONTEXT_FILE_DATA message
[NX v22.6.4 Daemon Server] - 2026-04-10T15:22:57.514Z - [REQUEST]: Responding to the client. handleContextFileData
[NX v22.6.4 Daemon Server] - 2026-04-10T15:22:57.514Z - Done responding to the client handleContextFileData
[NX v22.6.4 Daemon Server] - 2026-04-10T15:22:57.514Z - Handled json message GET_CONTEXT_FILE_DATA. Handling time: 0. Response time: 0.
[NX v22.6.4 Daemon Client] - 2026-04-10T15:22:57.515Z - [Messenger] Received message, length: 26992
[NX v22.6.4 Daemon Server] - 2026-04-10T15:22:57.716Z - Closed a connection. Number of open connections: 1
[NX v22.6.4 Daemon Client] - 2026-04-10T15:22:57.716Z - [ProjectGraphListener] Socket closed, triggering reconnection
[NX v22.6.4 Daemon Server] - 2026-04-10T15:22:57.717Z - Established a connection. Number of open connections: 2
[NX v22.6.4 Daemon Server] - 2026-04-10T15:22:57.717Z - Closed a connection. Number of open connections: 1
[NX v22.6.4 Daemon Client] - 2026-04-10T15:22:57.718Z - [Messenger] Setting up socket listeners
[NX v22.6.4 Daemon Client] - 2026-04-10T15:22:57.718Z - [Messenger] listen() complete
[NX v22.6.4 Daemon Client] - 2026-04-10T15:22:57.719Z - [Messenger] Sending message type: REGISTER_PROJECT_GRAPH_LISTENER
[NX v22.6.4 Daemon Server] - 2026-04-10T15:22:57.719Z - Established a connection. Number of open connections: 2
[NX v22.6.4 Daemon Client] - 2026-04-10T15:22:57.719Z - [Messenger] Message sent
[NX v22.6.4 Daemon Server] - 2026-04-10T15:22:57.719Z - Received raw message of length 42
[NX v22.6.4 Daemon Server] - 2026-04-10T15:22:57.719Z - Received json message of type REGISTER_PROJECT_GRAPH_LISTENER
[NX v22.6.4 Daemon Server] - 2026-04-10T15:25:04.646Z - [WATCHER]: Processing file changes in outputs
[NX v22.6.4 Daemon Server] - 2026-04-10T15:25:04.646Z - [WATCHER]: firebase-debug.log was modified
[NX v22.6.4 Daemon Server] - 2026-04-10T15:25:04.646Z - [SYNC]: clearing sync generators cache due to file changes
[NX v22.6.4 Daemon Server] - 2026-04-10T15:25:05.455Z - [REQUEST]: Updated workspace context based on watched changes, recomputing project graph...
[NX v22.6.4 Daemon Server] - 2026-04-10T15:25:05.456Z - [REQUEST]: firebase-debug.log
[NX v22.6.4 Daemon Server] - 2026-04-10T15:25:05.456Z - [REQUEST]: 
[NX v22.6.4 Daemon Server] - 2026-04-10T15:25:05.479Z - Time taken for 'hash changed files from watcher' 0.5499999998137355ms
Time taken for 'plugin worker 2408 code loading' 152.5512ms
[NX v22.6.4 Daemon Server] - 2026-04-10T15:25:05.654Z - Time taken for 'start-plugin-worker:nx/js/dependencies-and-lockfile' 197.8882999997586ms
Time taken for 'plugin worker 30208 code loading' 152.7473ms
Time taken for 'plugin worker 21392 code loading' 152.873ms
[NX v22.6.4 Daemon Server] - 2026-04-10T15:25:05.666Z - Time taken for 'start-plugin-worker:nx/core/package-json' 203.28050000034273ms
[NX v22.6.4 Daemon Server] - 2026-04-10T15:25:05.666Z - Time taken for 'start-plugin-worker:nx/core/project-json' 193.71980000007898ms
[NX v22.6.4 Daemon Server] - 2026-04-10T15:25:05.767Z - Time taken for 'build-project-configs' 305.8736999994144ms
[NX v22.6.4 Daemon Server] - 2026-04-10T15:25:05.767Z - Time taken for 'createNodes:merge' 0.6596999997273088ms
[NX v22.6.4 Daemon Server] - 2026-04-10T15:25:05.767Z - Time taken for 'get-all-workspace-files' 0.09129999950528145ms
Time taken for 'nx/js/dependencies-and-lockfile:createNodes' 10.300999999999988ms
[NX v22.6.4 Daemon Server] - 2026-04-10T15:25:05.783Z - [SYNC]: collect registered sync generators
[NX v22.6.4 Daemon Server] - 2026-04-10T15:25:05.784Z - [SYNC]: project graph hash is the same, not collecting task sync generators
[NX v22.6.4 Daemon Server] - 2026-04-10T15:25:05.784Z - [SYNC]: nx.json hash is the same, not collecting global sync generators
[NX v22.6.4 Daemon Server] - 2026-04-10T15:25:05.784Z - Serializing response for PROJECT_GRAPH_UPDATED message in json mode
[NX v22.6.4 Daemon Server] - 2026-04-10T15:25:05.786Z - Responding to PROJECT_GRAPH_UPDATED message
[NX v22.6.4 Daemon Server] - 2026-04-10T15:25:05.786Z - [REQUEST]: Responding to the client. Project graph updated
[NX v22.6.4 Daemon Server] - 2026-04-10T15:25:05.786Z - Time taken for 'total execution time for createProjectGraph()' 18.82620000001043ms
[NX v22.6.4 Daemon Server] - 2026-04-10T15:25:05.786Z - Time taken for 'createDependencies' 16.37860000040382ms
[NX v22.6.4 Daemon Server] - 2026-04-10T15:25:05.786Z - Time taken for 'nx/js/dependencies-and-lockfile:createDependencies' 16.296699999831617ms
[NX v22.6.4 Daemon Server] - 2026-04-10T15:25:05.786Z - Time taken for 'createMetadata' 0.01209999993443489ms
[NX v22.6.4 Daemon Server] - 2026-04-10T15:25:05.786Z - Time taken for 'serialize graph' 1.8735000006854534ms
[NX v22.6.4 Daemon Server] - 2026-04-10T15:25:05.787Z - Done responding to the client Project graph updated
[NX v22.6.4 Daemon Server] - 2026-04-10T15:25:05.787Z - Handled json message PROJECT_GRAPH_UPDATED. Handling time: 0. Response time: 3.
[NX v22.6.4 Daemon Client] - 2026-04-10T15:25:05.788Z - [Messenger] Received message, length: 633984
[NX v22.6.4 Daemon Server] - 2026-04-10T15:25:06.811Z - Established a connection. Number of open connections: 3
[NX v22.6.4 Daemon Server] - 2026-04-10T15:25:06.811Z - Closed a connection. Number of open connections: 2
[NX v22.6.4 Daemon Client] - 2026-04-10T15:25:06.811Z - [Messenger] Sending message type: GET_CONTEXT_FILE_DATA
[NX v22.6.4 Daemon Client] - 2026-04-10T15:25:06.811Z - [Messenger] Message sent
[NX v22.6.4 Daemon Server] - 2026-04-10T15:25:06.812Z - Received raw message of length 32
[NX v22.6.4 Daemon Server] - 2026-04-10T15:25:06.812Z - Received json message of type GET_CONTEXT_FILE_DATA
[NX v22.6.4 Daemon Server] - 2026-04-10T15:25:06.812Z - Serializing response for GET_CONTEXT_FILE_DATA message in json mode
[NX v22.6.4 Daemon Server] - 2026-04-10T15:25:06.812Z - Responding to GET_CONTEXT_FILE_DATA message
[NX v22.6.4 Daemon Server] - 2026-04-10T15:25:06.812Z - [REQUEST]: Responding to the client. handleContextFileData
[NX v22.6.4 Daemon Server] - 2026-04-10T15:25:06.812Z - Done responding to the client handleContextFileData
[NX v22.6.4 Daemon Server] - 2026-04-10T15:25:06.812Z - Handled json message GET_CONTEXT_FILE_DATA. Handling time: 0. Response time: 0.
[NX v22.6.4 Daemon Client] - 2026-04-10T15:25:06.812Z - [Messenger] Received message, length: 26992
[NX v22.6.4 Daemon Server] - 2026-04-10T15:25:06.979Z - Closed a connection. Number of open connections: 1
[NX v22.6.4 Daemon Client] - 2026-04-10T15:25:06.979Z - [ProjectGraphListener] Socket closed, triggering reconnection
[NX v22.6.4 Daemon Server] - 2026-04-10T15:25:06.981Z - Established a connection. Number of open connections: 2
[NX v22.6.4 Daemon Server] - 2026-04-10T15:25:06.981Z - Closed a connection. Number of open connections: 1
[NX v22.6.4 Daemon Client] - 2026-04-10T15:25:06.980Z - [Messenger] Setting up socket listeners
[NX v22.6.4 Daemon Client] - 2026-04-10T15:25:06.981Z - [Messenger] listen() complete
[NX v22.6.4 Daemon Client] - 2026-04-10T15:25:06.981Z - [Messenger] Sending message type: REGISTER_PROJECT_GRAPH_LISTENER
[NX v22.6.4 Daemon Client] - 2026-04-10T15:25:06.981Z - [Messenger] Message sent
[NX v22.6.4 Daemon Server] - 2026-04-10T15:25:06.982Z - Established a connection. Number of open connections: 2
[NX v22.6.4 Daemon Server] - 2026-04-10T15:25:06.982Z - Received raw message of length 42
[NX v22.6.4 Daemon Server] - 2026-04-10T15:25:06.982Z - Received json message of type REGISTER_PROJECT_GRAPH_LISTENER
[NX v22.6.4 Daemon Server] - 2026-04-10T15:36:51.137Z - [WATCHER]: firebase-debug.log was modified
[NX v22.6.4 Daemon Server] - 2026-04-10T15:36:51.137Z - [SYNC]: clearing sync generators cache due to file changes
[NX v22.6.4 Daemon Server] - 2026-04-10T15:36:51.137Z - [WATCHER]: Processing file changes in outputs
[NX v22.6.4 Daemon Server] - 2026-04-10T15:36:52.743Z - [REQUEST]: Updated workspace context based on watched changes, recomputing project graph...
[NX v22.6.4 Daemon Server] - 2026-04-10T15:36:52.743Z - [REQUEST]: firebase-debug.log
[NX v22.6.4 Daemon Server] - 2026-04-10T15:36:52.743Z - [REQUEST]: 
[NX v22.6.4 Daemon Server] - 2026-04-10T15:36:52.768Z - Time taken for 'hash changed files from watcher' 0.6672999998554587ms
Time taken for 'plugin worker 15212 code loading' 188.7334ms
Time taken for 'plugin worker 35956 code loading' 171.4439ms
Time taken for 'plugin worker 10184 code loading' 181.4945ms
[NX v22.6.4 Daemon Server] - 2026-04-10T15:36:52.991Z - Time taken for 'start-plugin-worker:nx/js/dependencies-and-lockfile' 247.33910000044852ms
[NX v22.6.4 Daemon Server] - 2026-04-10T15:36:52.991Z - Time taken for 'start-plugin-worker:nx/core/package-json' 239.46230000071228ms
[NX v22.6.4 Daemon Server] - 2026-04-10T15:36:52.991Z - Time taken for 'start-plugin-worker:nx/core/project-json' 231.2337999995798ms
[NX v22.6.4 Daemon Server] - 2026-04-10T15:36:53.110Z - Time taken for 'build-project-configs' 362.2626999998465ms
[NX v22.6.4 Daemon Server] - 2026-04-10T15:36:53.110Z - Time taken for 'createNodes:merge' 0.7434999998658895ms
[NX v22.6.4 Daemon Server] - 2026-04-10T15:36:53.110Z - Time taken for 'get-all-workspace-files' 0.03399999998509884ms
Time taken for 'nx/js/dependencies-and-lockfile:createNodes' 8.788900000000012ms
[NX v22.6.4 Daemon Server] - 2026-04-10T15:36:53.127Z - [SYNC]: collect registered sync generators
[NX v22.6.4 Daemon Server] - 2026-04-10T15:36:53.128Z - [SYNC]: project graph hash is the same, not collecting task sync generators
[NX v22.6.4 Daemon Server] - 2026-04-10T15:36:53.128Z - [SYNC]: nx.json hash is the same, not collecting global sync generators
[NX v22.6.4 Daemon Server] - 2026-04-10T15:36:53.128Z - Serializing response for PROJECT_GRAPH_UPDATED message in json mode
[NX v22.6.4 Daemon Server] - 2026-04-10T15:36:53.129Z - Responding to PROJECT_GRAPH_UPDATED message
[NX v22.6.4 Daemon Server] - 2026-04-10T15:36:53.130Z - [REQUEST]: Responding to the client. Project graph updated
[NX v22.6.4 Daemon Server] - 2026-04-10T15:36:53.130Z - Time taken for 'total execution time for createProjectGraph()' 19.276499999687076ms
[NX v22.6.4 Daemon Server] - 2026-04-10T15:36:53.130Z - Time taken for 'createDependencies' 16.645100000314415ms
[NX v22.6.4 Daemon Server] - 2026-04-10T15:36:53.130Z - Time taken for 'nx/js/dependencies-and-lockfile:createDependencies' 16.57370000053197ms
[NX v22.6.4 Daemon Server] - 2026-04-10T15:36:53.130Z - Time taken for 'createMetadata' 0.012900000438094139ms
[NX v22.6.4 Daemon Server] - 2026-04-10T15:36:53.130Z - Time taken for 'serialize graph' 1.8491000002250075ms
[NX v22.6.4 Daemon Server] - 2026-04-10T15:36:53.131Z - Done responding to the client Project graph updated
[NX v22.6.4 Daemon Server] - 2026-04-10T15:36:53.131Z - Handled json message PROJECT_GRAPH_UPDATED. Handling time: 0. Response time: 3.
[NX v22.6.4 Daemon Client] - 2026-04-10T15:36:53.131Z - [Messenger] Received message, length: 633984
[NX v22.6.4 Daemon Server] - 2026-04-10T15:36:54.150Z - Established a connection. Number of open connections: 3
[NX v22.6.4 Daemon Client] - 2026-04-10T15:36:54.149Z - [Messenger] Sending message type: GET_CONTEXT_FILE_DATA
[NX v22.6.4 Daemon Server] - 2026-04-10T15:36:54.150Z - Closed a connection. Number of open connections: 2
[NX v22.6.4 Daemon Client] - 2026-04-10T15:36:54.150Z - [Messenger] Message sent
[NX v22.6.4 Daemon Server] - 2026-04-10T15:36:54.151Z - Received raw message of length 32
[NX v22.6.4 Daemon Server] - 2026-04-10T15:36:54.151Z - Received json message of type GET_CONTEXT_FILE_DATA
[NX v22.6.4 Daemon Server] - 2026-04-10T15:36:54.152Z - Serializing response for GET_CONTEXT_FILE_DATA message in json mode
[NX v22.6.4 Daemon Server] - 2026-04-10T15:36:54.152Z - Responding to GET_CONTEXT_FILE_DATA message
[NX v22.6.4 Daemon Server] - 2026-04-10T15:36:54.152Z - [REQUEST]: Responding to the client. handleContextFileData
[NX v22.6.4 Daemon Server] - 2026-04-10T15:36:54.152Z - Done responding to the client handleContextFileData
[NX v22.6.4 Daemon Server] - 2026-04-10T15:36:54.152Z - Handled json message GET_CONTEXT_FILE_DATA. Handling time: 1. Response time: 0.
[NX v22.6.4 Daemon Client] - 2026-04-10T15:36:54.152Z - [Messenger] Received message, length: 26993
[NX v22.6.4 Daemon Server] - 2026-04-10T15:36:54.444Z - Closed a connection. Number of open connections: 1
[NX v22.6.4 Daemon Client] - 2026-04-10T15:36:54.444Z - [ProjectGraphListener] Socket closed, triggering reconnection
[NX v22.6.4 Daemon Server] - 2026-04-10T15:36:54.449Z - Established a connection. Number of open connections: 2
[NX v22.6.4 Daemon Server] - 2026-04-10T15:36:54.449Z - Closed a connection. Number of open connections: 1
[NX v22.6.4 Daemon Client] - 2026-04-10T15:36:54.448Z - [Messenger] Setting up socket listeners
[NX v22.6.4 Daemon Client] - 2026-04-10T15:36:54.449Z - [Messenger] listen() complete
[NX v22.6.4 Daemon Client] - 2026-04-10T15:36:54.449Z - [Messenger] Sending message type: REGISTER_PROJECT_GRAPH_LISTENER
[NX v22.6.4 Daemon Server] - 2026-04-10T15:36:54.450Z - Established a connection. Number of open connections: 2
[NX v22.6.4 Daemon Client] - 2026-04-10T15:36:54.450Z - [Messenger] Message sent
[NX v22.6.4 Daemon Server] - 2026-04-10T15:36:54.451Z - Received raw message of length 42
[NX v22.6.4 Daemon Server] - 2026-04-10T15:36:54.451Z - Received json message of type REGISTER_PROJECT_GRAPH_LISTENER
[NX v22.6.4 Daemon Server] - 2026-04-10T16:17:57.445Z - [WATCHER]: firebase-debug.log was modified
[NX v22.6.4 Daemon Server] - 2026-04-10T16:17:57.445Z - [SYNC]: clearing sync generators cache due to file changes
[NX v22.6.4 Daemon Server] - 2026-04-10T16:17:57.445Z - [WATCHER]: Processing file changes in outputs
[NX v22.6.4 Daemon Server] - 2026-04-10T16:18:00.655Z - [REQUEST]: Updated workspace context based on watched changes, recomputing project graph...
[NX v22.6.4 Daemon Server] - 2026-04-10T16:18:00.655Z - [REQUEST]: firebase-debug.log
[NX v22.6.4 Daemon Server] - 2026-04-10T16:18:00.655Z - [REQUEST]: 
[NX v22.6.4 Daemon Server] - 2026-04-10T16:18:00.687Z - Time taken for 'hash changed files from watcher' 0.6470999997109175ms
Time taken for 'plugin worker 192 code loading' 156.2222ms
Time taken for 'plugin worker 34220 code loading' 150.4468ms
Time taken for 'plugin worker 24460 code loading' 156.7166ms
[NX v22.6.4 Daemon Server] - 2026-04-10T16:18:00.872Z - Time taken for 'start-plugin-worker:nx/js/dependencies-and-lockfile' 215.72859999909997ms
[NX v22.6.4 Daemon Server] - 2026-04-10T16:18:00.872Z - Time taken for 'start-plugin-worker:nx/core/package-json' 208.64230000041425ms
[NX v22.6.4 Daemon Server] - 2026-04-10T16:18:00.872Z - Time taken for 'start-plugin-worker:nx/core/project-json' 196.38460000045598ms
[NX v22.6.4 Daemon Server] - 2026-04-10T16:18:00.991Z - Time taken for 'build-project-configs' 330.4487999994308ms
[NX v22.6.4 Daemon Server] - 2026-04-10T16:18:00.991Z - Time taken for 'createNodes:merge' 0.7054999992251396ms
[NX v22.6.4 Daemon Server] - 2026-04-10T16:18:00.991Z - Time taken for 'get-all-workspace-files' 0.031200001016259193ms
Time taken for 'nx/js/dependencies-and-lockfile:createNodes' 8.083399999999983ms
[NX v22.6.4 Daemon Server] - 2026-04-10T16:18:01.006Z - [SYNC]: collect registered sync generators
[NX v22.6.4 Daemon Server] - 2026-04-10T16:18:01.007Z - [SYNC]: project graph hash is the same, not collecting task sync generators
[NX v22.6.4 Daemon Server] - 2026-04-10T16:18:01.007Z - [SYNC]: nx.json hash is the same, not collecting global sync generators
[NX v22.6.4 Daemon Server] - 2026-04-10T16:18:01.007Z - Serializing response for PROJECT_GRAPH_UPDATED message in json mode
[NX v22.6.4 Daemon Server] - 2026-04-10T16:18:01.009Z - Responding to PROJECT_GRAPH_UPDATED message
[NX v22.6.4 Daemon Server] - 2026-04-10T16:18:01.009Z - [REQUEST]: Responding to the client. Project graph updated
[NX v22.6.4 Daemon Server] - 2026-04-10T16:18:01.009Z - Time taken for 'total execution time for createProjectGraph()' 18.08990000002086ms
[NX v22.6.4 Daemon Server] - 2026-04-10T16:18:01.009Z - Time taken for 'createDependencies' 15.250399999320507ms
[NX v22.6.4 Daemon Server] - 2026-04-10T16:18:01.009Z - Time taken for 'nx/js/dependencies-and-lockfile:createDependencies' 15.189400000497699ms
[NX v22.6.4 Daemon Server] - 2026-04-10T16:18:01.009Z - Time taken for 'createMetadata' 0.011600000783801079ms
[NX v22.6.4 Daemon Server] - 2026-04-10T16:18:01.009Z - Time taken for 'serialize graph' 1.736600000411272ms
[NX v22.6.4 Daemon Server] - 2026-04-10T16:18:01.010Z - Done responding to the client Project graph updated
[NX v22.6.4 Daemon Server] - 2026-04-10T16:18:01.010Z - Handled json message PROJECT_GRAPH_UPDATED. Handling time: 0. Response time: 3.
[NX v22.6.4 Daemon Client] - 2026-04-10T16:18:01.010Z - [Messenger] Received message, length: 633984
[NX v22.6.4 Daemon Server] - 2026-04-10T16:18:02.016Z - Established a connection. Number of open connections: 3
[NX v22.6.4 Daemon Client] - 2026-04-10T16:18:02.016Z - [Messenger] Sending message type: GET_CONTEXT_FILE_DATA
[NX v22.6.4 Daemon Server] - 2026-04-10T16:18:02.016Z - Closed a connection. Number of open connections: 2
[NX v22.6.4 Daemon Client] - 2026-04-10T16:18:02.016Z - [Messenger] Message sent
[NX v22.6.4 Daemon Server] - 2026-04-10T16:18:02.017Z - Received raw message of length 32
[NX v22.6.4 Daemon Server] - 2026-04-10T16:18:02.017Z - Received json message of type GET_CONTEXT_FILE_DATA
[NX v22.6.4 Daemon Server] - 2026-04-10T16:18:02.017Z - Serializing response for GET_CONTEXT_FILE_DATA message in json mode
[NX v22.6.4 Daemon Server] - 2026-04-10T16:18:02.018Z - Responding to GET_CONTEXT_FILE_DATA message
[NX v22.6.4 Daemon Server] - 2026-04-10T16:18:02.018Z - [REQUEST]: Responding to the client. handleContextFileData
[NX v22.6.4 Daemon Client] - 2026-04-10T16:18:02.017Z - [Messenger] Received message, length: 26992
[NX v22.6.4 Daemon Server] - 2026-04-10T16:18:02.018Z - Done responding to the client handleContextFileData
[NX v22.6.4 Daemon Server] - 2026-04-10T16:18:02.018Z - Handled json message GET_CONTEXT_FILE_DATA. Handling time: 0. Response time: 1.
[NX v22.6.4 Daemon Server] - 2026-04-10T16:18:02.215Z - Closed a connection. Number of open connections: 1
[NX v22.6.4 Daemon Client] - 2026-04-10T16:18:02.215Z - [ProjectGraphListener] Socket closed, triggering reconnection
[NX v22.6.4 Daemon Server] - 2026-04-10T16:18:02.216Z - Established a connection. Number of open connections: 2
[NX v22.6.4 Daemon Server] - 2026-04-10T16:18:02.216Z - Closed a connection. Number of open connections: 1
[NX v22.6.4 Daemon Client] - 2026-04-10T16:18:02.216Z - [Messenger] Setting up socket listeners
[NX v22.6.4 Daemon Server] - 2026-04-10T16:18:02.217Z - Established a connection. Number of open connections: 2
[NX v22.6.4 Daemon Client] - 2026-04-10T16:18:02.216Z - [Messenger] listen() complete
[NX v22.6.4 Daemon Client] - 2026-04-10T16:18:02.217Z - [Messenger] Sending message type: REGISTER_PROJECT_GRAPH_LISTENER
[NX v22.6.4 Daemon Client] - 2026-04-10T16:18:02.217Z - [Messenger] Message sent
[NX v22.6.4 Daemon Server] - 2026-04-10T16:18:02.218Z - Received raw message of length 42
[NX v22.6.4 Daemon Server] - 2026-04-10T16:18:02.218Z - Received json message of type REGISTER_PROJECT_GRAPH_LISTENER
[NX v22.6.4 Daemon Server] - 2026-04-10T16:18:33.572Z - [WATCHER]: Processing file changes in outputs
[NX v22.6.4 Daemon Server] - 2026-04-10T16:18:33.572Z - [WATCHER]: src/app/pages/application/job-tracker/job-card/job-card.html was modified
[NX v22.6.4 Daemon Server] - 2026-04-10T16:18:33.572Z - [SYNC]: clearing sync generators cache due to file changes
[NX v22.6.4 Daemon Server] - 2026-04-10T16:18:39.982Z - [REQUEST]: Updated workspace context based on watched changes, recomputing project graph...
[NX v22.6.4 Daemon Server] - 2026-04-10T16:18:39.982Z - [REQUEST]: src/app/pages/application/job-tracker/job-card/job-card.html
[NX v22.6.4 Daemon Server] - 2026-04-10T16:18:39.982Z - [REQUEST]: 
[NX v22.6.4 Daemon Server] - 2026-04-10T16:18:40.006Z - Time taken for 'hash changed files from watcher' 0.3804999999701977ms
Time taken for 'plugin worker 23140 code loading' 166.5605ms
[NX v22.6.4 Daemon Server] - 2026-04-10T16:18:40.196Z - Time taken for 'start-plugin-worker:nx/js/dependencies-and-lockfile' 212.42270000092685ms
Time taken for 'plugin worker 38760 code loading' 164.05669999999998ms
Time taken for 'plugin worker 16072 code loading' 160.86520000000002ms
[NX v22.6.4 Daemon Server] - 2026-04-10T16:18:40.218Z - Time taken for 'start-plugin-worker:nx/core/package-json' 226.62429999932647ms
[NX v22.6.4 Daemon Server] - 2026-04-10T16:18:40.218Z - Time taken for 'start-plugin-worker:nx/core/project-json' 218.96719999983907ms
Time taken for 'nx/js/dependencies-and-lockfile:createNodes' 10.374899999999968ms
[NX v22.6.4 Daemon Server] - 2026-04-10T16:18:40.310Z - Time taken for 'build-project-configs' 322.29839999973774ms
[NX v22.6.4 Daemon Server] - 2026-04-10T16:18:40.310Z - Time taken for 'createNodes:merge' 0.6421000007539988ms
[NX v22.6.4 Daemon Server] - 2026-04-10T16:18:40.310Z - Time taken for 'get-all-workspace-files' 0.029500000178813934ms
[NX v22.6.4 Daemon Server] - 2026-04-10T16:18:40.326Z - [SYNC]: collect registered sync generators
[NX v22.6.4 Daemon Server] - 2026-04-10T16:18:40.326Z - [SYNC]: project graph hash is the same, not collecting task sync generators
[NX v22.6.4 Daemon Server] - 2026-04-10T16:18:40.326Z - [SYNC]: nx.json hash is the same, not collecting global sync generators
[NX v22.6.4 Daemon Server] - 2026-04-10T16:18:40.326Z - Serializing response for PROJECT_GRAPH_UPDATED message in json mode
[NX v22.6.4 Daemon Server] - 2026-04-10T16:18:40.328Z - Responding to PROJECT_GRAPH_UPDATED message
[NX v22.6.4 Daemon Server] - 2026-04-10T16:18:40.328Z - [REQUEST]: Responding to the client. Project graph updated
[NX v22.6.4 Daemon Server] - 2026-04-10T16:18:40.328Z - Time taken for 'total execution time for createProjectGraph()' 17.590499999001622ms
[NX v22.6.4 Daemon Server] - 2026-04-10T16:18:40.328Z - Time taken for 'createDependencies' 15.134000001475215ms
[NX v22.6.4 Daemon Server] - 2026-04-10T16:18:40.328Z - Time taken for 'nx/js/dependencies-and-lockfile:createDependencies' 15.078099999576807ms
[NX v22.6.4 Daemon Server] - 2026-04-10T16:18:40.328Z - Time taken for 'createMetadata' 0.010900000110268593ms
[NX v22.6.4 Daemon Server] - 2026-04-10T16:18:40.328Z - Time taken for 'serialize graph' 1.7732999995350838ms
[NX v22.6.4 Daemon Server] - 2026-04-10T16:18:40.329Z - Done responding to the client Project graph updated
[NX v22.6.4 Daemon Server] - 2026-04-10T16:18:40.329Z - Handled json message PROJECT_GRAPH_UPDATED. Handling time: 0. Response time: 3.
[NX v22.6.4 Daemon Client] - 2026-04-10T16:18:40.329Z - [Messenger] Received message, length: 633984
[NX v22.6.4 Daemon Server] - 2026-04-10T16:18:41.347Z - Established a connection. Number of open connections: 3
[NX v22.6.4 Daemon Client] - 2026-04-10T16:18:41.347Z - [Messenger] Sending message type: GET_CONTEXT_FILE_DATA
[NX v22.6.4 Daemon Server] - 2026-04-10T16:18:41.348Z - Closed a connection. Number of open connections: 2
[NX v22.6.4 Daemon Client] - 2026-04-10T16:18:41.348Z - [Messenger] Message sent
[NX v22.6.4 Daemon Server] - 2026-04-10T16:18:41.348Z - Received raw message of length 32
[NX v22.6.4 Daemon Server] - 2026-04-10T16:18:41.348Z - Received json message of type GET_CONTEXT_FILE_DATA
[NX v22.6.4 Daemon Server] - 2026-04-10T16:18:41.349Z - Serializing response for GET_CONTEXT_FILE_DATA message in json mode
[NX v22.6.4 Daemon Server] - 2026-04-10T16:18:41.349Z - Responding to GET_CONTEXT_FILE_DATA message
[NX v22.6.4 Daemon Server] - 2026-04-10T16:18:41.349Z - [REQUEST]: Responding to the client. handleContextFileData
[NX v22.6.4 Daemon Client] - 2026-04-10T16:18:41.349Z - [Messenger] Received message, length: 26992
[NX v22.6.4 Daemon Server] - 2026-04-10T16:18:41.350Z - Done responding to the client handleContextFileData
[NX v22.6.4 Daemon Server] - 2026-04-10T16:18:41.350Z - Handled json message GET_CONTEXT_FILE_DATA. Handling time: 1. Response time: 1.
[NX v22.6.4 Daemon Client] - 2026-04-10T16:18:41.592Z - [ProjectGraphListener] Socket closed, triggering reconnection
[NX v22.6.4 Daemon Server] - 2026-04-10T16:18:41.594Z - Closed a connection. Number of open connections: 1
[NX v22.6.4 Daemon Server] - 2026-04-10T16:18:41.594Z - Established a connection. Number of open connections: 2
[NX v22.6.4 Daemon Server] - 2026-04-10T16:18:41.594Z - Closed a connection. Number of open connections: 1
[NX v22.6.4 Daemon Server] - 2026-04-10T16:18:41.594Z - Established a connection. Number of open connections: 2
[NX v22.6.4 Daemon Client] - 2026-04-10T16:18:41.594Z - [Messenger] Setting up socket listeners
[NX v22.6.4 Daemon Client] - 2026-04-10T16:18:41.594Z - [Messenger] listen() complete
[NX v22.6.4 Daemon Client] - 2026-04-10T16:18:41.595Z - [Messenger] Sending message type: REGISTER_PROJECT_GRAPH_LISTENER
[NX v22.6.4 Daemon Client] - 2026-04-10T16:18:41.595Z - [Messenger] Message sent
[NX v22.6.4 Daemon Server] - 2026-04-10T16:18:41.596Z - Received raw message of length 42
[NX v22.6.4 Daemon Server] - 2026-04-10T16:18:41.596Z - Received json message of type REGISTER_PROJECT_GRAPH_LISTENER
[NX v22.6.4 Daemon Server] - 2026-04-10T16:18:45.937Z - [WATCHER]: src/app/pages/application/job-tracker/job-card/job-card.html was modified
[NX v22.6.4 Daemon Server] - 2026-04-10T16:18:45.937Z - [SYNC]: clearing sync generators cache due to file changes
[NX v22.6.4 Daemon Server] - 2026-04-10T16:18:45.937Z - [WATCHER]: Processing file changes in outputs
[NX v22.6.4 Daemon Server] - 2026-04-10T16:18:50.527Z - Established a connection. Number of open connections: 3
[NX v22.6.4 Daemon Server] - 2026-04-10T16:18:50.527Z - Closed a connection. Number of open connections: 2
[NX v22.6.4 Daemon Server] - 2026-04-10T16:18:50.528Z - Established a connection. Number of open connections: 3
[NX v22.6.4 Daemon Server] - 2026-04-10T16:18:50.528Z - Closed a connection. Number of open connections: 2
[NX v22.6.4 Daemon Server] - 2026-04-10T16:18:50.528Z - Established a connection. Number of open connections: 3
[NX v22.6.4 Daemon Client] - 2026-04-10T16:18:50.528Z - [Messenger] Setting up socket listeners
[NX v22.6.4 Daemon Client] - 2026-04-10T16:18:50.529Z - [Messenger] listen() complete
[NX v22.6.4 Daemon Client] - 2026-04-10T16:18:50.530Z - [Messenger] Sending message type: GET_NX_CONSOLE_STATUS
[NX v22.6.4 Daemon Client] - 2026-04-10T16:18:50.531Z - [Messenger] Message sent
[NX v22.6.4 Daemon Server] - 2026-04-10T16:18:50.694Z - Received raw message of length 32
[NX v22.6.4 Daemon Server] - 2026-04-10T16:18:50.694Z - Received json message of type GET_NX_CONSOLE_STATUS
[NX v22.6.4 Daemon Server] - 2026-04-10T16:18:50.694Z - Serializing response for GET_NX_CONSOLE_STATUS message in json mode
[NX v22.6.4 Daemon Server] - 2026-04-10T16:18:50.694Z - Responding to GET_NX_CONSOLE_STATUS message
[NX v22.6.4 Daemon Server] - 2026-04-10T16:18:50.694Z - [REQUEST]: Responding to the client. handleGetNxConsoleStatus
[NX v22.6.4 Daemon Server] - 2026-04-10T16:18:50.694Z - Done responding to the client handleGetNxConsoleStatus
[NX v22.6.4 Daemon Server] - 2026-04-10T16:18:50.694Z - Handled json message GET_NX_CONSOLE_STATUS. Handling time: 0. Response time: 0.
[NX v22.6.4 Daemon Client] - 2026-04-10T16:18:50.694Z - [Messenger] Received message, length: 22
[NX v22.6.4 Daemon Client] - 2026-04-10T16:18:50.739Z - [Messenger] Sending message type: REQUEST_PROJECT_GRAPH
[NX v22.6.4 Daemon Client] - 2026-04-10T16:18:50.739Z - [Messenger] Message sent
[NX v22.6.4 Daemon Server] - 2026-04-10T16:18:50.742Z - Received raw message of length 32
[NX v22.6.4 Daemon Server] - 2026-04-10T16:18:50.742Z - Received json message of type REQUEST_PROJECT_GRAPH
[NX v22.6.4 Daemon Server] - 2026-04-10T16:18:50.742Z - [REQUEST]: Client Request for Project Graph Received
[NX v22.6.4 Daemon Server] - 2026-04-10T16:18:50.742Z - Recomputing project graph because of 1 updated and 0 deleted files.
[NX v22.6.4 Daemon Server] - 2026-04-10T16:18:50.743Z - [REQUEST]: Updated workspace context based on watched changes, recomputing project graph...
[NX v22.6.4 Daemon Server] - 2026-04-10T16:18:50.743Z - [REQUEST]: src/app/pages/application/job-tracker/job-card/job-card.html
[NX v22.6.4 Daemon Server] - 2026-04-10T16:18:50.743Z - [REQUEST]: 
[NX v22.6.4 Daemon Server] - 2026-04-10T16:18:50.764Z - Time taken for 'hash changed files from watcher' 0.4309000000357628ms
Time taken for 'plugin worker 23220 code loading' 148.61489999999998ms
Time taken for 'plugin worker 38792 code loading' 147.5924ms
[NX v22.6.4 Daemon Server] - 2026-04-10T16:18:50.942Z - Time taken for 'start-plugin-worker:nx/js/dependencies-and-lockfile' 198.14900000020862ms
[NX v22.6.4 Daemon Server] - 2026-04-10T16:18:50.942Z - Time taken for 'start-plugin-worker:nx/core/package-json' 191.9294999986887ms
Time taken for 'plugin worker 34144 code loading' 150.22129999999999ms
[NX v22.6.4 Daemon Server] - 2026-04-10T16:18:50.951Z - Time taken for 'start-plugin-worker:nx/core/project-json' 193.98790000006557ms
[NX v22.6.4 Daemon Server] - 2026-04-10T16:18:51.051Z - Time taken for 'build-project-configs' 303.36359999887645ms
[NX v22.6.4 Daemon Server] - 2026-04-10T16:18:51.051Z - Time taken for 'createNodes:merge' 0.6466000005602837ms
[NX v22.6.4 Daemon Server] - 2026-04-10T16:18:51.051Z - Time taken for 'get-all-workspace-files' 0.029399998486042023ms
Time taken for 'nx/js/dependencies-and-lockfile:createNodes' 7.943899999999985ms
[NX v22.6.4 Daemon Server] - 2026-04-10T16:18:51.067Z - [SYNC]: collect registered sync generators
[NX v22.6.4 Daemon Server] - 2026-04-10T16:18:51.067Z - [SYNC]: project graph hash is the same, not collecting task sync generators
[NX v22.6.4 Daemon Server] - 2026-04-10T16:18:51.067Z - [SYNC]: nx.json hash is the same, not collecting global sync generators
[NX v22.6.4 Daemon Server] - 2026-04-10T16:18:51.075Z - Wrote project graph cache to c:\Users\frontend_coder\Documents\projects\ai-job-seek-helper\app\careerforgeai\.nx\workspace-data\project-graph.json
[NX v22.6.4 Daemon Server] - 2026-04-10T16:18:51.075Z - Serializing response for PROJECT_GRAPH_UPDATED message in json mode
[NX v22.6.4 Daemon Server] - 2026-04-10T16:18:51.078Z - Responding to PROJECT_GRAPH_UPDATED message
[NX v22.6.4 Daemon Server] - 2026-04-10T16:18:51.078Z - [REQUEST]: Responding to the client. Project graph updated
[NX v22.6.4 Daemon Server] - 2026-04-10T16:18:51.079Z - Serializing response for REQUEST_PROJECT_GRAPH message in json mode
[NX v22.6.4 Daemon Server] - 2026-04-10T16:18:51.079Z - Responding to REQUEST_PROJECT_GRAPH message
[NX v22.6.4 Daemon Server] - 2026-04-10T16:18:51.079Z - [REQUEST]: Responding to the client. project-graph
[NX v22.6.4 Daemon Server] - 2026-04-10T16:18:51.080Z - Time taken for 'total for creating and serializing project graph' 337.451099999249ms
[NX v22.6.4 Daemon Server] - 2026-04-10T16:18:51.080Z - Time taken for 'total execution time for createProjectGraph()' 17.613299999386072ms
[NX v22.6.4 Daemon Server] - 2026-04-10T16:18:51.080Z - Time taken for 'createDependencies' 15.186499999836087ms
[NX v22.6.4 Daemon Server] - 2026-04-10T16:18:51.080Z - Time taken for 'nx/js/dependencies-and-lockfile:createDependencies' 15.128000000491738ms
[NX v22.6.4 Daemon Server] - 2026-04-10T16:18:51.080Z - Time taken for 'createMetadata' 0.011499999091029167ms
[NX v22.6.4 Daemon Server] - 2026-04-10T16:18:51.080Z - Time taken for 'serialize graph' 1.7927000001072884ms
[NX v22.6.4 Daemon Server] - 2026-04-10T16:18:51.080Z - Time taken for 'write cache' 8.192999999970198ms
[NX v22.6.4 Daemon Client] - 2026-04-10T16:18:51.081Z - [Messenger] Received message, length: 633984
[NX v22.6.4 Daemon Server] - 2026-04-10T16:18:51.081Z - Done responding to the client Project graph updated
[NX v22.6.4 Daemon Server] - 2026-04-10T16:18:51.082Z - Handled json message PROJECT_GRAPH_UPDATED. Handling time: 8. Response time: 7.
[NX v22.6.4 Daemon Server] - 2026-04-10T16:18:51.082Z - Done responding to the client project-graph
[NX v22.6.4 Daemon Server] - 2026-04-10T16:18:51.082Z - Handled json message REQUEST_PROJECT_GRAPH. Handling time: 337. Response time: 3.
[NX v22.6.4 Daemon Client] - 2026-04-10T16:18:51.082Z - [Messenger] Received message, length: 633991
[NX v22.6.4 Daemon Client] - 2026-04-10T16:18:51.088Z - [Messenger] Sending message type: PRE_TASKS_EXECUTION
[NX v22.6.4 Daemon Client] - 2026-04-10T16:18:51.088Z - [Messenger] Message sent
[NX v22.6.4 Daemon Server] - 2026-04-10T16:18:51.089Z - Received raw message of length 884
[NX v22.6.4 Daemon Server] - 2026-04-10T16:18:51.089Z - Received json message of type PRE_TASKS_EXECUTION
[NX v22.6.4 Daemon Server] - 2026-04-10T16:18:51.090Z - Serializing response for PRE_TASKS_EXECUTION message in json mode
[NX v22.6.4 Daemon Server] - 2026-04-10T16:18:51.090Z - Responding to PRE_TASKS_EXECUTION message
[NX v22.6.4 Daemon Server] - 2026-04-10T16:18:51.090Z - [REQUEST]: Responding to the client. handleRunPreTasksExecution
[NX v22.6.4 Daemon Server] - 2026-04-10T16:18:51.090Z - Time taken for 'preTasksExecution' 0.3790000006556511ms
[NX v22.6.4 Daemon Server] - 2026-04-10T16:18:51.090Z - Done responding to the client handleRunPreTasksExecution
[NX v22.6.4 Daemon Server] - 2026-04-10T16:18:51.090Z - Handled json message PRE_TASKS_EXECUTION. Handling time: 1. Response time: 0.
[NX v22.6.4 Daemon Client] - 2026-04-10T16:18:51.090Z - [Messenger] Received message, length: 2
[NX v22.6.4 Daemon Client] - 2026-04-10T16:18:51.124Z - [Messenger] Sending message type: HASH_TASKS
[NX v22.6.4 Daemon Client] - 2026-04-10T16:18:51.124Z - [Messenger] Message sent
[NX v22.6.4 Daemon Server] - 2026-04-10T16:18:51.125Z - Received raw message of length 7658
[NX v22.6.4 Daemon Server] - 2026-04-10T16:18:51.125Z - Received json message of type HASH_TASKS
[NX v22.6.4 Daemon Server] - 2026-04-10T16:18:51.125Z - Reusing in-memory cached project graph because no files changed.
DEBUG nx::native::tasks::hash_planner: get_plans_internal COMPLETED in 2.3243ms - processed 1 tasks (setup: 2.1892ms, parallel_planning: 123.2µs)
DEBUG nx::native::tasks::hashers::hash_workspace_files: Hashing workspace fileset with inputs: Adding "9971565417412081857" (".gitignore") to hash
DEBUG nx::native::tasks::hashers::hash_workspace_files: Hashing workspace fileset with inputs: Adding "3986529419154739731" ("nx.json") to hash
DEBUG nx::native::tasks::hashers::hash_workspace_files: Hashing workspace fileset with inputs: Hash Value: "14787824926337430294"
DEBUG nx::native::tasks::task_hasher: hash_plans COMPLETED in 1.678ms - processed 1 plans (setup: 215.9µs, hashing: 1.4606ms, assembly: 313.9µs)
[NX v22.6.4 Daemon Server] - 2026-04-10T16:18:51.135Z - Serializing response for HASH_TASKS message in json mode
[NX v22.6.4 Daemon Server] - 2026-04-10T16:18:51.135Z - Responding to HASH_TASKS message
[NX v22.6.4 Daemon Server] - 2026-04-10T16:18:51.135Z - [REQUEST]: Responding to the client. handleHashTasks
[NX v22.6.4 Daemon Server] - 2026-04-10T16:18:51.136Z - Done responding to the client handleHashTasks
[NX v22.6.4 Daemon Server] - 2026-04-10T16:18:51.136Z - Handled json message HASH_TASKS. Handling time: 10. Response time: 1.
[NX v22.6.4 Daemon Client] - 2026-04-10T16:18:51.135Z - [Messenger] Received message, length: 10964
[NX v22.6.4 Daemon Client] - 2026-04-10T16:18:51.892Z - [Messenger] Sending message type: GET_ESTIMATED_TASK_TIMINGS
[NX v22.6.4 Daemon Client] - 2026-04-10T16:18:51.893Z - [Messenger] Message sent
[NX v22.6.4 Daemon Server] - 2026-04-10T16:18:51.940Z - Received raw message of length 122
[NX v22.6.4 Daemon Server] - 2026-04-10T16:18:51.940Z - Received json message of type GET_ESTIMATED_TASK_TIMINGS
[NX v22.6.4 Daemon Server] - 2026-04-10T16:18:51.941Z - Serializing response for GET_ESTIMATED_TASK_TIMINGS message in json mode
[NX v22.6.4 Daemon Server] - 2026-04-10T16:18:51.941Z - Responding to GET_ESTIMATED_TASK_TIMINGS message
[NX v22.6.4 Daemon Server] - 2026-04-10T16:18:51.941Z - [REQUEST]: Responding to the client. handleGetEstimatedTaskTimings
[NX v22.6.4 Daemon Client] - 2026-04-10T16:18:51.941Z - [Messenger] Received message, length: 42
[NX v22.6.4 Daemon Server] - 2026-04-10T16:18:51.942Z - Done responding to the client handleGetEstimatedTaskTimings
[NX v22.6.4 Daemon Server] - 2026-04-10T16:18:51.942Z - Handled json message GET_ESTIMATED_TASK_TIMINGS. Handling time: 1. Response time: 1.
[NX v22.6.4 Daemon Server] - 2026-04-10T16:18:52.099Z - Established a connection. Number of open connections: 4
[NX v22.6.4 Daemon Client] - 2026-04-10T16:18:52.099Z - [Messenger] Sending message type: GET_CONTEXT_FILE_DATA
[NX v22.6.4 Daemon Server] - 2026-04-10T16:18:52.099Z - Closed a connection. Number of open connections: 3
[NX v22.6.4 Daemon Client] - 2026-04-10T16:18:52.099Z - [Messenger] Message sent
[NX v22.6.4 Daemon Server] - 2026-04-10T16:18:52.099Z - Received raw message of length 32
[NX v22.6.4 Daemon Server] - 2026-04-10T16:18:52.099Z - Received json message of type GET_CONTEXT_FILE_DATA
[NX v22.6.4 Daemon Server] - 2026-04-10T16:18:52.100Z - Serializing response for GET_CONTEXT_FILE_DATA message in json mode
[NX v22.6.4 Daemon Server] - 2026-04-10T16:18:52.100Z - Responding to GET_CONTEXT_FILE_DATA message
[NX v22.6.4 Daemon Server] - 2026-04-10T16:18:52.100Z - [REQUEST]: Responding to the client. handleContextFileData
[NX v22.6.4 Daemon Server] - 2026-04-10T16:18:52.100Z - Done responding to the client handleContextFileData
[NX v22.6.4 Daemon Server] - 2026-04-10T16:18:52.100Z - Handled json message GET_CONTEXT_FILE_DATA. Handling time: 0. Response time: 0.
[NX v22.6.4 Daemon Client] - 2026-04-10T16:18:52.100Z - [Messenger] Received message, length: 26992
[NX v22.6.4 Daemon Server] - 2026-04-10T16:18:52.255Z - Closed a connection. Number of open connections: 2
[NX v22.6.4 Daemon Client] - 2026-04-10T16:18:52.255Z - [ProjectGraphListener] Socket closed, triggering reconnection
[NX v22.6.4 Daemon Server] - 2026-04-10T16:18:52.260Z - Established a connection. Number of open connections: 3
[NX v22.6.4 Daemon Server] - 2026-04-10T16:18:52.261Z - Closed a connection. Number of open connections: 2
[NX v22.6.4 Daemon Server] - 2026-04-10T16:18:52.261Z - Established a connection. Number of open connections: 3
[NX v22.6.4 Daemon Client] - 2026-04-10T16:18:52.260Z - [Messenger] Setting up socket listeners
[NX v22.6.4 Daemon Client] - 2026-04-10T16:18:52.261Z - [Messenger] listen() complete
[NX v22.6.4 Daemon Client] - 2026-04-10T16:18:52.261Z - [Messenger] Sending message type: REGISTER_PROJECT_GRAPH_LISTENER
[NX v22.6.4 Daemon Client] - 2026-04-10T16:18:52.261Z - [Messenger] Message sent
[NX v22.6.4 Daemon Server] - 2026-04-10T16:18:52.262Z - Received raw message of length 42
[NX v22.6.4 Daemon Server] - 2026-04-10T16:18:52.262Z - Received json message of type REGISTER_PROJECT_GRAPH_LISTENER
[NX v22.6.4 Daemon Server] - 2026-04-10T16:18:57.514Z - [WATCHER]: Processing file changes in outputs
[NX v22.6.4 Daemon Server] - 2026-04-10T16:19:04.352Z - [WATCHER]: Processing file changes in outputs
[NX v22.6.4 Daemon Server] - 2026-04-10T16:19:04.403Z - [WATCHER]: Processing file changes in outputs
[NX v22.6.4 Daemon Server] - 2026-04-10T16:19:04.454Z - [WATCHER]: Processing file changes in outputs
[NX v22.6.4 Daemon Server] - 2026-04-10T16:19:04.510Z - [WATCHER]: Processing file changes in outputs
[NX v22.6.4 Daemon Server] - 2026-04-10T16:19:04.587Z - [WATCHER]: Processing file changes in outputs
[NX v22.6.4 Daemon Server] - 2026-04-10T16:19:04.644Z - [WATCHER]: Processing file changes in outputs
[NX v22.6.4 Daemon Server] - 2026-04-10T16:19:04.711Z - [WATCHER]: Processing file changes in outputs
[NX v22.6.4 Daemon Server] - 2026-04-10T16:19:04.754Z - [WATCHER]: Processing file changes in outputs
[NX v22.6.4 Daemon Server] - 2026-04-10T16:19:04.811Z - [WATCHER]: Processing file changes in outputs
[NX v22.6.4 Daemon Server] - 2026-04-10T16:19:04.896Z - [WATCHER]: Processing file changes in outputs
[NX v22.6.4 Daemon Server] - 2026-04-10T16:19:04.983Z - [WATCHER]: Processing file changes in outputs
[NX v22.6.4 Daemon Server] - 2026-04-10T16:19:05.013Z - [WATCHER]: Processing file changes in outputs
[NX v22.6.4 Daemon Client] - 2026-04-10T16:19:05.026Z - [Messenger] Sending message type: RECORD_OUTPUTS_HASH
[NX v22.6.4 Daemon Client] - 2026-04-10T16:19:05.027Z - [Messenger] Message sent
[NX v22.6.4 Daemon Server] - 2026-04-10T16:19:05.027Z - Received raw message of length 100
[NX v22.6.4 Daemon Server] - 2026-04-10T16:19:05.028Z - Received json message of type RECORD_OUTPUTS_HASH
[NX v22.6.4 Daemon Server] - 2026-04-10T16:19:05.043Z - Serializing response for RECORD_OUTPUTS_HASH message in json mode
[NX v22.6.4 Daemon Server] - 2026-04-10T16:19:05.043Z - Responding to RECORD_OUTPUTS_HASH message
[NX v22.6.4 Daemon Server] - 2026-04-10T16:19:05.043Z - [REQUEST]: Responding to the client. recordOutputsHash
[NX v22.6.4 Daemon Client] - 2026-04-10T16:19:05.043Z - [Messenger] Received message, length: 2
[NX v22.6.4 Daemon Server] - 2026-04-10T16:19:05.044Z - Done responding to the client recordOutputsHash
[NX v22.6.4 Daemon Server] - 2026-04-10T16:19:05.044Z - Handled json message RECORD_OUTPUTS_HASH. Handling time: 15. Response time: 1.
[NX v22.6.4 Daemon Client] - 2026-04-10T16:19:05.266Z - [Messenger] Sending message type: RECORD_TASK_RUNS
[NX v22.6.4 Daemon Client] - 2026-04-10T16:19:05.266Z - [Messenger] Message sent
[NX v22.6.4 Daemon Server] - 2026-04-10T16:19:05.267Z - Received raw message of length 241
[NX v22.6.4 Daemon Server] - 2026-04-10T16:19:05.267Z - Received json message of type RECORD_TASK_RUNS
[NX v22.6.4 Daemon Server] - 2026-04-10T16:19:05.267Z - Serializing response for RECORD_TASK_RUNS message in json mode
[NX v22.6.4 Daemon Server] - 2026-04-10T16:19:05.267Z - Responding to RECORD_TASK_RUNS message
[NX v22.6.4 Daemon Server] - 2026-04-10T16:19:05.267Z - [REQUEST]: Responding to the client. handleRecordTaskRuns
[NX v22.6.4 Daemon Server] - 2026-04-10T16:19:05.267Z - Done responding to the client handleRecordTaskRuns
[NX v22.6.4 Daemon Server] - 2026-04-10T16:19:05.267Z - Handled json message RECORD_TASK_RUNS. Handling time: 0. Response time: 0.
[NX v22.6.4 Daemon Client] - 2026-04-10T16:19:05.267Z - [Messenger] Received message, length: 4
[NX v22.6.4 Daemon Client] - 2026-04-10T16:19:05.268Z - [Messenger] Sending message type: GET_FLAKY_TASKS
[NX v22.6.4 Daemon Client] - 2026-04-10T16:19:05.268Z - [Messenger] Message sent
[NX v22.6.4 Daemon Server] - 2026-04-10T16:19:05.269Z - Received raw message of length 60
[NX v22.6.4 Daemon Server] - 2026-04-10T16:19:05.269Z - Received json message of type GET_FLAKY_TASKS
[NX v22.6.4 Daemon Server] - 2026-04-10T16:19:05.269Z - Serializing response for GET_FLAKY_TASKS message in json mode
[NX v22.6.4 Daemon Server] - 2026-04-10T16:19:05.269Z - Responding to GET_FLAKY_TASKS message
[NX v22.6.4 Daemon Server] - 2026-04-10T16:19:05.269Z - [REQUEST]: Responding to the client. handleGetFlakyTasks
[NX v22.6.4 Daemon Server] - 2026-04-10T16:19:05.269Z - Done responding to the client handleGetFlakyTasks
[NX v22.6.4 Daemon Server] - 2026-04-10T16:19:05.269Z - Handled json message GET_FLAKY_TASKS. Handling time: 0. Response time: 0.
[NX v22.6.4 Daemon Client] - 2026-04-10T16:19:05.269Z - [Messenger] Received message, length: 2
[NX v22.6.4 Daemon Client] - 2026-04-10T16:19:05.374Z - [Messenger] Sending message type: PROCESS_IN_BACKGROUND
[NX v22.6.4 Daemon Client] - 2026-04-10T16:19:05.378Z - [Messenger] Message sent
[NX v22.6.4 Daemon Server] - 2026-04-10T16:19:05.381Z - Received raw message of length 694602
[NX v22.6.4 Daemon Server] - 2026-04-10T16:19:05.383Z - Received json message of type PROCESS_IN_BACKGROUND
[NX v22.6.4 Daemon Server] - 2026-04-10T16:19:05.521Z - Serializing response for PROCESS_IN_BACKGROUND message in json mode
[NX v22.6.4 Daemon Server] - 2026-04-10T16:19:05.521Z - Responding to PROCESS_IN_BACKGROUND message
[NX v22.6.4 Daemon Server] - 2026-04-10T16:19:05.521Z - [REQUEST]: Responding to the client. PROCESS_IN_BACKGROUND
[NX v22.6.4 Daemon Client] - 2026-04-10T16:19:05.521Z - [Messenger] Received message, length: 2
[NX v22.6.4 Daemon Server] - 2026-04-10T16:19:05.522Z - Done responding to the client PROCESS_IN_BACKGROUND
[NX v22.6.4 Daemon Server] - 2026-04-10T16:19:05.522Z - Handled json message PROCESS_IN_BACKGROUND. Handling time: 138. Response time: 1.
[NX v22.6.4 Daemon Server] - 2026-04-10T16:19:05.522Z - Uploading file artifacts
[NX v22.6.4 Daemon Server] - 2026-04-10T16:19:05.525Z - Established a connection. Number of open connections: 4
[NX v22.6.4 Daemon Server] - 2026-04-10T16:19:05.525Z - Closed a connection. Number of open connections: 3
[NX v22.6.4 Daemon Client] - 2026-04-10T16:19:05.525Z - [Messenger] Sending message type: GET_CONFIGURE_AI_AGENTS_STATUS
[NX v22.6.4 Daemon Client] - 2026-04-10T16:19:05.525Z - [Messenger] Message sent
[NX v22.6.4 Daemon Server] - 2026-04-10T16:19:05.526Z - Received raw message of length 41
[NX v22.6.4 Daemon Server] - 2026-04-10T16:19:05.526Z - Received json message of type GET_CONFIGURE_AI_AGENTS_STATUS
[NX v22.6.4 Daemon Server] - 2026-04-10T16:19:05.526Z - [AI-AGENTS]: Returning cached agent configuration status
[NX v22.6.4 Daemon Server] - 2026-04-10T16:19:05.526Z - Serializing response for GET_CONFIGURE_AI_AGENTS_STATUS message in json mode
[NX v22.6.4 Daemon Server] - 2026-04-10T16:19:05.526Z - Responding to GET_CONFIGURE_AI_AGENTS_STATUS message
[NX v22.6.4 Daemon Server] - 2026-04-10T16:19:05.526Z - [REQUEST]: Responding to the client. handleGetConfigureAiAgentsStatus
[NX v22.6.4 Daemon Server] - 2026-04-10T16:19:05.526Z - Done responding to the client handleGetConfigureAiAgentsStatus
[NX v22.6.4 Daemon Server] - 2026-04-10T16:19:05.526Z - Handled json message GET_CONFIGURE_AI_AGENTS_STATUS. Handling time: 0. Response time: 0.
[NX v22.6.4 Daemon Client] - 2026-04-10T16:19:05.526Z - [Messenger] Received message, length: 383
[NX v22.6.4 Daemon Client] - 2026-04-10T16:19:05.529Z - [Messenger] Sending message type: POST_TASKS_EXECUTION
[NX v22.6.4 Daemon Client] - 2026-04-10T16:19:05.530Z - [Messenger] Message sent
[NX v22.6.4 Daemon Server] - 2026-04-10T16:19:05.542Z - Received raw message of length 47302
[NX v22.6.4 Daemon Server] - 2026-04-10T16:19:05.543Z - Received json message of type POST_TASKS_EXECUTION
[NX v22.6.4 Daemon Server] - 2026-04-10T16:19:05.543Z - Serializing response for POST_TASKS_EXECUTION message in json mode
[NX v22.6.4 Daemon Server] - 2026-04-10T16:19:05.543Z - Responding to POST_TASKS_EXECUTION message
[NX v22.6.4 Daemon Server] - 2026-04-10T16:19:05.543Z - [REQUEST]: Responding to the client. handleRunPostTasksExecution
[NX v22.6.4 Daemon Client] - 2026-04-10T16:19:05.544Z - [Messenger] Received message, length: 4
[NX v22.6.4 Daemon Server] - 2026-04-10T16:19:05.544Z - Time taken for 'postTasksExecution' 0.28969999961555004ms
[NX v22.6.4 Daemon Server] - 2026-04-10T16:19:05.544Z - Done responding to the client handleRunPostTasksExecution
[NX v22.6.4 Daemon Server] - 2026-04-10T16:19:05.544Z - Handled json message POST_TASKS_EXECUTION. Handling time: 0. Response time: 1.
[NX v22.6.4 Daemon Server] - 2026-04-10T16:19:05.560Z - Closed a connection. Number of open connections: 2
[NX v22.6.4 Daemon Server] - 2026-04-10T16:19:10.691Z - Done uploading file artifacts
[NX v22.6.4 Daemon Server] - 2026-04-10T16:19:10.692Z - Sending EndRun request
[NX v22.6.4 Daemon Server] - 2026-04-10T16:19:11.148Z - Done sending EndRun request
[NX v22.6.4 Daemon Server] - 2026-04-10T16:20:08.009Z - [WATCHER]: firebase-debug.log was modified
[NX v22.6.4 Daemon Server] - 2026-04-10T16:20:08.009Z - [SYNC]: clearing sync generators cache due to file changes
[NX v22.6.4 Daemon Server] - 2026-04-10T16:20:08.009Z - [WATCHER]: Processing file changes in outputs
[NX v22.6.4 Daemon Server] - 2026-04-10T16:20:08.117Z - [REQUEST]: Updated workspace context based on watched changes, recomputing project graph...
[NX v22.6.4 Daemon Server] - 2026-04-10T16:20:08.117Z - [REQUEST]: firebase-debug.log
[NX v22.6.4 Daemon Server] - 2026-04-10T16:20:08.117Z - [REQUEST]: 
[NX v22.6.4 Daemon Server] - 2026-04-10T16:20:08.144Z - Time taken for 'hash changed files from watcher' 0.8148999996483326ms
Time taken for 'plugin worker 38036 code loading' 157.3113ms
Time taken for 'plugin worker 23096 code loading' 155.4622ms
[NX v22.6.4 Daemon Server] - 2026-04-10T16:20:08.335Z - Time taken for 'start-plugin-worker:nx/js/dependencies-and-lockfile' 216.05560000054538ms
[NX v22.6.4 Daemon Server] - 2026-04-10T16:20:08.335Z - Time taken for 'start-plugin-worker:nx/core/package-json' 207.64180000126362ms
[NX v22.6.4 Daemon Server] - 2026-04-10T16:20:08.335Z - Time taken for 'start-plugin-worker:nx/core/project-json' 198.67400000058115ms
Time taken for 'plugin worker 13960 code loading' 153.4681ms
[NX v22.6.4 Daemon Server] - 2026-04-10T16:20:08.448Z - Time taken for 'build-project-configs' 324.39489999972284ms
[NX v22.6.4 Daemon Server] - 2026-04-10T16:20:08.448Z - Time taken for 'createNodes:merge' 0.8566000014543533ms
[NX v22.6.4 Daemon Server] - 2026-04-10T16:20:08.448Z - Time taken for 'get-all-workspace-files' 0.054100001230835915ms
Time taken for 'nx/js/dependencies-and-lockfile:createNodes' 7.425199999999961ms
[NX v22.6.4 Daemon Server] - 2026-04-10T16:20:08.465Z - [SYNC]: collect registered sync generators
[NX v22.6.4 Daemon Server] - 2026-04-10T16:20:08.465Z - [SYNC]: project graph hash is the same, not collecting task sync generators
[NX v22.6.4 Daemon Server] - 2026-04-10T16:20:08.465Z - [SYNC]: nx.json hash is the same, not collecting global sync generators
[NX v22.6.4 Daemon Server] - 2026-04-10T16:20:08.465Z - Serializing response for PROJECT_GRAPH_UPDATED message in json mode
[NX v22.6.4 Daemon Server] - 2026-04-10T16:20:08.467Z - Responding to PROJECT_GRAPH_UPDATED message
[NX v22.6.4 Daemon Server] - 2026-04-10T16:20:08.467Z - [REQUEST]: Responding to the client. Project graph updated
[NX v22.6.4 Daemon Server] - 2026-04-10T16:20:08.467Z - Time taken for 'total execution time for createProjectGraph()' 19.78319999948144ms
[NX v22.6.4 Daemon Server] - 2026-04-10T16:20:08.467Z - Time taken for 'createDependencies' 16.851800000295043ms
[NX v22.6.4 Daemon Server] - 2026-04-10T16:20:08.467Z - Time taken for 'nx/js/dependencies-and-lockfile:createDependencies' 16.792599998414516ms
[NX v22.6.4 Daemon Server] - 2026-04-10T16:20:08.467Z - Time taken for 'createMetadata' 0.012799998745322227ms
[NX v22.6.4 Daemon Server] - 2026-04-10T16:20:08.467Z - Time taken for 'serialize graph' 1.7975000012665987ms
[NX v22.6.4 Daemon Server] - 2026-04-10T16:20:08.468Z - Done responding to the client Project graph updated
[NX v22.6.4 Daemon Server] - 2026-04-10T16:20:08.468Z - Handled json message PROJECT_GRAPH_UPDATED. Handling time: 0. Response time: 3.
[NX v22.6.4 Daemon Client] - 2026-04-10T16:20:08.469Z - [Messenger] Received message, length: 633984
[NX v22.6.4 Daemon Server] - 2026-04-10T16:20:09.481Z - Established a connection. Number of open connections: 3
[NX v22.6.4 Daemon Client] - 2026-04-10T16:20:09.481Z - [Messenger] Sending message type: GET_CONTEXT_FILE_DATA
[NX v22.6.4 Daemon Server] - 2026-04-10T16:20:09.482Z - Closed a connection. Number of open connections: 2
[NX v22.6.4 Daemon Client] - 2026-04-10T16:20:09.482Z - [Messenger] Message sent
[NX v22.6.4 Daemon Server] - 2026-04-10T16:20:09.483Z - Received raw message of length 32
[NX v22.6.4 Daemon Server] - 2026-04-10T16:20:09.483Z - Received json message of type GET_CONTEXT_FILE_DATA
[NX v22.6.4 Daemon Server] - 2026-04-10T16:20:09.483Z - Serializing response for GET_CONTEXT_FILE_DATA message in json mode
[NX v22.6.4 Daemon Server] - 2026-04-10T16:20:09.483Z - Responding to GET_CONTEXT_FILE_DATA message
[NX v22.6.4 Daemon Server] - 2026-04-10T16:20:09.483Z - [REQUEST]: Responding to the client. handleContextFileData
[NX v22.6.4 Daemon Server] - 2026-04-10T16:20:09.483Z - Done responding to the client handleContextFileData
[NX v22.6.4 Daemon Server] - 2026-04-10T16:20:09.483Z - Handled json message GET_CONTEXT_FILE_DATA. Handling time: 0. Response time: 0.
[NX v22.6.4 Daemon Client] - 2026-04-10T16:20:09.483Z - [Messenger] Received message, length: 26992
[NX v22.6.4 Daemon Server] - 2026-04-10T16:20:09.660Z - Closed a connection. Number of open connections: 1
[NX v22.6.4 Daemon Client] - 2026-04-10T16:20:09.660Z - [ProjectGraphListener] Socket closed, triggering reconnection
[NX v22.6.4 Daemon Server] - 2026-04-10T16:20:09.662Z - Established a connection. Number of open connections: 2
[NX v22.6.4 Daemon Server] - 2026-04-10T16:20:09.662Z - Closed a connection. Number of open connections: 1
[NX v22.6.4 Daemon Server] - 2026-04-10T16:20:09.662Z - Established a connection. Number of open connections: 2
[NX v22.6.4 Daemon Client] - 2026-04-10T16:20:09.662Z - [Messenger] Setting up socket listeners
[NX v22.6.4 Daemon Client] - 2026-04-10T16:20:09.662Z - [Messenger] listen() complete
[NX v22.6.4 Daemon Client] - 2026-04-10T16:20:09.663Z - [Messenger] Sending message type: REGISTER_PROJECT_GRAPH_LISTENER
[NX v22.6.4 Daemon Client] - 2026-04-10T16:20:09.663Z - [Messenger] Message sent
[NX v22.6.4 Daemon Server] - 2026-04-10T16:20:09.663Z - Received raw message of length 42
[NX v22.6.4 Daemon Server] - 2026-04-10T16:20:09.664Z - Received json message of type REGISTER_PROJECT_GRAPH_LISTENER
[NX v22.6.4 Daemon Server] - 2026-04-10T16:22:00.713Z - [WATCHER]: Processing file changes in outputs
[NX v22.6.4 Daemon Server] - 2026-04-10T16:22:00.713Z - [WATCHER]: src/app/pages/application/job-tracker/job-tracker.ts was modified
[NX v22.6.4 Daemon Server] - 2026-04-10T16:22:00.713Z - [SYNC]: clearing sync generators cache due to file changes
[NX v22.6.4 Daemon Server] - 2026-04-10T16:22:00.933Z - [REQUEST]: Updated workspace context based on watched changes, recomputing project graph...
[NX v22.6.4 Daemon Server] - 2026-04-10T16:22:00.933Z - [REQUEST]: src/app/pages/application/job-tracker/job-tracker.ts
[NX v22.6.4 Daemon Server] - 2026-04-10T16:22:00.933Z - [REQUEST]: 
[NX v22.6.4 Daemon Server] - 2026-04-10T16:22:00.960Z - Time taken for 'hash changed files from watcher' 1.91469999961555ms
Time taken for 'plugin worker 33072 code loading' 154.7402ms
Time taken for 'plugin worker 2252 code loading' 160.5359ms
[NX v22.6.4 Daemon Server] - 2026-04-10T16:22:01.150Z - Time taken for 'start-plugin-worker:nx/js/dependencies-and-lockfile' 214.4533999990672ms
[NX v22.6.4 Daemon Server] - 2026-04-10T16:22:01.150Z - Time taken for 'start-plugin-worker:nx/core/package-json' 206.43400000035763ms
Time taken for 'plugin worker 14928 code loading' 160.2217ms
[NX v22.6.4 Daemon Server] - 2026-04-10T16:22:01.167Z - Time taken for 'start-plugin-worker:nx/core/project-json' 214.8309000004083ms
[NX v22.6.4 Daemon Server] - 2026-04-10T16:22:01.275Z - Time taken for 'build-project-configs' 335.36900000087917ms
[NX v22.6.4 Daemon Server] - 2026-04-10T16:22:01.275Z - Time taken for 'createNodes:merge' 0.7170000001788139ms
[NX v22.6.4 Daemon Server] - 2026-04-10T16:22:01.275Z - Time taken for 'get-all-workspace-files' 0.08830000087618828ms
Time taken for 'nx/js/dependencies-and-lockfile:createNodes' 8.253899999999987ms
[NX v22.6.4 Daemon Server] - 2026-04-10T16:22:01.296Z - [SYNC]: collect registered sync generators
[NX v22.6.4 Daemon Server] - 2026-04-10T16:22:01.296Z - [SYNC]: project graph hash is the same, not collecting task sync generators
[NX v22.6.4 Daemon Server] - 2026-04-10T16:22:01.296Z - [SYNC]: nx.json hash is the same, not collecting global sync generators
[NX v22.6.4 Daemon Server] - 2026-04-10T16:22:01.296Z - Serializing response for PROJECT_GRAPH_UPDATED message in json mode
[NX v22.6.4 Daemon Server] - 2026-04-10T16:22:01.298Z - Responding to PROJECT_GRAPH_UPDATED message
[NX v22.6.4 Daemon Server] - 2026-04-10T16:22:01.298Z - [REQUEST]: Responding to the client. Project graph updated
[NX v22.6.4 Daemon Server] - 2026-04-10T16:22:01.298Z - Time taken for 'total execution time for createProjectGraph()' 22.733000000938773ms
[NX v22.6.4 Daemon Server] - 2026-04-10T16:22:01.298Z - Time taken for 'createDependencies' 19.902899999171495ms
[NX v22.6.4 Daemon Server] - 2026-04-10T16:22:01.298Z - Time taken for 'nx/js/dependencies-and-lockfile:createDependencies' 19.83960000053048ms
[NX v22.6.4 Daemon Server] - 2026-04-10T16:22:01.298Z - Time taken for 'createMetadata' 0.011399999260902405ms
[NX v22.6.4 Daemon Server] - 2026-04-10T16:22:01.298Z - Time taken for 'serialize graph' 1.846000000834465ms
[NX v22.6.4 Daemon Server] - 2026-04-10T16:22:01.299Z - Done responding to the client Project graph updated
[NX v22.6.4 Daemon Server] - 2026-04-10T16:22:01.299Z - Handled json message PROJECT_GRAPH_UPDATED. Handling time: 0. Response time: 3.
[NX v22.6.4 Daemon Client] - 2026-04-10T16:22:01.299Z - [Messenger] Received message, length: 633984
[NX v22.6.4 Daemon Server] - 2026-04-10T16:22:01.853Z - [WATCHER]: src/app/pages/application/job-tracker/job-tracker.ts was modified
[NX v22.6.4 Daemon Server] - 2026-04-10T16:22:01.853Z - [SYNC]: clearing sync generators cache due to file changes
[NX v22.6.4 Daemon Server] - 2026-04-10T16:22:01.853Z - [WATCHER]: Processing file changes in outputs
[NX v22.6.4 Daemon Server] - 2026-04-10T16:22:02.265Z - [REQUEST]: Updated workspace context based on watched changes, recomputing project graph...
[NX v22.6.4 Daemon Server] - 2026-04-10T16:22:02.265Z - [REQUEST]: src/app/pages/application/job-tracker/job-tracker.ts
[NX v22.6.4 Daemon Server] - 2026-04-10T16:22:02.265Z - [REQUEST]: 
[NX v22.6.4 Daemon Server] - 2026-04-10T16:22:02.289Z - Time taken for 'hash changed files from watcher' 0.3555999994277954ms
[NX v22.6.4 Daemon Server] - 2026-04-10T16:22:02.314Z - Established a connection. Number of open connections: 3
[NX v22.6.4 Daemon Client] - 2026-04-10T16:22:02.314Z - [Messenger] Sending message type: GET_CONTEXT_FILE_DATA
[NX v22.6.4 Daemon Server] - 2026-04-10T16:22:02.314Z - Closed a connection. Number of open connections: 2
[NX v22.6.4 Daemon Client] - 2026-04-10T16:22:02.314Z - [Messenger] Message sent
[NX v22.6.4 Daemon Server] - 2026-04-10T16:22:02.314Z - Received raw message of length 32
[NX v22.6.4 Daemon Server] - 2026-04-10T16:22:02.315Z - Received json message of type GET_CONTEXT_FILE_DATA
[NX v22.6.4 Daemon Server] - 2026-04-10T16:22:02.315Z - Serializing response for GET_CONTEXT_FILE_DATA message in json mode
[NX v22.6.4 Daemon Server] - 2026-04-10T16:22:02.315Z - Responding to GET_CONTEXT_FILE_DATA message
[NX v22.6.4 Daemon Server] - 2026-04-10T16:22:02.315Z - [REQUEST]: Responding to the client. handleContextFileData
[NX v22.6.4 Daemon Server] - 2026-04-10T16:22:02.315Z - Done responding to the client handleContextFileData
[NX v22.6.4 Daemon Server] - 2026-04-10T16:22:02.315Z - Handled json message GET_CONTEXT_FILE_DATA. Handling time: 0. Response time: 0.
[NX v22.6.4 Daemon Client] - 2026-04-10T16:22:02.316Z - [Messenger] Received message, length: 26992
Time taken for 'plugin worker 33348 code loading' 199.2253ms
[NX v22.6.4 Daemon Server] - 2026-04-10T16:22:02.511Z - Time taken for 'start-plugin-worker:nx/js/dependencies-and-lockfile' 244.64709999971092ms
Time taken for 'plugin worker 4008 code loading' 193.4735ms
Time taken for 'plugin worker 23740 code loading' 190.86630000000002ms
[NX v22.6.4 Daemon Server] - 2026-04-10T16:22:02.522Z - Time taken for 'start-plugin-worker:nx/core/package-json' 248.95350000075996ms
[NX v22.6.4 Daemon Server] - 2026-04-10T16:22:02.522Z - Time taken for 'start-plugin-worker:nx/core/project-json' 240.98439999856055ms
[NX v22.6.4 Daemon Server] - 2026-04-10T16:22:02.564Z - Closed a connection. Number of open connections: 1
[NX v22.6.4 Daemon Client] - 2026-04-10T16:22:02.564Z - [ProjectGraphListener] Socket closed, triggering reconnection
[NX v22.6.4 Daemon Server] - 2026-04-10T16:22:02.566Z - Established a connection. Number of open connections: 2
[NX v22.6.4 Daemon Server] - 2026-04-10T16:22:02.566Z - Closed a connection. Number of open connections: 1
[NX v22.6.4 Daemon Client] - 2026-04-10T16:22:02.566Z - [Messenger] Setting up socket listeners
[NX v22.6.4 Daemon Server] - 2026-04-10T16:22:02.566Z - Established a connection. Number of open connections: 2
[NX v22.6.4 Daemon Client] - 2026-04-10T16:22:02.566Z - [Messenger] listen() complete
[NX v22.6.4 Daemon Client] - 2026-04-10T16:22:02.567Z - [Messenger] Sending message type: REGISTER_PROJECT_GRAPH_LISTENER
[NX v22.6.4 Daemon Client] - 2026-04-10T16:22:02.567Z - [Messenger] Message sent
[NX v22.6.4 Daemon Server] - 2026-04-10T16:22:02.567Z - Received raw message of length 42
[NX v22.6.4 Daemon Server] - 2026-04-10T16:22:02.567Z - Received json message of type REGISTER_PROJECT_GRAPH_LISTENER
[NX v22.6.4 Daemon Server] - 2026-04-10T16:22:02.661Z - Time taken for 'build-project-configs' 388.6427999995649ms
[NX v22.6.4 Daemon Server] - 2026-04-10T16:22:02.661Z - Time taken for 'createNodes:merge' 0.7026999983936548ms
[NX v22.6.4 Daemon Server] - 2026-04-10T16:22:02.661Z - Time taken for 'get-all-workspace-files' 0.030300000682473183ms
Time taken for 'nx/js/dependencies-and-lockfile:createNodes' 13.242000000000019ms
[NX v22.6.4 Daemon Server] - 2026-04-10T16:22:02.675Z - [SYNC]: collect registered sync generators
[NX v22.6.4 Daemon Server] - 2026-04-10T16:22:02.675Z - [SYNC]: project graph hash is the same, not collecting task sync generators
[NX v22.6.4 Daemon Server] - 2026-04-10T16:22:02.675Z - [SYNC]: nx.json hash is the same, not collecting global sync generators
[NX v22.6.4 Daemon Server] - 2026-04-10T16:22:02.675Z - Serializing response for PROJECT_GRAPH_UPDATED message in json mode
[NX v22.6.4 Daemon Server] - 2026-04-10T16:22:02.677Z - Responding to PROJECT_GRAPH_UPDATED message
[NX v22.6.4 Daemon Server] - 2026-04-10T16:22:02.677Z - [REQUEST]: Responding to the client. Project graph updated
[NX v22.6.4 Daemon Server] - 2026-04-10T16:22:02.678Z - Time taken for 'total execution time for createProjectGraph()' 17.767799999564886ms
[NX v22.6.4 Daemon Server] - 2026-04-10T16:22:02.678Z - Time taken for 'createDependencies' 13.939399998635054ms
[NX v22.6.4 Daemon Server] - 2026-04-10T16:22:02.678Z - Time taken for 'nx/js/dependencies-and-lockfile:createDependencies' 13.824799999594688ms
[NX v22.6.4 Daemon Server] - 2026-04-10T16:22:02.678Z - Time taken for 'createMetadata' 0.013499999418854713ms
[NX v22.6.4 Daemon Server] - 2026-04-10T16:22:02.678Z - Time taken for 'serialize graph' 2.1166999991983175ms
[NX v22.6.4 Daemon Server] - 2026-04-10T16:22:02.678Z - Done responding to the client Project graph updated
[NX v22.6.4 Daemon Server] - 2026-04-10T16:22:02.678Z - Handled json message PROJECT_GRAPH_UPDATED. Handling time: 0. Response time: 3.
[NX v22.6.4 Daemon Client] - 2026-04-10T16:22:02.679Z - [Messenger] Received message, length: 633984
[NX v22.6.4 Daemon Server] - 2026-04-10T16:22:03.687Z - Established a connection. Number of open connections: 3
[NX v22.6.4 Daemon Client] - 2026-04-10T16:22:03.687Z - [Messenger] Sending message type: GET_CONTEXT_FILE_DATA
[NX v22.6.4 Daemon Server] - 2026-04-10T16:22:03.687Z - Closed a connection. Number of open connections: 2
[NX v22.6.4 Daemon Client] - 2026-04-10T16:22:03.687Z - [Messenger] Message sent
[NX v22.6.4 Daemon Server] - 2026-04-10T16:22:03.688Z - Received raw message of length 32
[NX v22.6.4 Daemon Server] - 2026-04-10T16:22:03.688Z - Received json message of type GET_CONTEXT_FILE_DATA
[NX v22.6.4 Daemon Server] - 2026-04-10T16:22:03.689Z - Serializing response for GET_CONTEXT_FILE_DATA message in json mode
[NX v22.6.4 Daemon Server] - 2026-04-10T16:22:03.689Z - Responding to GET_CONTEXT_FILE_DATA message
[NX v22.6.4 Daemon Server] - 2026-04-10T16:22:03.689Z - [REQUEST]: Responding to the client. handleContextFileData
[NX v22.6.4 Daemon Server] - 2026-04-10T16:22:03.689Z - Done responding to the client handleContextFileData
[NX v22.6.4 Daemon Server] - 2026-04-10T16:22:03.689Z - Handled json message GET_CONTEXT_FILE_DATA. Handling time: 1. Response time: 0.
[NX v22.6.4 Daemon Client] - 2026-04-10T16:22:03.689Z - [Messenger] Received message, length: 26992
[NX v22.6.4 Daemon Server] - 2026-04-10T16:22:03.873Z - Closed a connection. Number of open connections: 1
[NX v22.6.4 Daemon Client] - 2026-04-10T16:22:03.874Z - [ProjectGraphListener] Socket closed, triggering reconnection
[NX v22.6.4 Daemon Server] - 2026-04-10T16:22:03.875Z - Established a connection. Number of open connections: 2
[NX v22.6.4 Daemon Server] - 2026-04-10T16:22:03.875Z - Closed a connection. Number of open connections: 1
[NX v22.6.4 Daemon Client] - 2026-04-10T16:22:03.875Z - [Messenger] Setting up socket listeners
[NX v22.6.4 Daemon Server] - 2026-04-10T16:22:03.875Z - Established a connection. Number of open connections: 2
[NX v22.6.4 Daemon Client] - 2026-04-10T16:22:03.875Z - [Messenger] listen() complete
[NX v22.6.4 Daemon Client] - 2026-04-10T16:22:03.876Z - [Messenger] Sending message type: REGISTER_PROJECT_GRAPH_LISTENER
[NX v22.6.4 Daemon Client] - 2026-04-10T16:22:03.876Z - [Messenger] Message sent
[NX v22.6.4 Daemon Server] - 2026-04-10T16:22:03.876Z - Received raw message of length 42
[NX v22.6.4 Daemon Server] - 2026-04-10T16:22:03.876Z - Received json message of type REGISTER_PROJECT_GRAPH_LISTENER
[NX v22.6.4 Daemon Server] - 2026-04-10T16:22:10.792Z - Established a connection. Number of open connections: 3
[NX v22.6.4 Daemon Server] - 2026-04-10T16:22:10.793Z - Closed a connection. Number of open connections: 2
[NX v22.6.4 Daemon Server] - 2026-04-10T16:22:10.793Z - Established a connection. Number of open connections: 3
[NX v22.6.4 Daemon Server] - 2026-04-10T16:22:10.793Z - Closed a connection. Number of open connections: 2
[NX v22.6.4 Daemon Server] - 2026-04-10T16:22:10.794Z - Established a connection. Number of open connections: 3
[NX v22.6.4 Daemon Client] - 2026-04-10T16:22:10.793Z - [Messenger] Setting up socket listeners
[NX v22.6.4 Daemon Client] - 2026-04-10T16:22:10.794Z - [Messenger] listen() complete
[NX v22.6.4 Daemon Client] - 2026-04-10T16:22:10.795Z - [Messenger] Sending message type: GET_NX_CONSOLE_STATUS
[NX v22.6.4 Daemon Client] - 2026-04-10T16:22:10.796Z - [Messenger] Message sent
[NX v22.6.4 Daemon Server] - 2026-04-10T16:22:10.967Z - Received raw message of length 32
[NX v22.6.4 Daemon Server] - 2026-04-10T16:22:10.967Z - Received json message of type GET_NX_CONSOLE_STATUS
[NX v22.6.4 Daemon Server] - 2026-04-10T16:22:10.967Z - Serializing response for GET_NX_CONSOLE_STATUS message in json mode
[NX v22.6.4 Daemon Server] - 2026-04-10T16:22:10.967Z - Responding to GET_NX_CONSOLE_STATUS message
[NX v22.6.4 Daemon Server] - 2026-04-10T16:22:10.967Z - [REQUEST]: Responding to the client. handleGetNxConsoleStatus
[NX v22.6.4 Daemon Server] - 2026-04-10T16:22:10.967Z - Done responding to the client handleGetNxConsoleStatus
[NX v22.6.4 Daemon Server] - 2026-04-10T16:22:10.967Z - Handled json message GET_NX_CONSOLE_STATUS. Handling time: 0. Response time: 0.
[NX v22.6.4 Daemon Client] - 2026-04-10T16:22:10.967Z - [Messenger] Received message, length: 22
[NX v22.6.4 Daemon Client] - 2026-04-10T16:22:11.011Z - [Messenger] Sending message type: REQUEST_PROJECT_GRAPH
[NX v22.6.4 Daemon Client] - 2026-04-10T16:22:11.011Z - [Messenger] Message sent
[NX v22.6.4 Daemon Server] - 2026-04-10T16:22:11.014Z - Received raw message of length 32
[NX v22.6.4 Daemon Server] - 2026-04-10T16:22:11.015Z - Received json message of type REQUEST_PROJECT_GRAPH
[NX v22.6.4 Daemon Server] - 2026-04-10T16:22:11.015Z - [REQUEST]: Client Request for Project Graph Received
[NX v22.6.4 Daemon Server] - 2026-04-10T16:22:11.015Z - Reusing in-memory cached project graph because no files changed.
[NX v22.6.4 Daemon Server] - 2026-04-10T16:22:11.015Z - Serializing response for REQUEST_PROJECT_GRAPH message in json mode
[NX v22.6.4 Daemon Server] - 2026-04-10T16:22:11.015Z - Responding to REQUEST_PROJECT_GRAPH message
[NX v22.6.4 Daemon Server] - 2026-04-10T16:22:11.015Z - [REQUEST]: Responding to the client. project-graph
[NX v22.6.4 Daemon Server] - 2026-04-10T16:22:11.016Z - Time taken for 'total for creating and serializing project graph' 0.8168999999761581ms
[NX v22.6.4 Daemon Server] - 2026-04-10T16:22:11.017Z - Done responding to the client project-graph
[NX v22.6.4 Daemon Server] - 2026-04-10T16:22:11.017Z - Handled json message REQUEST_PROJECT_GRAPH. Handling time: 0. Response time: 2.
[NX v22.6.4 Daemon Client] - 2026-04-10T16:22:11.017Z - [Messenger] Received message, length: 633991
[NX v22.6.4 Daemon Client] - 2026-04-10T16:22:11.021Z - [Messenger] Sending message type: PRE_TASKS_EXECUTION
[NX v22.6.4 Daemon Client] - 2026-04-10T16:22:11.022Z - [Messenger] Message sent
[NX v22.6.4 Daemon Server] - 2026-04-10T16:22:11.023Z - Received raw message of length 883
[NX v22.6.4 Daemon Server] - 2026-04-10T16:22:11.023Z - Received json message of type PRE_TASKS_EXECUTION
[NX v22.6.4 Daemon Server] - 2026-04-10T16:22:11.024Z - Serializing response for PRE_TASKS_EXECUTION message in json mode
[NX v22.6.4 Daemon Server] - 2026-04-10T16:22:11.024Z - Responding to PRE_TASKS_EXECUTION message
[NX v22.6.4 Daemon Server] - 2026-04-10T16:22:11.024Z - [REQUEST]: Responding to the client. handleRunPreTasksExecution
[NX v22.6.4 Daemon Server] - 2026-04-10T16:22:11.024Z - Time taken for 'preTasksExecution' 0.2118999995291233ms
[NX v22.6.4 Daemon Server] - 2026-04-10T16:22:11.024Z - Done responding to the client handleRunPreTasksExecution
[NX v22.6.4 Daemon Server] - 2026-04-10T16:22:11.024Z - Handled json message PRE_TASKS_EXECUTION. Handling time: 1. Response time: 0.
[NX v22.6.4 Daemon Client] - 2026-04-10T16:22:11.023Z - [Messenger] Received message, length: 2
[NX v22.6.4 Daemon Client] - 2026-04-10T16:22:11.051Z - [Messenger] Sending message type: HASH_TASKS
[NX v22.6.4 Daemon Client] - 2026-04-10T16:22:11.052Z - [Messenger] Message sent
[NX v22.6.4 Daemon Server] - 2026-04-10T16:22:11.053Z - Received raw message of length 7658
[NX v22.6.4 Daemon Server] - 2026-04-10T16:22:11.053Z - Received json message of type HASH_TASKS
[NX v22.6.4 Daemon Server] - 2026-04-10T16:22:11.054Z - Reusing in-memory cached project graph because no files changed.
DEBUG nx::native::tasks::hash_planner: get_plans_internal COMPLETED in 2.0513ms - processed 1 tasks (setup: 1.9052ms, parallel_planning: 135.6µs)
DEBUG nx::native::tasks::hashers::hash_workspace_files: Hashing workspace fileset with inputs: Adding "9971565417412081857" (".gitignore") to hash
DEBUG nx::native::tasks::hashers::hash_workspace_files: Hashing workspace fileset with inputs: Adding "3986529419154739731" ("nx.json") to hash
DEBUG nx::native::tasks::hashers::hash_workspace_files: Hashing workspace fileset with inputs: Hash Value: "14787824926337430294"
DEBUG nx::native::tasks::task_hasher: hash_plans COMPLETED in 1.7591ms - processed 1 plans (setup: 261.4µs, hashing: 1.4943ms, assembly: 462.9µs)
[NX v22.6.4 Daemon Server] - 2026-04-10T16:22:11.063Z - Serializing response for HASH_TASKS message in json mode
[NX v22.6.4 Daemon Server] - 2026-04-10T16:22:11.063Z - Responding to HASH_TASKS message
[NX v22.6.4 Daemon Server] - 2026-04-10T16:22:11.063Z - [REQUEST]: Responding to the client. handleHashTasks
[NX v22.6.4 Daemon Server] - 2026-04-10T16:22:11.063Z - Done responding to the client handleHashTasks
[NX v22.6.4 Daemon Server] - 2026-04-10T16:22:11.064Z - Handled json message HASH_TASKS. Handling time: 10. Response time: 1.
[NX v22.6.4 Daemon Client] - 2026-04-10T16:22:11.063Z - [Messenger] Received message, length: 10964
[NX v22.6.4 Daemon Client] - 2026-04-10T16:22:11.297Z - [Messenger] Sending message type: GET_ESTIMATED_TASK_TIMINGS
[NX v22.6.4 Daemon Client] - 2026-04-10T16:22:11.297Z - [Messenger] Message sent
[NX v22.6.4 Daemon Server] - 2026-04-10T16:22:11.359Z - Received raw message of length 122
[NX v22.6.4 Daemon Server] - 2026-04-10T16:22:11.359Z - Received json message of type GET_ESTIMATED_TASK_TIMINGS
[NX v22.6.4 Daemon Server] - 2026-04-10T16:22:11.360Z - Serializing response for GET_ESTIMATED_TASK_TIMINGS message in json mode
[NX v22.6.4 Daemon Server] - 2026-04-10T16:22:11.360Z - Responding to GET_ESTIMATED_TASK_TIMINGS message
[NX v22.6.4 Daemon Server] - 2026-04-10T16:22:11.360Z - [REQUEST]: Responding to the client. handleGetEstimatedTaskTimings
[NX v22.6.4 Daemon Server] - 2026-04-10T16:22:11.360Z - Done responding to the client handleGetEstimatedTaskTimings
[NX v22.6.4 Daemon Server] - 2026-04-10T16:22:11.360Z - Handled json message GET_ESTIMATED_TASK_TIMINGS. Handling time: 1. Response time: 0.
[NX v22.6.4 Daemon Client] - 2026-04-10T16:22:11.359Z - [Messenger] Received message, length: 41
[NX v22.6.4 Daemon Server] - 2026-04-10T16:22:16.847Z - [WATCHER]: Processing file changes in outputs
[NX v22.6.4 Daemon Server] - 2026-04-10T16:22:23.448Z - [WATCHER]: Processing file changes in outputs
[NX v22.6.4 Daemon Server] - 2026-04-10T16:22:23.500Z - [WATCHER]: Processing file changes in outputs
[NX v22.6.4 Daemon Server] - 2026-04-10T16:22:23.551Z - [WATCHER]: Processing file changes in outputs
[NX v22.6.4 Daemon Server] - 2026-04-10T16:22:23.608Z - [WATCHER]: Processing file changes in outputs
[NX v22.6.4 Daemon Server] - 2026-04-10T16:22:23.689Z - [WATCHER]: Processing file changes in outputs
[NX v22.6.4 Daemon Server] - 2026-04-10T16:22:23.743Z - [WATCHER]: Processing file changes in outputs
[NX v22.6.4 Daemon Server] - 2026-04-10T16:22:23.795Z - [WATCHER]: Processing file changes in outputs
[NX v22.6.4 Daemon Server] - 2026-04-10T16:22:23.855Z - [WATCHER]: Processing file changes in outputs
[NX v22.6.4 Daemon Server] - 2026-04-10T16:22:23.925Z - [WATCHER]: Processing file changes in outputs
[NX v22.6.4 Daemon Server] - 2026-04-10T16:22:23.984Z - [WATCHER]: Processing file changes in outputs
[NX v22.6.4 Daemon Client] - 2026-04-10T16:22:23.992Z - [Messenger] Sending message type: RECORD_OUTPUTS_HASH
[NX v22.6.4 Daemon Client] - 2026-04-10T16:22:23.993Z - [Messenger] Message sent
[NX v22.6.4 Daemon Server] - 2026-04-10T16:22:23.995Z - Received raw message of length 100
[NX v22.6.4 Daemon Server] - 2026-04-10T16:22:23.996Z - Received json message of type RECORD_OUTPUTS_HASH
[NX v22.6.4 Daemon Server] - 2026-04-10T16:22:24.009Z - Serializing response for RECORD_OUTPUTS_HASH message in json mode
[NX v22.6.4 Daemon Server] - 2026-04-10T16:22:24.009Z - Responding to RECORD_OUTPUTS_HASH message
[NX v22.6.4 Daemon Server] - 2026-04-10T16:22:24.009Z - [REQUEST]: Responding to the client. recordOutputsHash
[NX v22.6.4 Daemon Server] - 2026-04-10T16:22:24.009Z - Done responding to the client recordOutputsHash
[NX v22.6.4 Daemon Server] - 2026-04-10T16:22:24.009Z - Handled json message RECORD_OUTPUTS_HASH. Handling time: 13. Response time: 0.
[NX v22.6.4 Daemon Client] - 2026-04-10T16:22:24.009Z - [Messenger] Received message, length: 2
[NX v22.6.4 Daemon Client] - 2026-04-10T16:22:24.253Z - [Messenger] Sending message type: RECORD_TASK_RUNS
[NX v22.6.4 Daemon Client] - 2026-04-10T16:22:24.254Z - [Messenger] Message sent
[NX v22.6.4 Daemon Server] - 2026-04-10T16:22:24.255Z - Received raw message of length 241
[NX v22.6.4 Daemon Server] - 2026-04-10T16:22:24.255Z - Received json message of type RECORD_TASK_RUNS
[NX v22.6.4 Daemon Server] - 2026-04-10T16:22:24.256Z - Serializing response for RECORD_TASK_RUNS message in json mode
[NX v22.6.4 Daemon Server] - 2026-04-10T16:22:24.256Z - Responding to RECORD_TASK_RUNS message
[NX v22.6.4 Daemon Server] - 2026-04-10T16:22:24.256Z - [REQUEST]: Responding to the client. handleRecordTaskRuns
[NX v22.6.4 Daemon Server] - 2026-04-10T16:22:24.256Z - Done responding to the client handleRecordTaskRuns
[NX v22.6.4 Daemon Server] - 2026-04-10T16:22:24.256Z - Handled json message RECORD_TASK_RUNS. Handling time: 1. Response time: 0.
[NX v22.6.4 Daemon Client] - 2026-04-10T16:22:24.256Z - [Messenger] Received message, length: 4
[NX v22.6.4 Daemon Client] - 2026-04-10T16:22:24.256Z - [Messenger] Sending message type: GET_FLAKY_TASKS
[NX v22.6.4 Daemon Client] - 2026-04-10T16:22:24.256Z - [Messenger] Message sent
[NX v22.6.4 Daemon Server] - 2026-04-10T16:22:24.258Z - Received raw message of length 60
[NX v22.6.4 Daemon Server] - 2026-04-10T16:22:24.258Z - Received json message of type GET_FLAKY_TASKS
[NX v22.6.4 Daemon Server] - 2026-04-10T16:22:24.258Z - Serializing response for GET_FLAKY_TASKS message in json mode
[NX v22.6.4 Daemon Server] - 2026-04-10T16:22:24.258Z - Responding to GET_FLAKY_TASKS message
[NX v22.6.4 Daemon Server] - 2026-04-10T16:22:24.258Z - [REQUEST]: Responding to the client. handleGetFlakyTasks
[NX v22.6.4 Daemon Server] - 2026-04-10T16:22:24.258Z - Done responding to the client handleGetFlakyTasks
[NX v22.6.4 Daemon Server] - 2026-04-10T16:22:24.258Z - Handled json message GET_FLAKY_TASKS. Handling time: 0. Response time: 0.
[NX v22.6.4 Daemon Client] - 2026-04-10T16:22:24.257Z - [Messenger] Received message, length: 2
[NX v22.6.4 Daemon Client] - 2026-04-10T16:22:24.358Z - [Messenger] Sending message type: PROCESS_IN_BACKGROUND
[NX v22.6.4 Daemon Client] - 2026-04-10T16:22:24.362Z - [Messenger] Message sent
[NX v22.6.4 Daemon Server] - 2026-04-10T16:22:24.364Z - Received raw message of length 694602
[NX v22.6.4 Daemon Server] - 2026-04-10T16:22:24.366Z - Received json message of type PROCESS_IN_BACKGROUND
[NX v22.6.4 Daemon Server] - 2026-04-10T16:22:24.498Z - Serializing response for PROCESS_IN_BACKGROUND message in json mode
[NX v22.6.4 Daemon Server] - 2026-04-10T16:22:24.499Z - Responding to PROCESS_IN_BACKGROUND message
[NX v22.6.4 Daemon Server] - 2026-04-10T16:22:24.499Z - [REQUEST]: Responding to the client. PROCESS_IN_BACKGROUND
[NX v22.6.4 Daemon Client] - 2026-04-10T16:22:24.498Z - [Messenger] Received message, length: 2
[NX v22.6.4 Daemon Server] - 2026-04-10T16:22:24.500Z - Done responding to the client PROCESS_IN_BACKGROUND
[NX v22.6.4 Daemon Server] - 2026-04-10T16:22:24.500Z - Handled json message PROCESS_IN_BACKGROUND. Handling time: 131. Response time: 2.
[NX v22.6.4 Daemon Server] - 2026-04-10T16:22:24.500Z - Uploading file artifacts
[NX v22.6.4 Daemon Client] - 2026-04-10T16:22:24.502Z - [Messenger] Sending message type: GET_CONFIGURE_AI_AGENTS_STATUS
[NX v22.6.4 Daemon Client] - 2026-04-10T16:22:24.502Z - [Messenger] Message sent
[NX v22.6.4 Daemon Server] - 2026-04-10T16:22:24.512Z - Established a connection. Number of open connections: 4
[NX v22.6.4 Daemon Server] - 2026-04-10T16:22:24.512Z - Received raw message of length 41
[NX v22.6.4 Daemon Server] - 2026-04-10T16:22:24.512Z - Received json message of type GET_CONFIGURE_AI_AGENTS_STATUS
[NX v22.6.4 Daemon Server] - 2026-04-10T16:22:24.512Z - [AI-AGENTS]: Returning cached agent configuration status
[NX v22.6.4 Daemon Server] - 2026-04-10T16:22:24.512Z - Serializing response for GET_CONFIGURE_AI_AGENTS_STATUS message in json mode
[NX v22.6.4 Daemon Server] - 2026-04-10T16:22:24.512Z - Responding to GET_CONFIGURE_AI_AGENTS_STATUS message
[NX v22.6.4 Daemon Server] - 2026-04-10T16:22:24.512Z - [REQUEST]: Responding to the client. handleGetConfigureAiAgentsStatus
[NX v22.6.4 Daemon Server] - 2026-04-10T16:22:24.513Z - Closed a connection. Number of open connections: 3
[NX v22.6.4 Daemon Server] - 2026-04-10T16:22:24.513Z - Done responding to the client handleGetConfigureAiAgentsStatus
[NX v22.6.4 Daemon Server] - 2026-04-10T16:22:24.513Z - Handled json message GET_CONFIGURE_AI_AGENTS_STATUS. Handling time: 0. Response time: 1.
[NX v22.6.4 Daemon Client] - 2026-04-10T16:22:24.512Z - [Messenger] Received message, length: 383
[NX v22.6.4 Daemon Client] - 2026-04-10T16:22:24.517Z - [Messenger] Sending message type: POST_TASKS_EXECUTION
[NX v22.6.4 Daemon Client] - 2026-04-10T16:22:24.518Z - [Messenger] Message sent
[NX v22.6.4 Daemon Server] - 2026-04-10T16:22:24.522Z - Received raw message of length 47301
[NX v22.6.4 Daemon Server] - 2026-04-10T16:22:24.523Z - Received json message of type POST_TASKS_EXECUTION
[NX v22.6.4 Daemon Server] - 2026-04-10T16:22:24.523Z - Serializing response for POST_TASKS_EXECUTION message in json mode
[NX v22.6.4 Daemon Server] - 2026-04-10T16:22:24.523Z - Responding to POST_TASKS_EXECUTION message
[NX v22.6.4 Daemon Server] - 2026-04-10T16:22:24.523Z - [REQUEST]: Responding to the client. handleRunPostTasksExecution
[NX v22.6.4 Daemon Server] - 2026-04-10T16:22:24.523Z - Time taken for 'postTasksExecution' 0.24010000005364418ms
[NX v22.6.4 Daemon Server] - 2026-04-10T16:22:24.523Z - Done responding to the client handleRunPostTasksExecution
[NX v22.6.4 Daemon Server] - 2026-04-10T16:22:24.523Z - Handled json message POST_TASKS_EXECUTION. Handling time: 0. Response time: 0.
[NX v22.6.4 Daemon Client] - 2026-04-10T16:22:24.522Z - [Messenger] Received message, length: 4
[NX v22.6.4 Daemon Server] - 2026-04-10T16:22:24.531Z - Closed a connection. Number of open connections: 2
[NX v22.6.4 Daemon Server] - 2026-04-10T16:22:29.592Z - Done uploading file artifacts
[NX v22.6.4 Daemon Server] - 2026-04-10T16:22:29.592Z - Sending EndRun request
[NX v22.6.4 Daemon Server] - 2026-04-10T16:22:30.061Z - Done sending EndRun request
[NX v22.6.4 Daemon Server] - 2026-04-10T16:22:46.342Z - [WATCHER]: Processing file changes in outputs
[NX v22.6.4 Daemon Server] - 2026-04-10T16:22:46.342Z - [WATCHER]: 0 file(s) created or restored, 2 file(s) modified, 0 file(s) deleted
[NX v22.6.4 Daemon Server] - 2026-04-10T16:22:46.342Z - [SYNC]: clearing sync generators cache due to file changes
[NX v22.6.4 Daemon Server] - 2026-04-10T16:22:46.463Z - [REQUEST]: Updated workspace context based on watched changes, recomputing project graph...
[NX v22.6.4 Daemon Server] - 2026-04-10T16:22:46.464Z - [REQUEST]: firebase-debug.log,src/app/pages/application/job-tracker/job-tracker.ts
[NX v22.6.4 Daemon Server] - 2026-04-10T16:22:46.464Z - [REQUEST]: 
[NX v22.6.4 Daemon Server] - 2026-04-10T16:22:46.488Z - Time taken for 'hash changed files from watcher' 12.346800001338124ms
Time taken for 'plugin worker 18600 code loading' 153.1525ms
Time taken for 'plugin worker 32944 code loading' 153.00220000000002ms
[NX v22.6.4 Daemon Server] - 2026-04-10T16:22:46.670Z - Time taken for 'start-plugin-worker:nx/js/dependencies-and-lockfile' 204.48480000160635ms
[NX v22.6.4 Daemon Server] - 2026-04-10T16:22:46.670Z - Time taken for 'start-plugin-worker:nx/core/package-json' 197.83139999955893ms
Time taken for 'plugin worker 6708 code loading' 152.50560000000002ms
[NX v22.6.4 Daemon Server] - 2026-04-10T16:22:46.685Z - Time taken for 'start-plugin-worker:nx/core/project-json' 204.59899999946356ms
[NX v22.6.4 Daemon Server] - 2026-04-10T16:22:46.791Z - Time taken for 'build-project-configs' 321.18899999931455ms
[NX v22.6.4 Daemon Server] - 2026-04-10T16:22:46.791Z - Time taken for 'createNodes:merge' 0.7801999989897013ms
[NX v22.6.4 Daemon Server] - 2026-04-10T16:22:46.791Z - Time taken for 'get-all-workspace-files' 0.053200000897049904ms
Time taken for 'nx/js/dependencies-and-lockfile:createNodes' 9.583799999999997ms
[NX v22.6.4 Daemon Server] - 2026-04-10T16:22:46.813Z - [SYNC]: collect registered sync generators
[NX v22.6.4 Daemon Server] - 2026-04-10T16:22:46.813Z - [SYNC]: project graph hash is the same, not collecting task sync generators
[NX v22.6.4 Daemon Server] - 2026-04-10T16:22:46.813Z - [SYNC]: nx.json hash is the same, not collecting global sync generators
[NX v22.6.4 Daemon Server] - 2026-04-10T16:22:46.813Z - Serializing response for PROJECT_GRAPH_UPDATED message in json mode
[NX v22.6.4 Daemon Server] - 2026-04-10T16:22:46.815Z - Responding to PROJECT_GRAPH_UPDATED message
[NX v22.6.4 Daemon Server] - 2026-04-10T16:22:46.815Z - [REQUEST]: Responding to the client. Project graph updated
[NX v22.6.4 Daemon Server] - 2026-04-10T16:22:46.816Z - Time taken for 'total execution time for createProjectGraph()' 24.077800000086427ms
[NX v22.6.4 Daemon Server] - 2026-04-10T16:22:46.816Z - Time taken for 'createDependencies' 20.63450000062585ms
[NX v22.6.4 Daemon Server] - 2026-04-10T16:22:46.816Z - Time taken for 'nx/js/dependencies-and-lockfile:createDependencies' 20.557499999180436ms
[NX v22.6.4 Daemon Server] - 2026-04-10T16:22:46.816Z - Time taken for 'createMetadata' 0.018300000578165054ms
[NX v22.6.4 Daemon Server] - 2026-04-10T16:22:46.816Z - Time taken for 'serialize graph' 2.444199999794364ms
[NX v22.6.4 Daemon Server] - 2026-04-10T16:22:46.816Z - Done responding to the client Project graph updated
[NX v22.6.4 Daemon Server] - 2026-04-10T16:22:46.817Z - Handled json message PROJECT_GRAPH_UPDATED. Handling time: 0. Response time: 4.
[NX v22.6.4 Daemon Client] - 2026-04-10T16:22:46.816Z - [Messenger] Received message, length: 633984
[NX v22.6.4 Daemon Server] - 2026-04-10T16:22:47.826Z - Established a connection. Number of open connections: 3
[NX v22.6.4 Daemon Client] - 2026-04-10T16:22:47.826Z - [Messenger] Sending message type: GET_CONTEXT_FILE_DATA
[NX v22.6.4 Daemon Server] - 2026-04-10T16:22:47.827Z - Closed a connection. Number of open connections: 2
[NX v22.6.4 Daemon Client] - 2026-04-10T16:22:47.827Z - [Messenger] Message sent
[NX v22.6.4 Daemon Server] - 2026-04-10T16:22:47.828Z - Received raw message of length 32
[NX v22.6.4 Daemon Server] - 2026-04-10T16:22:47.828Z - Received json message of type GET_CONTEXT_FILE_DATA
[NX v22.6.4 Daemon Server] - 2026-04-10T16:22:47.829Z - Serializing response for GET_CONTEXT_FILE_DATA message in json mode
[NX v22.6.4 Daemon Server] - 2026-04-10T16:22:47.829Z - Responding to GET_CONTEXT_FILE_DATA message
[NX v22.6.4 Daemon Server] - 2026-04-10T16:22:47.829Z - [REQUEST]: Responding to the client. handleContextFileData
[NX v22.6.4 Daemon Server] - 2026-04-10T16:22:47.829Z - Done responding to the client handleContextFileData
[NX v22.6.4 Daemon Server] - 2026-04-10T16:22:47.829Z - Handled json message GET_CONTEXT_FILE_DATA. Handling time: 1. Response time: 0.
[NX v22.6.4 Daemon Client] - 2026-04-10T16:22:47.830Z - [Messenger] Received message, length: 26992
[NX v22.6.4 Daemon Server] - 2026-04-10T16:22:48.013Z - Closed a connection. Number of open connections: 1
[NX v22.6.4 Daemon Client] - 2026-04-10T16:22:48.013Z - [ProjectGraphListener] Socket closed, triggering reconnection
[NX v22.6.4 Daemon Server] - 2026-04-10T16:22:48.017Z - Established a connection. Number of open connections: 2
[NX v22.6.4 Daemon Server] - 2026-04-10T16:22:48.017Z - Closed a connection. Number of open connections: 1
[NX v22.6.4 Daemon Client] - 2026-04-10T16:22:48.017Z - [Messenger] Setting up socket listeners
[NX v22.6.4 Daemon Client] - 2026-04-10T16:22:48.017Z - [Messenger] listen() complete
[NX v22.6.4 Daemon Server] - 2026-04-10T16:22:48.017Z - Established a connection. Number of open connections: 2
[NX v22.6.4 Daemon Client] - 2026-04-10T16:22:48.018Z - [Messenger] Sending message type: REGISTER_PROJECT_GRAPH_LISTENER
[NX v22.6.4 Daemon Client] - 2026-04-10T16:22:48.018Z - [Messenger] Message sent
[NX v22.6.4 Daemon Server] - 2026-04-10T16:22:48.019Z - Received raw message of length 42
[NX v22.6.4 Daemon Server] - 2026-04-10T16:22:48.019Z - Received json message of type REGISTER_PROJECT_GRAPH_LISTENER
[NX v22.6.4 Daemon Server] - 2026-04-10T16:25:06.199Z - [WATCHER]: Processing file changes in outputs
[NX v22.6.4 Daemon Server] - 2026-04-10T16:25:06.199Z - [WATCHER]: src/app/pages/application/job-tracker/job-tracker.ts was modified
[NX v22.6.4 Daemon Server] - 2026-04-10T16:25:06.199Z - [SYNC]: clearing sync generators cache due to file changes
[NX v22.6.4 Daemon Server] - 2026-04-10T16:25:06.402Z - [REQUEST]: Updated workspace context based on watched changes, recomputing project graph...
[NX v22.6.4 Daemon Server] - 2026-04-10T16:25:06.402Z - [REQUEST]: src/app/pages/application/job-tracker/job-tracker.ts
[NX v22.6.4 Daemon Server] - 2026-04-10T16:25:06.402Z - [REQUEST]: 
[NX v22.6.4 Daemon Server] - 2026-04-10T16:25:06.427Z - Time taken for 'hash changed files from watcher' 0.44490000046789646ms
Time taken for 'plugin worker 1176 code loading' 159.1387ms
[NX v22.6.4 Daemon Server] - 2026-04-10T16:25:06.619Z - Time taken for 'start-plugin-worker:nx/core/package-json' 207.3128999993205ms
Time taken for 'plugin worker 1584 code loading' 167.6789ms
Time taken for 'plugin worker 36328 code loading' 160.3455ms
[NX v22.6.4 Daemon Server] - 2026-04-10T16:25:06.634Z - Time taken for 'start-plugin-worker:nx/js/dependencies-and-lockfile' 230.854699999094ms
[NX v22.6.4 Daemon Server] - 2026-04-10T16:25:06.634Z - Time taken for 'start-plugin-worker:nx/core/project-json' 214.6081000007689ms
[NX v22.6.4 Daemon Server] - 2026-04-10T16:25:06.757Z - Time taken for 'build-project-configs' 348.8299000002444ms
[NX v22.6.4 Daemon Server] - 2026-04-10T16:25:06.757Z - Time taken for 'createNodes:merge' 0.8286999985575676ms
[NX v22.6.4 Daemon Server] - 2026-04-10T16:25:06.757Z - Time taken for 'get-all-workspace-files' 0.09190000034868717ms
Time taken for 'nx/js/dependencies-and-lockfile:createNodes' 8.990999999999985ms
[NX v22.6.4 Daemon Server] - 2026-04-10T16:25:06.783Z - [SYNC]: collect registered sync generators
[NX v22.6.4 Daemon Server] - 2026-04-10T16:25:06.784Z - [SYNC]: project graph hash is the same, not collecting task sync generators
[NX v22.6.4 Daemon Server] - 2026-04-10T16:25:06.784Z - [SYNC]: nx.json hash is the same, not collecting global sync generators
[NX v22.6.4 Daemon Server] - 2026-04-10T16:25:06.784Z - Serializing response for PROJECT_GRAPH_UPDATED message in json mode
[NX v22.6.4 Daemon Server] - 2026-04-10T16:25:06.786Z - Responding to PROJECT_GRAPH_UPDATED message
[NX v22.6.4 Daemon Server] - 2026-04-10T16:25:06.786Z - [REQUEST]: Responding to the client. Project graph updated
[NX v22.6.4 Daemon Server] - 2026-04-10T16:25:06.787Z - Time taken for 'total execution time for createProjectGraph()' 27.397099999710917ms
[NX v22.6.4 Daemon Server] - 2026-04-10T16:25:06.787Z - Time taken for 'createDependencies' 24.61210000142455ms
[NX v22.6.4 Daemon Server] - 2026-04-10T16:25:06.787Z - Time taken for 'nx/js/dependencies-and-lockfile:createDependencies' 24.497999999672174ms
[NX v22.6.4 Daemon Server] - 2026-04-10T16:25:06.787Z - Time taken for 'createMetadata' 0.01769999973475933ms
[NX v22.6.4 Daemon Server] - 2026-04-10T16:25:06.787Z - Time taken for 'serialize graph' 3.412000000476837ms
[NX v22.6.4 Daemon Server] - 2026-04-10T16:25:06.789Z - Done responding to the client Project graph updated
[NX v22.6.4 Daemon Server] - 2026-04-10T16:25:06.789Z - Handled json message PROJECT_GRAPH_UPDATED. Handling time: 0. Response time: 5.
[NX v22.6.4 Daemon Client] - 2026-04-10T16:25:06.788Z - [Messenger] Received message, length: 633984
[NX v22.6.4 Daemon Server] - 2026-04-10T16:25:07.799Z - Established a connection. Number of open connections: 3
[NX v22.6.4 Daemon Client] - 2026-04-10T16:25:07.799Z - [Messenger] Sending message type: GET_CONTEXT_FILE_DATA
[NX v22.6.4 Daemon Server] - 2026-04-10T16:25:07.800Z - Closed a connection. Number of open connections: 2
[NX v22.6.4 Daemon Client] - 2026-04-10T16:25:07.799Z - [Messenger] Message sent
[NX v22.6.4 Daemon Server] - 2026-04-10T16:25:07.800Z - Received raw message of length 32
[NX v22.6.4 Daemon Server] - 2026-04-10T16:25:07.800Z - Received json message of type GET_CONTEXT_FILE_DATA
[NX v22.6.4 Daemon Server] - 2026-04-10T16:25:07.801Z - Serializing response for GET_CONTEXT_FILE_DATA message in json mode
[NX v22.6.4 Daemon Server] - 2026-04-10T16:25:07.801Z - Responding to GET_CONTEXT_FILE_DATA message
[NX v22.6.4 Daemon Server] - 2026-04-10T16:25:07.801Z - [REQUEST]: Responding to the client. handleContextFileData
[NX v22.6.4 Daemon Server] - 2026-04-10T16:25:07.801Z - Done responding to the client handleContextFileData
[NX v22.6.4 Daemon Server] - 2026-04-10T16:25:07.801Z - Handled json message GET_CONTEXT_FILE_DATA. Handling time: 1. Response time: 0.
[NX v22.6.4 Daemon Client] - 2026-04-10T16:25:07.801Z - [Messenger] Received message, length: 26991
[NX v22.6.4 Daemon Server] - 2026-04-10T16:25:07.991Z - Closed a connection. Number of open connections: 1
[NX v22.6.4 Daemon Client] - 2026-04-10T16:25:07.990Z - [ProjectGraphListener] Socket closed, triggering reconnection
[NX v22.6.4 Daemon Server] - 2026-04-10T16:25:07.992Z - Established a connection. Number of open connections: 2
[NX v22.6.4 Daemon Server] - 2026-04-10T16:25:07.992Z - Closed a connection. Number of open connections: 1
[NX v22.6.4 Daemon Server] - 2026-04-10T16:25:07.993Z - Established a connection. Number of open connections: 2
[NX v22.6.4 Daemon Client] - 2026-04-10T16:25:07.992Z - [Messenger] Setting up socket listeners
[NX v22.6.4 Daemon Client] - 2026-04-10T16:25:07.992Z - [Messenger] listen() complete
[NX v22.6.4 Daemon Client] - 2026-04-10T16:25:07.993Z - [Messenger] Sending message type: REGISTER_PROJECT_GRAPH_LISTENER
[NX v22.6.4 Daemon Client] - 2026-04-10T16:25:07.993Z - [Messenger] Message sent
[NX v22.6.4 Daemon Server] - 2026-04-10T16:25:07.994Z - Received raw message of length 42
[NX v22.6.4 Daemon Server] - 2026-04-10T16:25:07.994Z - Received json message of type REGISTER_PROJECT_GRAPH_LISTENER
[NX v22.6.4 Daemon Server] - 2026-04-10T16:25:24.831Z - Established a connection. Number of open connections: 3
[NX v22.6.4 Daemon Server] - 2026-04-10T16:25:24.831Z - Closed a connection. Number of open connections: 2
[NX v22.6.4 Daemon Server] - 2026-04-10T16:25:24.832Z - Established a connection. Number of open connections: 3
[NX v22.6.4 Daemon Server] - 2026-04-10T16:25:24.833Z - Established a connection. Number of open connections: 4
[NX v22.6.4 Daemon Server] - 2026-04-10T16:25:24.833Z - Closed a connection. Number of open connections: 3
[NX v22.6.4 Daemon Client] - 2026-04-10T16:25:24.832Z - [Messenger] Setting up socket listeners
[NX v22.6.4 Daemon Client] - 2026-04-10T16:25:24.833Z - [Messenger] listen() complete
[NX v22.6.4 Daemon Client] - 2026-04-10T16:25:24.834Z - [Messenger] Sending message type: GET_NX_CONSOLE_STATUS
[NX v22.6.4 Daemon Client] - 2026-04-10T16:25:24.835Z - [Messenger] Message sent
[NX v22.6.4 Daemon Server] - 2026-04-10T16:25:25.018Z - Received raw message of length 32
[NX v22.6.4 Daemon Server] - 2026-04-10T16:25:25.018Z - Received json message of type GET_NX_CONSOLE_STATUS
[NX v22.6.4 Daemon Server] - 2026-04-10T16:25:25.018Z - Serializing response for GET_NX_CONSOLE_STATUS message in json mode
[NX v22.6.4 Daemon Server] - 2026-04-10T16:25:25.018Z - Responding to GET_NX_CONSOLE_STATUS message
[NX v22.6.4 Daemon Server] - 2026-04-10T16:25:25.018Z - [REQUEST]: Responding to the client. handleGetNxConsoleStatus
[NX v22.6.4 Daemon Server] - 2026-04-10T16:25:25.018Z - Done responding to the client handleGetNxConsoleStatus
[NX v22.6.4 Daemon Server] - 2026-04-10T16:25:25.018Z - Handled json message GET_NX_CONSOLE_STATUS. Handling time: 0. Response time: 0.
[NX v22.6.4 Daemon Client] - 2026-04-10T16:25:25.018Z - [Messenger] Received message, length: 22
[NX v22.6.4 Daemon Client] - 2026-04-10T16:25:25.068Z - [Messenger] Sending message type: REQUEST_PROJECT_GRAPH
[NX v22.6.4 Daemon Client] - 2026-04-10T16:25:25.068Z - [Messenger] Message sent
[NX v22.6.4 Daemon Server] - 2026-04-10T16:25:25.071Z - Received raw message of length 32
[NX v22.6.4 Daemon Server] - 2026-04-10T16:25:25.072Z - Received json message of type REQUEST_PROJECT_GRAPH
[NX v22.6.4 Daemon Server] - 2026-04-10T16:25:25.072Z - [REQUEST]: Client Request for Project Graph Received
[NX v22.6.4 Daemon Server] - 2026-04-10T16:25:25.072Z - Reusing in-memory cached project graph because no files changed.
[NX v22.6.4 Daemon Server] - 2026-04-10T16:25:25.073Z - Serializing response for REQUEST_PROJECT_GRAPH message in json mode
[NX v22.6.4 Daemon Server] - 2026-04-10T16:25:25.073Z - Responding to REQUEST_PROJECT_GRAPH message
[NX v22.6.4 Daemon Server] - 2026-04-10T16:25:25.073Z - [REQUEST]: Responding to the client. project-graph
[NX v22.6.4 Daemon Server] - 2026-04-10T16:25:25.073Z - Time taken for 'total for creating and serializing project graph' 0.7120999991893768ms
[NX v22.6.4 Daemon Server] - 2026-04-10T16:25:25.074Z - Done responding to the client project-graph
[NX v22.6.4 Daemon Server] - 2026-04-10T16:25:25.074Z - Handled json message REQUEST_PROJECT_GRAPH. Handling time: 1. Response time: 1.
[NX v22.6.4 Daemon Client] - 2026-04-10T16:25:25.074Z - [Messenger] Received message, length: 633991
[NX v22.6.4 Daemon Client] - 2026-04-10T16:25:25.079Z - [Messenger] Sending message type: PRE_TASKS_EXECUTION
[NX v22.6.4 Daemon Client] - 2026-04-10T16:25:25.080Z - [Messenger] Message sent
[NX v22.6.4 Daemon Server] - 2026-04-10T16:25:25.081Z - Received raw message of length 884
[NX v22.6.4 Daemon Server] - 2026-04-10T16:25:25.081Z - Received json message of type PRE_TASKS_EXECUTION
[NX v22.6.4 Daemon Server] - 2026-04-10T16:25:25.081Z - Serializing response for PRE_TASKS_EXECUTION message in json mode
[NX v22.6.4 Daemon Server] - 2026-04-10T16:25:25.081Z - Responding to PRE_TASKS_EXECUTION message
[NX v22.6.4 Daemon Server] - 2026-04-10T16:25:25.081Z - [REQUEST]: Responding to the client. handleRunPreTasksExecution
[NX v22.6.4 Daemon Server] - 2026-04-10T16:25:25.081Z - Time taken for 'preTasksExecution' 0.23199999891221523ms
[NX v22.6.4 Daemon Server] - 2026-04-10T16:25:25.081Z - Done responding to the client handleRunPreTasksExecution
[NX v22.6.4 Daemon Server] - 2026-04-10T16:25:25.081Z - Handled json message PRE_TASKS_EXECUTION. Handling time: 0. Response time: 0.
[NX v22.6.4 Daemon Client] - 2026-04-10T16:25:25.081Z - [Messenger] Received message, length: 2
[NX v22.6.4 Daemon Client] - 2026-04-10T16:25:25.110Z - [Messenger] Sending message type: HASH_TASKS
[NX v22.6.4 Daemon Client] - 2026-04-10T16:25:25.110Z - [Messenger] Message sent
[NX v22.6.4 Daemon Server] - 2026-04-10T16:25:25.111Z - Received raw message of length 7658
[NX v22.6.4 Daemon Server] - 2026-04-10T16:25:25.111Z - Received json message of type HASH_TASKS
[NX v22.6.4 Daemon Server] - 2026-04-10T16:25:25.111Z - Reusing in-memory cached project graph because no files changed.
DEBUG nx::native::tasks::hash_planner: get_plans_internal COMPLETED in 2.0324ms - processed 1 tasks (setup: 1.9005ms, parallel_planning: 121.2µs)
DEBUG nx::native::tasks::hashers::hash_workspace_files: Hashing workspace fileset with inputs: Adding "9971565417412081857" (".gitignore") to hash
DEBUG nx::native::tasks::hashers::hash_workspace_files: Hashing workspace fileset with inputs: Adding "3986529419154739731" ("nx.json") to hash
DEBUG nx::native::tasks::hashers::hash_workspace_files: Hashing workspace fileset with inputs: Hash Value: "14787824926337430294"
DEBUG nx::native::tasks::task_hasher: hash_plans COMPLETED in 1.698ms - processed 1 plans (setup: 244.1µs, hashing: 1.4473ms, assembly: 324.3µs)
[NX v22.6.4 Daemon Server] - 2026-04-10T16:25:25.121Z - Serializing response for HASH_TASKS message in json mode
[NX v22.6.4 Daemon Server] - 2026-04-10T16:25:25.121Z - Responding to HASH_TASKS message
[NX v22.6.4 Daemon Server] - 2026-04-10T16:25:25.121Z - [REQUEST]: Responding to the client. handleHashTasks
[NX v22.6.4 Daemon Client] - 2026-04-10T16:25:25.121Z - [Messenger] Received message, length: 10965
[NX v22.6.4 Daemon Server] - 2026-04-10T16:25:25.122Z - Done responding to the client handleHashTasks
[NX v22.6.4 Daemon Server] - 2026-04-10T16:25:25.122Z - Handled json message HASH_TASKS. Handling time: 10. Response time: 1.
[NX v22.6.4 Daemon Client] - 2026-04-10T16:25:25.365Z - [Messenger] Sending message type: GET_ESTIMATED_TASK_TIMINGS
[NX v22.6.4 Daemon Client] - 2026-04-10T16:25:25.365Z - [Messenger] Message sent
[NX v22.6.4 Daemon Server] - 2026-04-10T16:25:25.427Z - Received raw message of length 122
[NX v22.6.4 Daemon Server] - 2026-04-10T16:25:25.427Z - Received json message of type GET_ESTIMATED_TASK_TIMINGS
[NX v22.6.4 Daemon Server] - 2026-04-10T16:25:25.427Z - Serializing response for GET_ESTIMATED_TASK_TIMINGS message in json mode
[NX v22.6.4 Daemon Server] - 2026-04-10T16:25:25.427Z - Responding to GET_ESTIMATED_TASK_TIMINGS message
[NX v22.6.4 Daemon Server] - 2026-04-10T16:25:25.427Z - [REQUEST]: Responding to the client. handleGetEstimatedTaskTimings
[NX v22.6.4 Daemon Server] - 2026-04-10T16:25:25.427Z - Done responding to the client handleGetEstimatedTaskTimings
[NX v22.6.4 Daemon Server] - 2026-04-10T16:25:25.427Z - Handled json message GET_ESTIMATED_TASK_TIMINGS. Handling time: 0. Response time: 0.
[NX v22.6.4 Daemon Client] - 2026-04-10T16:25:25.427Z - [Messenger] Received message, length: 52
[NX v22.6.4 Daemon Server] - 2026-04-10T16:25:30.952Z - [WATCHER]: Processing file changes in outputs
[NX v22.6.4 Daemon Server] - 2026-04-10T16:25:37.649Z - [WATCHER]: Processing file changes in outputs
[NX v22.6.4 Daemon Server] - 2026-04-10T16:25:37.700Z - [WATCHER]: Processing file changes in outputs
[NX v22.6.4 Daemon Server] - 2026-04-10T16:25:37.752Z - [WATCHER]: Processing file changes in outputs
[NX v22.6.4 Daemon Server] - 2026-04-10T16:25:37.814Z - [WATCHER]: Processing file changes in outputs
[NX v22.6.4 Daemon Server] - 2026-04-10T16:25:37.874Z - [WATCHER]: Processing file changes in outputs
[NX v22.6.4 Daemon Server] - 2026-04-10T16:25:37.934Z - [WATCHER]: Processing file changes in outputs
[NX v22.6.4 Daemon Server] - 2026-04-10T16:25:37.986Z - [WATCHER]: Processing file changes in outputs
[NX v22.6.4 Daemon Server] - 2026-04-10T16:25:38.074Z - [WATCHER]: Processing file changes in outputs
[NX v22.6.4 Daemon Server] - 2026-04-10T16:25:38.127Z - [WATCHER]: Processing file changes in outputs
[NX v22.6.4 Daemon Server] - 2026-04-10T16:25:38.186Z - [WATCHER]: Processing file changes in outputs
[NX v22.6.4 Daemon Client] - 2026-04-10T16:25:38.200Z - [Messenger] Sending message type: RECORD_OUTPUTS_HASH
[NX v22.6.4 Daemon Client] - 2026-04-10T16:25:38.201Z - [Messenger] Message sent
[NX v22.6.4 Daemon Server] - 2026-04-10T16:25:38.202Z - Received raw message of length 100
[NX v22.6.4 Daemon Server] - 2026-04-10T16:25:38.202Z - Received json message of type RECORD_OUTPUTS_HASH
[NX v22.6.4 Daemon Server] - 2026-04-10T16:25:38.215Z - Serializing response for RECORD_OUTPUTS_HASH message in json mode
[NX v22.6.4 Daemon Server] - 2026-04-10T16:25:38.216Z - Responding to RECORD_OUTPUTS_HASH message
[NX v22.6.4 Daemon Server] - 2026-04-10T16:25:38.216Z - [REQUEST]: Responding to the client. recordOutputsHash
[NX v22.6.4 Daemon Client] - 2026-04-10T16:25:38.215Z - [Messenger] Received message, length: 2
[NX v22.6.4 Daemon Server] - 2026-04-10T16:25:38.217Z - Done responding to the client recordOutputsHash
[NX v22.6.4 Daemon Server] - 2026-04-10T16:25:38.217Z - Handled json message RECORD_OUTPUTS_HASH. Handling time: 13. Response time: 2.
[NX v22.6.4 Daemon Client] - 2026-04-10T16:25:38.421Z - [Messenger] Sending message type: RECORD_TASK_RUNS
[NX v22.6.4 Daemon Client] - 2026-04-10T16:25:38.422Z - [Messenger] Message sent
[NX v22.6.4 Daemon Server] - 2026-04-10T16:25:38.423Z - Received raw message of length 241
[NX v22.6.4 Daemon Server] - 2026-04-10T16:25:38.423Z - Received json message of type RECORD_TASK_RUNS
[NX v22.6.4 Daemon Server] - 2026-04-10T16:25:38.424Z - Serializing response for RECORD_TASK_RUNS message in json mode
[NX v22.6.4 Daemon Server] - 2026-04-10T16:25:38.424Z - Responding to RECORD_TASK_RUNS message
[NX v22.6.4 Daemon Server] - 2026-04-10T16:25:38.424Z - [REQUEST]: Responding to the client. handleRecordTaskRuns
[NX v22.6.4 Daemon Client] - 2026-04-10T16:25:38.423Z - [Messenger] Received message, length: 4
[NX v22.6.4 Daemon Client] - 2026-04-10T16:25:38.424Z - [Messenger] Sending message type: GET_FLAKY_TASKS
[NX v22.6.4 Daemon Server] - 2026-04-10T16:25:38.425Z - Done responding to the client handleRecordTaskRuns
[NX v22.6.4 Daemon Server] - 2026-04-10T16:25:38.425Z - Handled json message RECORD_TASK_RUNS. Handling time: 1. Response time: 1.
[NX v22.6.4 Daemon Client] - 2026-04-10T16:25:38.424Z - [Messenger] Message sent
[NX v22.6.4 Daemon Server] - 2026-04-10T16:25:38.425Z - Received raw message of length 60
[NX v22.6.4 Daemon Server] - 2026-04-10T16:25:38.425Z - Received json message of type GET_FLAKY_TASKS
[NX v22.6.4 Daemon Server] - 2026-04-10T16:25:38.425Z - Serializing response for GET_FLAKY_TASKS message in json mode
[NX v22.6.4 Daemon Server] - 2026-04-10T16:25:38.425Z - Responding to GET_FLAKY_TASKS message
[NX v22.6.4 Daemon Server] - 2026-04-10T16:25:38.425Z - [REQUEST]: Responding to the client. handleGetFlakyTasks
[NX v22.6.4 Daemon Server] - 2026-04-10T16:25:38.425Z - Done responding to the client handleGetFlakyTasks
[NX v22.6.4 Daemon Server] - 2026-04-10T16:25:38.425Z - Handled json message GET_FLAKY_TASKS. Handling time: 0. Response time: 0.
[NX v22.6.4 Daemon Client] - 2026-04-10T16:25:38.425Z - [Messenger] Received message, length: 2
[NX v22.6.4 Daemon Client] - 2026-04-10T16:25:38.523Z - [Messenger] Sending message type: PROCESS_IN_BACKGROUND
[NX v22.6.4 Daemon Client] - 2026-04-10T16:25:38.528Z - [Messenger] Message sent
[NX v22.6.4 Daemon Server] - 2026-04-10T16:25:38.530Z - Received raw message of length 694604
[NX v22.6.4 Daemon Server] - 2026-04-10T16:25:38.534Z - Received json message of type PROCESS_IN_BACKGROUND
[NX v22.6.4 Daemon Server] - 2026-04-10T16:25:38.668Z - Serializing response for PROCESS_IN_BACKGROUND message in json mode
[NX v22.6.4 Daemon Server] - 2026-04-10T16:25:38.668Z - Responding to PROCESS_IN_BACKGROUND message
[NX v22.6.4 Daemon Server] - 2026-04-10T16:25:38.668Z - [REQUEST]: Responding to the client. PROCESS_IN_BACKGROUND
[NX v22.6.4 Daemon Client] - 2026-04-10T16:25:38.667Z - [Messenger] Received message, length: 2
[NX v22.6.4 Daemon Server] - 2026-04-10T16:25:38.669Z - Done responding to the client PROCESS_IN_BACKGROUND
[NX v22.6.4 Daemon Server] - 2026-04-10T16:25:38.669Z - Handled json message PROCESS_IN_BACKGROUND. Handling time: 134. Response time: 1.
[NX v22.6.4 Daemon Server] - 2026-04-10T16:25:38.669Z - Uploading file artifacts
[NX v22.6.4 Daemon Server] - 2026-04-10T16:25:38.672Z - Established a connection. Number of open connections: 4
[NX v22.6.4 Daemon Server] - 2026-04-10T16:25:38.672Z - Closed a connection. Number of open connections: 3
[NX v22.6.4 Daemon Client] - 2026-04-10T16:25:38.671Z - [Messenger] Sending message type: GET_CONFIGURE_AI_AGENTS_STATUS
[NX v22.6.4 Daemon Client] - 2026-04-10T16:25:38.672Z - [Messenger] Message sent
[NX v22.6.4 Daemon Server] - 2026-04-10T16:25:38.681Z - Received raw message of length 41
[NX v22.6.4 Daemon Server] - 2026-04-10T16:25:38.681Z - Received json message of type GET_CONFIGURE_AI_AGENTS_STATUS
[NX v22.6.4 Daemon Server] - 2026-04-10T16:25:38.681Z - [AI-AGENTS]: Returning cached agent configuration status
[NX v22.6.4 Daemon Server] - 2026-04-10T16:25:38.681Z - Serializing response for GET_CONFIGURE_AI_AGENTS_STATUS message in json mode
[NX v22.6.4 Daemon Server] - 2026-04-10T16:25:38.681Z - Responding to GET_CONFIGURE_AI_AGENTS_STATUS message
[NX v22.6.4 Daemon Server] - 2026-04-10T16:25:38.681Z - [REQUEST]: Responding to the client. handleGetConfigureAiAgentsStatus
[NX v22.6.4 Daemon Server] - 2026-04-10T16:25:38.681Z - Done responding to the client handleGetConfigureAiAgentsStatus
[NX v22.6.4 Daemon Server] - 2026-04-10T16:25:38.681Z - Handled json message GET_CONFIGURE_AI_AGENTS_STATUS. Handling time: 0. Response time: 0.
[NX v22.6.4 Daemon Client] - 2026-04-10T16:25:38.681Z - [Messenger] Received message, length: 383
[NX v22.6.4 Daemon Client] - 2026-04-10T16:25:38.686Z - [Messenger] Sending message type: POST_TASKS_EXECUTION
[NX v22.6.4 Daemon Client] - 2026-04-10T16:25:38.687Z - [Messenger] Message sent
[NX v22.6.4 Daemon Server] - 2026-04-10T16:25:38.693Z - Received raw message of length 47303
[NX v22.6.4 Daemon Server] - 2026-04-10T16:25:38.693Z - Received json message of type POST_TASKS_EXECUTION
[NX v22.6.4 Daemon Server] - 2026-04-10T16:25:38.694Z - Serializing response for POST_TASKS_EXECUTION message in json mode
[NX v22.6.4 Daemon Server] - 2026-04-10T16:25:38.694Z - Responding to POST_TASKS_EXECUTION message
[NX v22.6.4 Daemon Server] - 2026-04-10T16:25:38.694Z - [REQUEST]: Responding to the client. handleRunPostTasksExecution
[NX v22.6.4 Daemon Server] - 2026-04-10T16:25:38.694Z - Time taken for 'postTasksExecution' 0.27879999950528145ms
[NX v22.6.4 Daemon Client] - 2026-04-10T16:25:38.694Z - [Messenger] Received message, length: 4
[NX v22.6.4 Daemon Server] - 2026-04-10T16:25:38.694Z - Done responding to the client handleRunPostTasksExecution
[NX v22.6.4 Daemon Server] - 2026-04-10T16:25:38.695Z - Handled json message POST_TASKS_EXECUTION. Handling time: 1. Response time: 1.
[NX v22.6.4 Daemon Server] - 2026-04-10T16:25:38.704Z - Closed a connection. Number of open connections: 2
[NX v22.6.4 Daemon Server] - 2026-04-10T16:25:43.401Z - Done uploading file artifacts
[NX v22.6.4 Daemon Server] - 2026-04-10T16:25:43.401Z - Sending EndRun request
[NX v22.6.4 Daemon Server] - 2026-04-10T16:25:43.871Z - Done sending EndRun request
[NX v22.6.4 Daemon Server] - 2026-04-10T16:26:19.303Z - [WATCHER]: Processing file changes in outputs
[NX v22.6.4 Daemon Server] - 2026-04-10T16:26:19.303Z - [WATCHER]: firebase-debug.log was modified
[NX v22.6.4 Daemon Server] - 2026-04-10T16:26:19.303Z - [SYNC]: clearing sync generators cache due to file changes
[NX v22.6.4 Daemon Server] - 2026-04-10T16:26:19.423Z - [REQUEST]: Updated workspace context based on watched changes, recomputing project graph...
[NX v22.6.4 Daemon Server] - 2026-04-10T16:26:19.423Z - [REQUEST]: firebase-debug.log
[NX v22.6.4 Daemon Server] - 2026-04-10T16:26:19.423Z - [REQUEST]: 
[NX v22.6.4 Daemon Server] - 2026-04-10T16:26:19.446Z - Time taken for 'hash changed files from watcher' 12.93070000037551ms
Time taken for 'plugin worker 29768 code loading' 203.06709999999998ms
Time taken for 'plugin worker 8332 code loading' 219.35320000000002ms
[NX v22.6.4 Daemon Server] - 2026-04-10T16:26:19.692Z - Time taken for 'start-plugin-worker:nx/js/dependencies-and-lockfile' 267.52380000054836ms
[NX v22.6.4 Daemon Server] - 2026-04-10T16:26:19.692Z - Time taken for 'start-plugin-worker:nx/core/package-json' 260.2919000014663ms
Time taken for 'plugin worker 20600 code loading' 211.0839ms
[NX v22.6.4 Daemon Server] - 2026-04-10T16:26:19.708Z - Time taken for 'start-plugin-worker:nx/core/project-json' 269.367499999702ms
[NX v22.6.4 Daemon Server] - 2026-04-10T16:26:19.815Z - Time taken for 'build-project-configs' 386.73010000027716ms
[NX v22.6.4 Daemon Server] - 2026-04-10T16:26:19.815Z - Time taken for 'createNodes:merge' 0.9147999994456768ms
[NX v22.6.4 Daemon Server] - 2026-04-10T16:26:19.815Z - Time taken for 'get-all-workspace-files' 0.05819999985396862ms
Time taken for 'nx/js/dependencies-and-lockfile:createNodes' 8.762400000000014ms
[NX v22.6.4 Daemon Server] - 2026-04-10T16:26:19.833Z - [SYNC]: collect registered sync generators
[NX v22.6.4 Daemon Server] - 2026-04-10T16:26:19.833Z - [SYNC]: project graph hash is the same, not collecting task sync generators
[NX v22.6.4 Daemon Server] - 2026-04-10T16:26:19.833Z - [SYNC]: nx.json hash is the same, not collecting global sync generators
[NX v22.6.4 Daemon Server] - 2026-04-10T16:26:19.833Z - Serializing response for PROJECT_GRAPH_UPDATED message in json mode
[NX v22.6.4 Daemon Server] - 2026-04-10T16:26:19.835Z - Responding to PROJECT_GRAPH_UPDATED message
[NX v22.6.4 Daemon Server] - 2026-04-10T16:26:19.835Z - [REQUEST]: Responding to the client. Project graph updated
[NX v22.6.4 Daemon Server] - 2026-04-10T16:26:19.836Z - Time taken for 'total execution time for createProjectGraph()' 19.840500000864267ms
[NX v22.6.4 Daemon Server] - 2026-04-10T16:26:19.836Z - Time taken for 'createDependencies' 16.805299999192357ms
[NX v22.6.4 Daemon Server] - 2026-04-10T16:26:19.836Z - Time taken for 'nx/js/dependencies-and-lockfile:createDependencies' 16.739400001242757ms
[NX v22.6.4 Daemon Server] - 2026-04-10T16:26:19.836Z - Time taken for 'createMetadata' 0.01209999993443489ms
[NX v22.6.4 Daemon Server] - 2026-04-10T16:26:19.836Z - Time taken for 'serialize graph' 2.0784000009298325ms
[NX v22.6.4 Daemon Client] - 2026-04-10T16:26:19.837Z - [Messenger] Received message, length: 633984
[NX v22.6.4 Daemon Server] - 2026-04-10T16:26:19.838Z - Done responding to the client Project graph updated
[NX v22.6.4 Daemon Server] - 2026-04-10T16:26:19.838Z - Handled json message PROJECT_GRAPH_UPDATED. Handling time: 0. Response time: 5.
[NX v22.6.4 Daemon Server] - 2026-04-10T16:26:20.860Z - Established a connection. Number of open connections: 3
[NX v22.6.4 Daemon Server] - 2026-04-10T16:26:20.860Z - Closed a connection. Number of open connections: 2
[NX v22.6.4 Daemon Client] - 2026-04-10T16:26:20.860Z - [Messenger] Sending message type: GET_CONTEXT_FILE_DATA
[NX v22.6.4 Daemon Client] - 2026-04-10T16:26:20.861Z - [Messenger] Message sent
[NX v22.6.4 Daemon Server] - 2026-04-10T16:26:20.861Z - Received raw message of length 32
[NX v22.6.4 Daemon Server] - 2026-04-10T16:26:20.861Z - Received json message of type GET_CONTEXT_FILE_DATA
[NX v22.6.4 Daemon Server] - 2026-04-10T16:26:20.862Z - Serializing response for GET_CONTEXT_FILE_DATA message in json mode
[NX v22.6.4 Daemon Server] - 2026-04-10T16:26:20.862Z - Responding to GET_CONTEXT_FILE_DATA message
[NX v22.6.4 Daemon Server] - 2026-04-10T16:26:20.862Z - [REQUEST]: Responding to the client. handleContextFileData
[NX v22.6.4 Daemon Server] - 2026-04-10T16:26:20.862Z - Done responding to the client handleContextFileData
[NX v22.6.4 Daemon Server] - 2026-04-10T16:26:20.862Z - Handled json message GET_CONTEXT_FILE_DATA. Handling time: 1. Response time: 0.
[NX v22.6.4 Daemon Client] - 2026-04-10T16:26:20.862Z - [Messenger] Received message, length: 26992
[NX v22.6.4 Daemon Server] - 2026-04-10T16:26:21.071Z - Closed a connection. Number of open connections: 1
[NX v22.6.4 Daemon Client] - 2026-04-10T16:26:21.072Z - [ProjectGraphListener] Socket closed, triggering reconnection
[NX v22.6.4 Daemon Server] - 2026-04-10T16:26:21.073Z - Established a connection. Number of open connections: 2
[NX v22.6.4 Daemon Server] - 2026-04-10T16:26:21.073Z - Closed a connection. Number of open connections: 1
[NX v22.6.4 Daemon Server] - 2026-04-10T16:26:21.073Z - Established a connection. Number of open connections: 2
[NX v22.6.4 Daemon Client] - 2026-04-10T16:26:21.073Z - [Messenger] Setting up socket listeners
[NX v22.6.4 Daemon Client] - 2026-04-10T16:26:21.073Z - [Messenger] listen() complete
[NX v22.6.4 Daemon Client] - 2026-04-10T16:26:21.073Z - [Messenger] Sending message type: REGISTER_PROJECT_GRAPH_LISTENER
[NX v22.6.4 Daemon Client] - 2026-04-10T16:26:21.074Z - [Messenger] Message sent
[NX v22.6.4 Daemon Server] - 2026-04-10T16:26:21.074Z - Received raw message of length 42
[NX v22.6.4 Daemon Server] - 2026-04-10T16:26:21.074Z - Received json message of type REGISTER_PROJECT_GRAPH_LISTENER
[NX v22.6.4 Daemon Server] - 2026-04-10T16:26:55.339Z - [WATCHER]: Processing file changes in outputs
[NX v22.6.4 Daemon Server] - 2026-04-10T16:26:55.339Z - [WATCHER]: 3 file(s) created or restored, 0 file(s) modified, 0 file(s) deleted
[NX v22.6.4 Daemon Server] - 2026-04-10T16:26:55.339Z - [SYNC]: clearing sync generators cache due to file changes
[NX v22.6.4 Daemon Server] - 2026-04-10T16:26:55.471Z - [REQUEST]: Updated workspace context based on watched changes, recomputing project graph...
[NX v22.6.4 Daemon Server] - 2026-04-10T16:26:55.471Z - [REQUEST]: src/app/pages/application/job-tracker/job-card/job-card.html,src/app/pages/application/job-tracker/job-tracker.ts,firebase-debug.log
[NX v22.6.4 Daemon Server] - 2026-04-10T16:26:55.471Z - [REQUEST]: 
[NX v22.6.4 Daemon Server] - 2026-04-10T16:26:55.495Z - Time taken for 'hash changed files from watcher' 23.47840000130236ms
Time taken for 'plugin worker 3460 code loading' 158.46460000000002ms
Time taken for 'plugin worker 31340 code loading' 156.48219999999998ms
[NX v22.6.4 Daemon Server] - 2026-04-10T16:26:55.678Z - Time taken for 'start-plugin-worker:nx/js/dependencies-and-lockfile' 206.16669999994338ms
Time taken for 'plugin worker 9160 code loading' 160.0601ms
[NX v22.6.4 Daemon Server] - 2026-04-10T16:26:55.691Z - Time taken for 'start-plugin-worker:nx/core/package-json' 212.09310000017285ms
[NX v22.6.4 Daemon Server] - 2026-04-10T16:26:55.691Z - Time taken for 'start-plugin-worker:nx/core/project-json' 205.01130000129342ms
[NX v22.6.4 Daemon Server] - 2026-04-10T16:26:55.839Z - Time taken for 'build-project-configs' 360.0896000005305ms
[NX v22.6.4 Daemon Server] - 2026-04-10T16:26:55.839Z - Time taken for 'createNodes:merge' 0.9901000000536442ms
[NX v22.6.4 Daemon Server] - 2026-04-10T16:26:55.839Z - Time taken for 'get-all-workspace-files' 0.11499999836087227ms
Time taken for 'nx/js/dependencies-and-lockfile:createNodes' 13.66840000000002ms
[NX v22.6.4 Daemon Server] - 2026-04-10T16:26:55.868Z - [SYNC]: collect registered sync generators
[NX v22.6.4 Daemon Server] - 2026-04-10T16:26:55.868Z - [SYNC]: project graph hash is the same, not collecting task sync generators
[NX v22.6.4 Daemon Server] - 2026-04-10T16:26:55.868Z - [SYNC]: nx.json hash is the same, not collecting global sync generators
[NX v22.6.4 Daemon Server] - 2026-04-10T16:26:55.868Z - Serializing response for PROJECT_GRAPH_UPDATED message in json mode
[NX v22.6.4 Daemon Server] - 2026-04-10T16:26:55.871Z - Responding to PROJECT_GRAPH_UPDATED message
[NX v22.6.4 Daemon Server] - 2026-04-10T16:26:55.871Z - [REQUEST]: Responding to the client. Project graph updated
[NX v22.6.4 Daemon Server] - 2026-04-10T16:26:55.872Z - Time taken for 'total execution time for createProjectGraph()' 32.09110000170767ms
[NX v22.6.4 Daemon Server] - 2026-04-10T16:26:55.872Z - Time taken for 'createDependencies' 28.165099998936057ms
[NX v22.6.4 Daemon Server] - 2026-04-10T16:26:55.872Z - Time taken for 'nx/js/dependencies-and-lockfile:createDependencies' 27.99040000140667ms
[NX v22.6.4 Daemon Server] - 2026-04-10T16:26:55.872Z - Time taken for 'createMetadata' 0.020600000396370888ms
[NX v22.6.4 Daemon Server] - 2026-04-10T16:26:55.872Z - Time taken for 'serialize graph' 2.9989000000059605ms
[NX v22.6.4 Daemon Server] - 2026-04-10T16:26:55.874Z - Done responding to the client Project graph updated
[NX v22.6.4 Daemon Server] - 2026-04-10T16:26:55.874Z - Handled json message PROJECT_GRAPH_UPDATED. Handling time: 0. Response time: 6.
[NX v22.6.4 Daemon Client] - 2026-04-10T16:26:55.874Z - [Messenger] Received message, length: 633984
[NX v22.6.4 Daemon Server] - 2026-04-10T16:26:56.887Z - Established a connection. Number of open connections: 3
[NX v22.6.4 Daemon Server] - 2026-04-10T16:26:56.887Z - Closed a connection. Number of open connections: 2
[NX v22.6.4 Daemon Client] - 2026-04-10T16:26:56.887Z - [Messenger] Sending message type: GET_CONTEXT_FILE_DATA
[NX v22.6.4 Daemon Client] - 2026-04-10T16:26:56.888Z - [Messenger] Message sent
[NX v22.6.4 Daemon Server] - 2026-04-10T16:26:56.888Z - Received raw message of length 32
[NX v22.6.4 Daemon Server] - 2026-04-10T16:26:56.888Z - Received json message of type GET_CONTEXT_FILE_DATA
[NX v22.6.4 Daemon Server] - 2026-04-10T16:26:56.889Z - Serializing response for GET_CONTEXT_FILE_DATA message in json mode
[NX v22.6.4 Daemon Server] - 2026-04-10T16:26:56.889Z - Responding to GET_CONTEXT_FILE_DATA message
[NX v22.6.4 Daemon Server] - 2026-04-10T16:26:56.889Z - [REQUEST]: Responding to the client. handleContextFileData
[NX v22.6.4 Daemon Server] - 2026-04-10T16:26:56.889Z - Done responding to the client handleContextFileData
[NX v22.6.4 Daemon Server] - 2026-04-10T16:26:56.889Z - Handled json message GET_CONTEXT_FILE_DATA. Handling time: 1. Response time: 0.
[NX v22.6.4 Daemon Client] - 2026-04-10T16:26:56.889Z - [Messenger] Received message, length: 26993
[NX v22.6.4 Daemon Server] - 2026-04-10T16:26:57.066Z - Closed a connection. Number of open connections: 1
[NX v22.6.4 Daemon Client] - 2026-04-10T16:26:57.066Z - [ProjectGraphListener] Socket closed, triggering reconnection
[NX v22.6.4 Daemon Server] - 2026-04-10T16:26:57.068Z - Established a connection. Number of open connections: 2
[NX v22.6.4 Daemon Server] - 2026-04-10T16:26:57.068Z - Closed a connection. Number of open connections: 1
[NX v22.6.4 Daemon Server] - 2026-04-10T16:26:57.068Z - Established a connection. Number of open connections: 2
[NX v22.6.4 Daemon Client] - 2026-04-10T16:26:57.068Z - [Messenger] Setting up socket listeners
[NX v22.6.4 Daemon Client] - 2026-04-10T16:26:57.068Z - [Messenger] listen() complete
[NX v22.6.4 Daemon Client] - 2026-04-10T16:26:57.068Z - [Messenger] Sending message type: REGISTER_PROJECT_GRAPH_LISTENER
[NX v22.6.4 Daemon Client] - 2026-04-10T16:26:57.069Z - [Messenger] Message sent
[NX v22.6.4 Daemon Server] - 2026-04-10T16:26:57.069Z - Received raw message of length 42
[NX v22.6.4 Daemon Server] - 2026-04-10T16:26:57.069Z - Received json message of type REGISTER_PROJECT_GRAPH_LISTENER
[NX v22.6.4 Daemon Server] - 2026-04-10T16:27:05.303Z - [Server] lock file hash changed! old=3156717404196621087, new=18017904781391953767
[NX v22.6.4 Daemon Server] - 2026-04-10T16:27:05.303Z - [Server] Daemon outdated: LOCK_FILES_CHANGED
[NX v22.6.4 Daemon Server] - 2026-04-10T16:27:05.303Z - [Server] Restarting daemon...
[NX v22.6.4 Daemon Server] - 2026-04-10T16:27:05.305Z - Restarting daemon with script: c:\Users\frontend_coder\Documents\projects\ai-job-seek-helper\app\careerforgeai\node_modules\nx\src\daemon\server\start.js
[NX v22.6.4 Daemon Server] - 2026-04-10T16:27:05.305Z - Old daemon __dirname: c:\Users\frontend_coder\Documents\projects\ai-job-seek-helper\app\careerforgeai\node_modules\nx\src\daemon\server
[NX v22.6.4 Daemon Server] - 2026-04-10T16:27:05.305Z - Current process.execPath: C:\nvm4w\nodejs\node.exe
[NX v22.6.4 Daemon Server] - 2026-04-10T16:27:05.311Z - Started new daemon process in background
[NX v22.6.4 Daemon Server] - 2026-04-10T16:27:05.312Z - [WATCHER]: Stopping the watcher for c:\Users\frontend_coder\Documents\projects\ai-job-seek-helper\app\careerforgeai (sources)
[NX v22.6.4 Daemon Server] - 2026-04-10T16:27:05.312Z - Closed a connection. Number of open connections: 1
[NX v22.6.4 Daemon Server] - 2026-04-10T16:27:05.312Z - Closed a connection. Number of open connections: 0
[NX v22.6.4 Daemon Client] - 2026-04-10T16:27:05.312Z - [ProjectGraphListener] Socket closed, triggering reconnection
[NX v22.6.4 Daemon Client] - 2026-04-10T16:27:05.312Z - [ProjectGraphListener] Starting reconnection for 1 callbacks
[NX v22.6.4 Daemon Client] - 2026-04-10T16:27:05.313Z - [Client] Waiting for server (max: 6000 attempts, 10ms interval)
[NX v22.6.4 Daemon Server] - 2026-04-10T16:27:05.605Z - New daemon starting from: c:\Users\frontend_coder\Documents\projects\ai-job-seek-helper\app\careerforgeai\node_modules\nx\src\daemon\server\server.js
[NX v22.6.4 Daemon Server] - 2026-04-10T16:27:05.605Z - New daemon __dirname: c:\Users\frontend_coder\Documents\projects\ai-job-seek-helper\app\careerforgeai\node_modules\nx\src\daemon\server
[NX v22.6.4 Daemon Server] - 2026-04-10T16:27:05.605Z - New daemon nxVersion: 22.6.4
[NX v22.6.4 Daemon Server] - 2026-04-10T16:27:05.606Z - New daemon getInstalledNxVersion(): 22.6.4
[NX v22.6.4 Daemon Server] - 2026-04-10T16:27:05.607Z - Time taken for 'workspace context init' 0.8676999999999566ms
[NX v22.6.4 Daemon Server] - 2026-04-10T16:27:05.608Z - [Server] Starting outdated check interval (20ms)
[NX v22.6.4 Daemon Server] - 2026-04-10T16:27:05.610Z - Started listening on: \\.\pipe\nx\C:\Users\FRONTE~1\AppData\Local\Temp\676dac7af9ee1e72089c\d.sock
[NX v22.6.4 Daemon Server] - 2026-04-10T16:27:05.611Z - [WATCHER]: Subscribed to changes within: c:\Users\frontend_coder\Documents\projects\ai-job-seek-helper\app\careerforgeai (native)
[NX v22.6.4 Daemon Server] - 2026-04-10T16:27:05.612Z - [LATEST-NX]: Pulling latest Nx...
Fetching nx...
[NX v22.6.4 Daemon Client] - 2026-04-10T16:27:05.617Z - [Client] Server available after 19 attempts
[NX v22.6.4 Daemon Client] - 2026-04-10T16:27:05.618Z - [Messenger] Setting up socket listeners
[NX v22.6.4 Daemon Client] - 2026-04-10T16:27:05.618Z - [Messenger] listen() complete
[NX v22.6.4 Daemon Client] - 2026-04-10T16:27:05.618Z - [Messenger] Sending message type: REGISTER_PROJECT_GRAPH_LISTENER
[NX v22.6.4 Daemon Client] - 2026-04-10T16:27:05.619Z - [Messenger] Message sent
[NX v22.6.4 Daemon Client] - 2026-04-10T16:27:05.619Z - [ProjectGraphListener] Reconnected successfully
[NX v22.6.4 Daemon Server] - 2026-04-10T16:27:05.804Z - [AI-AGENTS]: Starting agent configuration status computation
[NX v22.6.4 Daemon Server] - 2026-04-10T16:27:05.843Z - Established a connection. Number of open connections: 1
[NX v22.6.4 Daemon Server] - 2026-04-10T16:27:05.843Z - Established a connection. Number of open connections: 2
[NX v22.6.4 Daemon Server] - 2026-04-10T16:27:05.845Z - Time taken for 'loadSpecifiedNxPlugins' 32.482200000000034ms
[NX v22.6.4 Daemon Server] - 2026-04-10T16:27:05.845Z - Closed a connection. Number of open connections: 1
[NX v22.6.4 Daemon Server] - 2026-04-10T16:27:05.848Z - Received raw message of length 42
[NX v22.6.4 Daemon Server] - 2026-04-10T16:27:05.849Z - Received json message of type REGISTER_PROJECT_GRAPH_LISTENER
Time taken for 'plugin worker 2356 code loading' 195.0728ms
[NX v22.6.4 Daemon Server] - 2026-04-10T16:27:06.056Z - Time taken for 'start-plugin-worker:c:\Users\frontend_coder\Documents\projects\ai-job-seek-helper\app\careerforgeai\node_modules\nx\src\plugins\js' 245.79129999999998ms
Time taken for 'plugin worker 29912 code loading' 196.0131ms
[NX v22.6.4 Daemon Server] - 2026-04-10T16:27:06.066Z - Time taken for 'start-plugin-worker:c:\Users\frontend_coder\Documents\projects\ai-job-seek-helper\app\careerforgeai\node_modules\nx\src\adapter\angular-json' 249.6012ms
Time taken for 'plugin worker 23916 code loading' 190.5853ms
[NX v22.6.4 Daemon Server] - 2026-04-10T16:27:06.077Z - Time taken for 'start-plugin-worker:c:\Users\frontend_coder\Documents\projects\ai-job-seek-helper\app\careerforgeai\node_modules\nx\src\plugins\package-json' 252.4939ms
Time taken for 'plugin worker 700 code loading' 195.0392ms
[NX v22.6.4 Daemon Server] - 2026-04-10T16:27:06.088Z - Time taken for 'start-plugin-worker:c:\Users\frontend_coder\Documents\projects\ai-job-seek-helper\app\careerforgeai\node_modules\nx\src\plugins\project-json\build-nodes\project-json' 254.49809999999997ms
[NX v22.6.4 Daemon Server] - 2026-04-10T16:27:06.161Z - Time taken for 'Load Nx Plugin: c:\Users\frontend_coder\Documents\projects\ai-job-seek-helper\app\careerforgeai\node_modules\nx\src\adapter\angular-json' 352.26140000000004ms
[NX v22.6.4 Daemon Server] - 2026-04-10T16:27:06.168Z - Time taken for 'Load Nx Plugin: c:\Users\frontend_coder\Documents\projects\ai-job-seek-helper\app\careerforgeai\node_modules\nx\src\plugins\js' 360.1368ms
[NX v22.6.4 Daemon Server] - 2026-04-10T16:27:06.175Z - Time taken for 'Load Nx Plugin: c:\Users\frontend_coder\Documents\projects\ai-job-seek-helper\app\careerforgeai\node_modules\nx\src\plugins\package-json' 365.9055ms
[NX v22.6.4 Daemon Server] - 2026-04-10T16:27:06.177Z - [REQUEST]: Updated workspace context based on watched changes, recomputing project graph...
[NX v22.6.4 Daemon Server] - 2026-04-10T16:27:06.177Z - [REQUEST]: 
[NX v22.6.4 Daemon Server] - 2026-04-10T16:27:06.177Z - [REQUEST]: 
[NX v22.6.4 Daemon Server] - 2026-04-10T16:27:06.182Z - Time taken for 'loadDefaultNxPlugins' 369.6679ms
[NX v22.6.4 Daemon Server] - 2026-04-10T16:27:06.182Z - Time taken for 'Load Nx Plugin: c:\Users\frontend_coder\Documents\projects\ai-job-seek-helper\app\careerforgeai\node_modules\nx\src\plugins\project-json\build-nodes\project-json' 367.41679999999997ms
[NX v22.6.4 Daemon Server] - 2026-04-10T16:27:06.183Z - Time taken for 'hash changed files from watcher' 0.2841000000000804ms
[NX v22.6.4 Daemon Server] - 2026-04-10T16:27:06.218Z - Time taken for 'build-project-configs' 23.983999999999924ms
[NX v22.6.4 Daemon Server] - 2026-04-10T16:27:06.218Z - Time taken for 'createNodes:merge' 5.668299999999931ms
[NX v22.6.4 Daemon Server] - 2026-04-10T16:27:06.218Z - Time taken for 'native-file-deps' 0.0036000000000058208ms
[NX v22.6.4 Daemon Server] - 2026-04-10T16:27:06.218Z - Time taken for 'get-workspace-files' 0.6239000000000487ms
[NX v22.6.4 Daemon Server] - 2026-04-10T16:27:06.218Z - Time taken for 'get-all-workspace-files' 8.409700000000043ms
[NX v22.6.4 Daemon Server] - 2026-04-10T16:27:06.218Z - Time taken for 'read cache' 0.6426000000000158ms
Time taken for 'nx/js/dependencies-and-lockfile:createNodes' 11.160799999999995ms
[NX v22.6.4 Daemon Server] - 2026-04-10T16:27:06.244Z - [SYNC]: collect registered sync generators
[NX v22.6.4 Daemon Server] - 2026-04-10T16:27:06.245Z - Serializing response for PROJECT_GRAPH_UPDATED message in json mode
[NX v22.6.4 Daemon Server] - 2026-04-10T16:27:06.246Z - Responding to PROJECT_GRAPH_UPDATED message
[NX v22.6.4 Daemon Server] - 2026-04-10T16:27:06.246Z - [REQUEST]: Responding to the client. Project graph updated
[NX v22.6.4 Daemon Server] - 2026-04-10T16:27:06.247Z - Time taken for 'total execution time for createProjectGraph()' 30.33159999999998ms
[NX v22.6.4 Daemon Server] - 2026-04-10T16:27:06.247Z - Time taken for 'createDependencies' 25.069599999999923ms
[NX v22.6.4 Daemon Server] - 2026-04-10T16:27:06.247Z - Time taken for 'nx/js/dependencies-and-lockfile:createDependencies' 24.873199999999997ms
[NX v22.6.4 Daemon Server] - 2026-04-10T16:27:06.247Z - Time taken for 'createMetadata' 0.03279999999995198ms
[NX v22.6.4 Daemon Server] - 2026-04-10T16:27:06.247Z - Time taken for 'serialize graph' 1.2707000000000335ms
[NX v22.6.4 Daemon Client] - 2026-04-10T16:27:06.247Z - [Messenger] Received message, length: 284851
